2026-08-25 21:49:52,531 [INFO] trading_bot: Connecting to IBKR at 127.0.0.1:4002 (client_id=20)...
2026-08-25 21:49:52,531 [INFO] ib_insync.client: Connecting to 127.0.0.1:4002 with clientId 20...
2026-08-25 21:49:52,532 [INFO] ib_insync.client: Connected
2026-08-25 21:49:52,534 [INFO] ib_insync.client: Logged on to server version 176
2026-08-25 21:49:52,534 [INFO] ib_insync.client: API connection ready
2026-08-25 21:49:52,534 [INFO] ib_insync.wrapper: Warning 2104, reqId -1: La conexi\u00f3n al centro de datos funciona correctamente:eufarm
2026-08-25 21:49:52,534 [INFO] ib_insync.wrapper: Warning 2104, reqId -1: La conexi\u00f3n al centro de datos funciona correctamente:usopt
2026-08-25 21:49:52,539 [INFO] ib_insync.wrapper: Warning 2104, reqId -1: La conexi\u00f3n al centro de datos funciona correctamente:usfarm
2026-08-25 21:49:52,539 [INFO] ib_insync.wrapper: Warning 2106, reqId -1: La conexi\u00f3n al centro de datos HMDS funciona correctamente:euhmds
2026-08-25 21:49:52,539 [INFO] ib_insync.wrapper: Warning 2106, reqId -1: La conexi\u00f3n al centro de datos HMDS funciona correctamente:ushmds
2026-08-25 21:49:52,539 [INFO] ib_insync.wrapper: Warning 2158, reqId -1: La conexi\u00f3n de la granja de datos "sec-def" funciona correctamente:secdefeu
2026-08-25 21:49:52,539 [INFO] ib_insync.wrapper: position: Position(account='DUP435978', contract=Stock(conId=4815747, symbol='NVDA', exchange='NASDAQ', currency='USD', localSymbol='NVDA', tradingClass='NMS'), position=100.0, avgCost=207.20798)
2026-08-25 21:49:52,540 [INFO] ib_insync.wrapper: position: Position(account='DUP435978', contract=Stock(conId=76792991, symbol='TSLA', exchange='NASDAQ', currency='USD', localSymbol='TSLA', tradingClass='NMS'), position=3.0, avgCost=393.97333335)
2026-08-25 21:49:52,842 [INFO] ib_insync.wrapper: updatePortfolio: PortfolioItem(contract=Stock(conId=4815747, symbol='NVDA', right='0', primaryExchange='NASDAQ', currency='USD', localSymbol='NVDA', tradingClass='NMS'), position=100.0, marketPrice=212.40097045, marketValue=21240.1, averageCost=207.20798, unrealizedPNL=519.3, realizedPNL=0.0, account='DUP435978')
2026-08-25 21:49:52,842 [INFO] ib_insync.wrapper: updatePortfolio: PortfolioItem(contract=Stock(conId=76792991, symbol='TSLA', right='0', primaryExchange='NASDAQ', currency='USD', localSymbol='TSLA', tradingClass='NMS'), position=3.0, marketPrice=351.34786985, marketValue=1054.04, averageCost=393.97333335, unrealizedPNL=-127.88, realizedPNL=0.0, account='DUP435978')
2026-08-25 21:49:52,935 [INFO] ib_insync.ib: Synchronization complete
2026-08-25 21:49:52,936 [INFO] trading_bot: Successfully connected to IBKR and initialized subsystems.
2026-08-25 21:49:58,685 [ERROR] ib_insync.wrapper: Error 200, reqId 95: No se encuentra definici\u00f3n del activo solicitado, contract: Option(symbol='META', lastTradeDateOrContractMonth='20260909', strike=572.5, right='C', exchange='SMART')
2026-08-25 21:49:58,701 [ERROR] ib_insync.wrapper: Error 200, reqId 97: No se encuentra definici\u00f3n del activo solicitado, contract: Option(symbol='META', lastTradeDateOrContractMonth='20260909', strike=577.5, right='C', exchange='SMART')
2026-08-25 21:49:58,784 [ERROR] ib_insync.wrapper: Error 200, reqId 101: No se encuentra definici\u00f3n del activo solicitado, contract: Option(symbol='META', lastTradeDateOrContractMonth='20260909', strike=587.5, right='C', exchange='SMART')
2026-08-25 21:49:58,784 [ERROR] ib_insync.wrapper: Error 200, reqId 99: No se encuentra definici\u00f3n del activo solicitado, contract: Option(symbol='META', lastTradeDateOrContractMonth='20260909', strike=582.5, right='C', exchange='SMART')
2026-08-25 21:49:58,876 [ERROR] ib_insync.wrapper: Error 200, reqId 103: No se encuentra definici\u00f3n del activo solicitado, contract: Option(symbol='META', lastTradeDateOrContractMonth='20260909', strike=592.5, right='C', exchange='SMART')
2026-08-25 21:49:59,015 [ERROR] ib_insync.wrapper: Error 200, reqId 105: No se encuentra definici\u00f3n del activo solicitado, contract: Option(symbol='META', lastTradeDateOrContractMonth='20260909', strike=597.5, right='C', exchange='SMART')
2026-08-25 21:49:59,165 [ERROR] ib_insync.wrapper: Error 200, reqId 107: No se encuentra definici\u00f3n del activo solicitado, contract: Option(symbol='META', lastTradeDateOrContractMonth='20260909', strike=602.5, right='C', exchange='SMART')
2026-08-25 21:49:59,380 [ERROR] ib_insync.wrapper: Error 200, reqId 109: No se encuentra definici\u00f3n del activo solicitado, contract: Option(symbol='META', lastTradeDateOrContractMonth='20260909', strike=607.5, right='C', exchange='SMART')
2026-08-25 21:49:59,467 [ERROR] ib_insync.wrapper: Error 200, reqId 111: No se encuentra definici\u00f3n del activo solicitado, contract: Option(symbol='META', lastTradeDateOrContractMonth='20260909', strike=612.5, right='C', exchange='SMART')
2026-08-25 21:49:59,482 [ERROR] ib_insync.wrapper: Error 200, reqId 113: No se encuentra definici\u00f3n del activo solicitado, contract: Option(symbol='META', lastTradeDateOrContractMonth='20260909', strike=617.5, right='C', exchange='SMART')
2026-08-25 21:49:59,497 [ERROR] ib_insync.wrapper: Error 200, reqId 115: No se encuentra definici\u00f3n del activo solicitado, contract: Option(symbol='META', lastTradeDateOrContractMonth='20260909', strike=522.5, right='P', exchange='SMART')
2026-08-25 21:49:59,562 [ERROR] ib_insync.wrapper: Error 200, reqId 117: No se encuentra definici\u00f3n del activo solicitado, contract: Option(symbol='META', lastTradeDateOrContractMonth='20260909', strike=527.5, right='P', exchange='SMART')
2026-08-25 21:49:59,562 [ERROR] ib_insync.wrapper: Error 200, reqId 119: No se encuentra definici\u00f3n del activo solicitado, contract: Option(symbol='META', lastTradeDateOrContractMonth='20260909', strike=532.5, right='P', exchange='SMART')
2026-08-25 21:49:59,601 [ERROR] ib_insync.wrapper: Error 200, reqId 121: No se encuentra definici\u00f3n del activo solicitado, contract: Option(symbol='META', lastTradeDateOrContractMonth='20260909', strike=537.5, right='P', exchange='SMART')
2026-08-25 21:49:59,653 [ERROR] ib_insync.wrapper: Error 200, reqId 125: No se encuentra definici\u00f3n del activo solicitado, contract: Option(symbol='META', lastTradeDateOrContractMonth='20260909', strike=547.5, right='P', exchange='SMART')
2026-08-25 21:49:59,653 [ERROR] ib_insync.wrapper: Error 200, reqId 123: No se encuentra definici\u00f3n del activo solicitado, contract: Option(symbol='META', lastTradeDateOrContractMonth='20260909', strike=542.5, right='P', exchange='SMART')
2026-08-25 21:49:59,654 [ERROR] ib_insync.wrapper: Error 200, reqId 127: No se encuentra definici\u00f3n del activo solicitado, contract: Option(symbol='META', lastTradeDateOrContractMonth='20260909', strike=552.5, right='P', exchange='SMART')
2026-08-25 21:49:59,847 [ERROR] ib_insync.wrapper: Error 200, reqId 131: No se encuentra definici\u00f3n del activo solicitado, contract: Option(symbol='META', lastTradeDateOrContractMonth='20260909', strike=562.5, right='P', exchange='SMART')
2026-08-25 21:49:59,847 [ERROR] ib_insync.wrapper: Error 200, reqId 129: No se encuentra definici\u00f3n del activo solicitado, contract: Option(symbol='META', lastTradeDateOrContractMonth='20260909', strike=557.5, right='P', exchange='SMART')
2026-08-25 21:49:59,951 [ERROR] ib_insync.wrapper: Error 200, reqId 133: No se encuentra definici\u00f3n del activo solicitado, contract: Option(symbol='META', lastTradeDateOrContractMonth='20260909', strike=567.5, right='P', exchange='SMART')
2026-08-25 21:49:59,951 [WARNING] ib_insync.ib: Unknown contract: Option(symbol='META', lastTradeDateOrContractMonth='20260909', strike=572.5, right='C', exchange='SMART')
2026-08-25 21:49:59,951 [WARNING] ib_insync.ib: Unknown contract: Option(symbol='META', lastTradeDateOrContractMonth='20260909', strike=577.5, right='C', exchange='SMART')
2026-08-25 21:49:59,951 [WARNING] ib_insync.ib: Unknown contract: Option(symbol='META', lastTradeDateOrContractMonth='20260909', strike=582.5, right='C', exchange='SMART')
2026-08-25 21:49:59,951 [WARNING] ib_insync.ib: Unknown contract: Option(symbol='META', lastTradeDateOrContractMonth='20260909', strike=587.5, right='C', exchange='SMART')
2026-08-25 21:49:59,951 [WARNING] ib_insync.ib: Unknown contract: Option(symbol='META', lastTradeDateOrContractMonth='20260909', strike=592.5, right='C', exchange='SMART')
2026-08-25 21:49:59,951 [WARNING] ib_insync.ib: Unknown contract: Option(symbol='META', lastTradeDateOrContractMonth='20260909', strike=597.5, right='C', exchange='SMART')
2026-08-25 21:49:59,951 [WARNING] ib_insync.ib: Unknown contract: Option(symbol='META', lastTradeDateOrContractMonth='20260909', strike=602.5, right='C', exchange='SMART')
2026-08-25 21:49:59,951 [WARNING] ib_insync.ib: Unknown contract: Option(symbol='META', lastTradeDateOrContractMonth='20260909', strike=607.5, right='C', exchange='SMART')
2026-08-25 21:49:59,951 [WARNING] ib_insync.ib: Unknown contract: Option(symbol='META', lastTradeDateOrContractMonth='20260909', strike=612.5, right='C', exchange='SMART')
2026-08-25 21:49:59,967 [WARNING] ib_insync.ib: Unknown contract: Option(symbol='META', lastTradeDateOrContractMonth='20260909', strike=617.5, right='C', exchange='SMART')
2026-08-25 21:49:59,967 [WARNING] ib_insync.ib: Unknown contract: Option(symbol='META', lastTradeDateOrContractMonth='20260909', strike=522.5, right='P', exchange='SMART')
2026-08-25 21:49:59,967 [WARNING] ib_insync.ib: Unknown contract: Option(symbol='META', lastTradeDateOrContractMonth='20260909', strike=527.5, right='P', exchange='SMART')
2026-08-25 21:49:59,967 [WARNING] ib_insync.ib: Unknown contract: Option(symbol='META', lastTradeDateOrContractMonth='20260909', strike=532.5, right='P', exchange='SMART')
2026-08-25 21:49:59,967 [WARNING] ib_insync.ib: Unknown contract: Option(symbol='META', lastTradeDateOrContractMonth='20260909', strike=537.5, right='P', exchange='SMART')
2026-08-25 21:49:59,967 [WARNING] ib_insync.ib: Unknown contract: Option(symbol='META', lastTradeDateOrContractMonth='20260909', strike=542.5, right='P', exchange='SMART')
2026-08-25 21:49:59,967 [WARNING] ib_insync.ib: Unknown contract: Option(symbol='META', lastTradeDateOrContractMonth='20260909', strike=547.5, right='P', exchange='SMART')
2026-08-25 21:49:59,967 [WARNING] ib_insync.ib: Unknown contract: Option(symbol='META', lastTradeDateOrContractMonth='20260909', strike=552.5, right='P', exchange='SMART')
2026-08-25 21:49:59,967 [WARNING] ib_insync.ib: Unknown contract: Option(symbol='META', lastTradeDateOrContractMonth='20260909', strike=557.5, right='P', exchange='SMART')
2026-08-25 21:49:59,967 [WARNING] ib_insync.ib: Unknown contract: Option(symbol='META', lastTradeDateOrContractMonth='20260909', strike=562.5, right='P', exchange='SMART')
2026-08-25 21:49:59,967 [WARNING] ib_insync.ib: Unknown contract: Option(symbol='META', lastTradeDateOrContractMonth='20260909', strike=567.5, right='P', exchange='SMART')
2026-08-25 21:50:01,143 [ERROR] ib_insync.wrapper: Error 200, reqId 157: No se encuentra definici\u00f3n del activo solicitado, contract: Option(symbol='META', lastTradeDateOrContractMonth='20260911', strike=577.5, right='C', exchange='SMART')
2026-08-25 21:50:01,150 [ERROR] ib_insync.wrapper: Error 200, reqId 159: No se encuentra definici\u00f3n del activo solicitado, contract: Option(symbol='META', lastTradeDateOrContractMonth='20260911', strike=582.5, right='C', exchange='SMART')
2026-08-25 21:50:01,150 [ERROR] ib_insync.wrapper: Error 200, reqId 161: No se encuentra definici\u00f3n del activo solicitado, contract: Option(symbol='META', lastTradeDateOrContractMonth='20260911', strike=587.5, right='C', exchange='SMART')
2026-08-25 21:50:01,158 [ERROR] ib_insync.wrapper: Error 200, reqId 163: No se encuentra definici\u00f3n del activo solicitado, contract: Option(symbol='META', lastTradeDateOrContractMonth='20260911', strike=592.5, right='C', exchange='SMART')
2026-08-25 21:50:01,185 [ERROR] ib_insync.wrapper: Error 200, reqId 165: No se encuentra definici\u00f3n del activo solicitado, contract: Option(symbol='META', lastTradeDateOrContractMonth='20260911', strike=597.5, right='C', exchange='SMART')
2026-08-25 21:50:01,185 [ERROR] ib_insync.wrapper: Error 200, reqId 167: No se encuentra definici\u00f3n del activo solicitado, contract: Option(symbol='META', lastTradeDateOrContractMonth='20260911', strike=602.5, right='C', exchange='SMART')
2026-08-25 21:50:01,219 [ERROR] ib_insync.wrapper: Error 200, reqId 169: No se encuentra definici\u00f3n del activo solicitado, contract: Option(symbol='META', lastTradeDateOrContractMonth='20260911', strike=607.5, right='C', exchange='SMART')
2026-08-25 21:50:01,254 [ERROR] ib_insync.wrapper: Error 200, reqId 171: No se encuentra definici\u00f3n del activo solicitado, contract: Option(symbol='META', lastTradeDateOrContractMonth='20260911', strike=612.5, right='C', exchange='SMART')
2026-08-25 21:50:01,254 [ERROR] ib_insync.wrapper: Error 200, reqId 175: No se encuentra definici\u00f3n del activo solicitado, contract: Option(symbol='META', lastTradeDateOrContractMonth='20260911', strike=522.5, right='P', exchange='SMART')
2026-08-25 21:50:01,254 [ERROR] ib_insync.wrapper: Error 200, reqId 173: No se encuentra definici\u00f3n del activo solicitado, contract: Option(symbol='META', lastTradeDateOrContractMonth='20260911', strike=617.5, right='C', exchange='SMART')
2026-08-25 21:50:01,969 [WARNING] ib_insync.ib: Unknown contract: Option(symbol='META', lastTradeDateOrContractMonth='20260911', strike=577.5, right='C', exchange='SMART')
2026-08-25 21:50:01,969 [WARNING] ib_insync.ib: Unknown contract: Option(symbol='META', lastTradeDateOrContractMonth='20260911', strike=582.5, right='C', exchange='SMART')
2026-08-25 21:50:01,969 [WARNING] ib_insync.ib: Unknown contract: Option(symbol='META', lastTradeDateOrContractMonth='20260911', strike=587.5, right='C', exchange='SMART')
2026-08-25 21:50:01,969 [WARNING] ib_insync.ib: Unknown contract: Option(symbol='META', lastTradeDateOrContractMonth='20260911', strike=592.5, right='C', exchange='SMART')
2026-08-25 21:50:01,969 [WARNING] ib_insync.ib: Unknown contract: Option(symbol='META', lastTradeDateOrContractMonth='20260911', strike=597.5, right='C', exchange='SMART')
2026-08-25 21:50:01,969 [WARNING] ib_insync.ib: Unknown contract: Option(symbol='META', lastTradeDateOrContractMonth='20260911', strike=602.5, right='C', exchange='SMART')
2026-08-25 21:50:01,969 [WARNING] ib_insync.ib: Unknown contract: Option(symbol='META', lastTradeDateOrContractMonth='20260911', strike=607.5, right='C', exchange='SMART')
2026-08-25 21:50:01,969 [WARNING] ib_insync.ib: Unknown contract: Option(symbol='META', lastTradeDateOrContractMonth='20260911', strike=612.5, right='C', exchange='SMART')
2026-08-25 21:50:01,969 [WARNING] ib_insync.ib: Unknown contract: Option(symbol='META', lastTradeDateOrContractMonth='20260911', strike=617.5, right='C', exchange='SMART')
2026-08-25 21:50:01,969 [WARNING] ib_insync.ib: Unknown contract: Option(symbol='META', lastTradeDateOrContractMonth='20260911', strike=522.5, right='P', exchange='SMART')
2026-08-25 21:50:03,438 [ERROR] ib_insync.wrapper: Error 200, reqId 231: No se encuentra definici\u00f3n del activo solicitado, contract: Option(symbol='META', lastTradeDateOrContractMonth='20260918', strike=587.5, right='C', exchange='SMART')
2026-08-25 21:50:03,461 [ERROR] ib_insync.wrapper: Error 200, reqId 229: No se encuentra definici\u00f3n del activo solicitado, contract: Option(symbol='META', lastTradeDateOrContractMonth='20260918', strike=582.5, right='C', exchange='SMART')
2026-08-25 21:50:03,461 [ERROR] ib_insync.wrapper: Error 200, reqId 227: No se encuentra definici\u00f3n del activo solicitado, contract: Option(symbol='META', lastTradeDateOrContractMonth='20260918', strike=577.5, right='C', exchange='SMART')
2026-08-25 21:50:03,500 [ERROR] ib_insync.wrapper: Error 200, reqId 235: No se encuentra definici\u00f3n del activo solicitado, contract: Option(symbol='META', lastTradeDateOrContractMonth='20260918', strike=597.5, right='C', exchange='SMART')
2026-08-25 21:50:03,583 [ERROR] ib_insync.wrapper: Error 200, reqId 233: No se encuentra definici\u00f3n del activo solicitado, contract: Option(symbol='META', lastTradeDateOrContractMonth='20260918', strike=592.5, right='C', exchange='SMART')
2026-08-25 21:50:03,667 [ERROR] ib_insync.wrapper: Error 200, reqId 237: No se encuentra definici\u00f3n del activo solicitado, contract: Option(symbol='META', lastTradeDateOrContractMonth='20260918', strike=602.5, right='C', exchange='SMART')
2026-08-25 21:50:03,798 [ERROR] ib_insync.wrapper: Error 200, reqId 239: No se encuentra definici\u00f3n del activo solicitado, contract: Option(symbol='META', lastTradeDateOrContractMonth='20260918', strike=607.5, right='C', exchange='SMART')
2026-08-25 21:50:03,995 [ERROR] ib_insync.wrapper: Error 200, reqId 241: No se encuentra definici\u00f3n del activo solicitado, contract: Option(symbol='META', lastTradeDateOrContractMonth='20260918', strike=612.5, right='C', exchange='SMART')
2026-08-25 21:50:04,134 [ERROR] ib_insync.wrapper: Error 200, reqId 243: No se encuentra definici\u00f3n del activo solicitado, contract: Option(symbol='META', lastTradeDateOrContractMonth='20260918', strike=617.5, right='C', exchange='SMART')
2026-08-25 21:50:04,173 [ERROR] ib_insync.wrapper: Error 200, reqId 245: No se encuentra definici\u00f3n del activo solicitado, contract: Option(symbol='META', lastTradeDateOrContractMonth='20260918', strike=522.5, right='P', exchange='SMART')
2026-08-25 21:50:04,652 [WARNING] ib_insync.ib: Unknown contract: Option(symbol='META', lastTradeDateOrContractMonth='20260918', strike=577.5, right='C', exchange='SMART')
2026-08-25 21:50:04,652 [WARNING] ib_insync.ib: Unknown contract: Option(symbol='META', lastTradeDateOrContractMonth='20260918', strike=582.5, right='C', exchange='SMART')
2026-08-25 21:50:04,652 [WARNING] ib_insync.ib: Unknown contract: Option(symbol='META', lastTradeDateOrContractMonth='20260918', strike=587.5, right='C', exchange='SMART')
2026-08-25 21:50:04,652 [WARNING] ib_insync.ib: Unknown contract: Option(symbol='META', lastTradeDateOrContractMonth='20260918', strike=592.5, right='C', exchange='SMART')
2026-08-25 21:50:04,652 [WARNING] ib_insync.ib: Unknown contract: Option(symbol='META', lastTradeDateOrContractMonth='20260918', strike=597.5, right='C', exchange='SMART')
2026-08-25 21:50:04,652 [WARNING] ib_insync.ib: Unknown contract: Option(symbol='META', lastTradeDateOrContractMonth='20260918', strike=602.5, right='C', exchange='SMART')
2026-08-25 21:50:04,652 [WARNING] ib_insync.ib: Unknown contract: Option(symbol='META', lastTradeDateOrContractMonth='20260918', strike=607.5, right='C', exchange='SMART')
2026-08-25 21:50:04,652 [WARNING] ib_insync.ib: Unknown contract: Option(symbol='META', lastTradeDateOrContractMonth='20260918', strike=612.5, right='C', exchange='SMART')
2026-08-25 21:50:04,652 [WARNING] ib_insync.ib: Unknown contract: Option(symbol='META', lastTradeDateOrContractMonth='20260918', strike=617.5, right='C', exchange='SMART')
2026-08-25 21:50:04,652 [WARNING] ib_insync.ib: Unknown contract: Option(symbol='META', lastTradeDateOrContractMonth='20260918', strike=522.5, right='P', exchange='SMART')
2026-08-25 21:50:06,108 [ERROR] ib_insync.wrapper: Error 200, reqId 299: No se encuentra definici\u00f3n del activo solicitado, contract: Option(symbol='META', lastTradeDateOrContractMonth='20260925', strike=582.5, right='C', exchange='SMART')
2026-08-25 21:50:06,110 [ERROR] ib_insync.wrapper: Error 200, reqId 297: No se encuentra definici\u00f3n del activo solicitado, contract: Option(symbol='META', lastTradeDateOrContractMonth='20260925', strike=577.5, right='C', exchange='SMART')
2026-08-25 21:50:06,114 [ERROR] ib_insync.wrapper: Error 200, reqId 295: No se encuentra definici\u00f3n del activo solicitado, contract: Option(symbol='META', lastTradeDateOrContractMonth='20260925', strike=572.5, right='C', exchange='SMART')
2026-08-25 21:50:06,114 [ERROR] ib_insync.wrapper: Error 200, reqId 301: No se encuentra definici\u00f3n del activo solicitado, contract: Option(symbol='META', lastTradeDateOrContractMonth='20260925', strike=587.5, right='C', exchange='SMART')
2026-08-25 21:50:06,169 [ERROR] ib_insync.wrapper: Error 200, reqId 303: No se encuentra definici\u00f3n del activo solicitado, contract: Option(symbol='META', lastTradeDateOrContractMonth='20260925', strike=592.5, right='C', exchange='SMART')
2026-08-25 21:50:06,233 [ERROR] ib_insync.wrapper: Error 200, reqId 305: No se encuentra definici\u00f3n del activo solicitado, contract: Option(symbol='META', lastTradeDateOrContractMonth='20260925', strike=597.5, right='C', exchange='SMART')
2026-08-25 21:50:06,331 [ERROR] ib_insync.wrapper: Error 200, reqId 307: No se encuentra definici\u00f3n del activo solicitado, contract: Option(symbol='META', lastTradeDateOrContractMonth='20260925', strike=602.5, right='C', exchange='SMART')
2026-08-25 21:50:06,455 [ERROR] ib_insync.wrapper: Error 200, reqId 309: No se encuentra definici\u00f3n del activo solicitado, contract: Option(symbol='META', lastTradeDateOrContractMonth='20260925', strike=607.5, right='C', exchange='SMART')
2026-08-25 21:50:06,647 [ERROR] ib_insync.wrapper: Error 200, reqId 311: No se encuentra definici\u00f3n del activo solicitado, contract: Option(symbol='META', lastTradeDateOrContractMonth='20260925', strike=612.5, right='C', exchange='SMART')
2026-08-25 21:50:06,813 [ERROR] ib_insync.wrapper: Error 200, reqId 313: No se encuentra definici\u00f3n del activo solicitado, contract: Option(symbol='META', lastTradeDateOrContractMonth='20260925', strike=617.5, right='C', exchange='SMART')
2026-08-25 21:50:06,829 [ERROR] ib_insync.wrapper: Error 200, reqId 317: No se encuentra definici\u00f3n del activo solicitado, contract: Option(symbol='META', lastTradeDateOrContractMonth='20260925', strike=527.5, right='P', exchange='SMART')
2026-08-25 21:50:06,880 [ERROR] ib_insync.wrapper: Error 200, reqId 315: No se encuentra definici\u00f3n del activo solicitado, contract: Option(symbol='META', lastTradeDateOrContractMonth='20260925', strike=522.5, right='P', exchange='SMART')
2026-08-25 21:50:06,890 [ERROR] ib_insync.wrapper: Error 200, reqId 319: No se encuentra definici\u00f3n del activo solicitado, contract: Option(symbol='META', lastTradeDateOrContractMonth='20260925', strike=532.5, right='P', exchange='SMART')
2026-08-25 21:50:06,890 [ERROR] ib_insync.wrapper: Error 200, reqId 321: No se encuentra definici\u00f3n del activo solicitado, contract: Option(symbol='META', lastTradeDateOrContractMonth='20260925', strike=537.5, right='P', exchange='SMART')
2026-08-25 21:50:06,961 [ERROR] ib_insync.wrapper: Error 200, reqId 323: No se encuentra definici\u00f3n del activo solicitado, contract: Option(symbol='META', lastTradeDateOrContractMonth='20260925', strike=542.5, right='P', exchange='SMART')
2026-08-25 21:50:07,020 [ERROR] ib_insync.wrapper: Error 200, reqId 325: No se encuentra definici\u00f3n del activo solicitado, contract: Option(symbol='META', lastTradeDateOrContractMonth='20260925', strike=547.5, right='P', exchange='SMART')
2026-08-25 21:50:07,083 [ERROR] ib_insync.wrapper: Error 200, reqId 327: No se encuentra definici\u00f3n del activo solicitado, contract: Option(symbol='META', lastTradeDateOrContractMonth='20260925', strike=552.5, right='P', exchange='SMART')
2026-08-25 21:50:07,199 [ERROR] ib_insync.wrapper: Error 200, reqId 329: No se encuentra definici\u00f3n del activo solicitado, contract: Option(symbol='META', lastTradeDateOrContractMonth='20260925', strike=557.5, right='P', exchange='SMART')
2026-08-25 21:50:07,199 [ERROR] ib_insync.wrapper: Error 200, reqId 331: No se encuentra definici\u00f3n del activo solicitado, contract: Option(symbol='META', lastTradeDateOrContractMonth='20260925', strike=562.5, right='P', exchange='SMART')
2026-08-25 21:50:07,268 [ERROR] ib_insync.wrapper: Error 200, reqId 333: No se encuentra definici\u00f3n del activo solicitado, contract: Option(symbol='META', lastTradeDateOrContractMonth='20260925', strike=567.5, right='P', exchange='SMART')
2026-08-25 21:50:07,269 [WARNING] ib_insync.ib: Unknown contract: Option(symbol='META', lastTradeDateOrContractMonth='20260925', strike=572.5, right='C', exchange='SMART')
2026-08-25 21:50:07,269 [WARNING] ib_insync.ib: Unknown contract: Option(symbol='META', lastTradeDateOrContractMonth='20260925', strike=577.5, right='C', exchange='SMART')
2026-08-25 21:50:07,269 [WARNING] ib_insync.ib: Unknown contract: Option(symbol='META', lastTradeDateOrContractMonth='20260925', strike=582.5, right='C', exchange='SMART')
2026-08-25 21:50:07,270 [WARNING] ib_insync.ib: Unknown contract: Option(symbol='META', lastTradeDateOrContractMonth='20260925', strike=587.5, right='C', exchange='SMART')
2026-08-25 21:50:07,270 [WARNING] ib_insync.ib: Unknown contract: Option(symbol='META', lastTradeDateOrContractMonth='20260925', strike=592.5, right='C', exchange='SMART')
2026-08-25 21:50:07,270 [WARNING] ib_insync.ib: Unknown contract: Option(symbol='META', lastTradeDateOrContractMonth='20260925', strike=597.5, right='C', exchange='SMART')
2026-08-25 21:50:07,271 [WARNING] ib_insync.ib: Unknown contract: Option(symbol='META', lastTradeDateOrContractMonth='20260925', strike=602.5, right='C', exchange='SMART')
2026-08-25 21:50:07,271 [WARNING] ib_insync.ib: Unknown contract: Option(symbol='META', lastTradeDateOrContractMonth='20260925', strike=607.5, right='C', exchange='SMART')
2026-08-25 21:50:07,272 [WARNING] ib_insync.ib: Unknown contract: Option(symbol='META', lastTradeDateOrContractMonth='20260925', strike=612.5, right='C', exchange='SMART')
2026-08-25 21:50:07,272 [WARNING] ib_insync.ib: Unknown contract: Option(symbol='META', lastTradeDateOrContractMonth='20260925', strike=617.5, right='C', exchange='SMART')
2026-08-25 21:50:07,272 [WARNING] ib_insync.ib: Unknown contract: Option(symbol='META', lastTradeDateOrContractMonth='20260925', strike=522.5, right='P', exchange='SMART')
2026-08-25 21:50:07,272 [WARNING] ib_insync.ib: Unknown contract: Option(symbol='META', lastTradeDateOrContractMonth='20260925', strike=527.5, right='P', exchange='SMART')
2026-08-25 21:50:07,273 [WARNING] ib_insync.ib: Unknown contract: Option(symbol='META', lastTradeDateOrContractMonth='20260925', strike=532.5, right='P', exchange='SMART')
2026-08-25 21:50:07,273 [WARNING] ib_insync.ib: Unknown contract: Option(symbol='META', lastTradeDateOrContractMonth='20260925', strike=537.5, right='P', exchange='SMART')
2026-08-25 21:50:07,273 [WARNING] ib_insync.ib: Unknown contract: Option(symbol='META', lastTradeDateOrContractMonth='20260925', strike=542.5, right='P', exchange='SMART')
2026-08-25 21:50:07,273 [WARNING] ib_insync.ib: Unknown contract: Option(symbol='META', lastTradeDateOrContractMonth='20260925', strike=547.5, right='P', exchange='SMART')
2026-08-25 21:50:07,273 [WARNING] ib_insync.ib: Unknown contract: Option(symbol='META', lastTradeDateOrContractMonth='20260925', strike=552.5, right='P', exchange='SMART')
2026-08-25 21:50:07,274 [WARNING] ib_insync.ib: Unknown contract: Option(symbol='META', lastTradeDateOrContractMonth='20260925', strike=557.5, right='P', exchange='SMART')
2026-08-25 21:50:07,274 [WARNING] ib_insync.ib: Unknown contract: Option(symbol='META', lastTradeDateOrContractMonth='20260925', strike=562.5, right='P', exchange='SMART')
2026-08-25 21:50:07,274 [WARNING] ib_insync.ib: Unknown contract: Option(symbol='META', lastTradeDateOrContractMonth='20260925', strike=567.5, right='P', exchange='SMART')
2026-08-25 21:50:07,917 [ERROR] ib_insync.wrapper: Error 200, reqId 355: No se encuentra definici\u00f3n del activo solicitado, contract: Option(symbol='META', lastTradeDateOrContractMonth='20261002', strike=572.5, right='C', exchange='SMART')
2026-08-25 21:50:08,353 [ERROR] ib_insync.wrapper: Error 200, reqId 357: No se encuentra definici\u00f3n del activo solicitado, contract: Option(symbol='META', lastTradeDateOrContractMonth='20261002', strike=577.5, right='C', exchange='SMART')
2026-08-25 21:50:08,451 [ERROR] ib_insync.wrapper: Error 200, reqId 359: No se encuentra definici\u00f3n del activo solicitado, contract: Option(symbol='META', lastTradeDateOrContractMonth='20261002', strike=582.5, right='C', exchange='SMART')
2026-08-25 21:50:08,461 [ERROR] ib_insync.wrapper: Error 200, reqId 361: No se encuentra definici\u00f3n del activo solicitado, contract: Option(symbol='META', lastTradeDateOrContractMonth='20261002', strike=587.5, right='C', exchange='SMART')
2026-08-25 21:50:08,484 [ERROR] ib_insync.wrapper: Error 200, reqId 363: No se encuentra definici\u00f3n del activo solicitado, contract: Option(symbol='META', lastTradeDateOrContractMonth='20261002', strike=592.5, right='C', exchange='SMART')
2026-08-25 21:50:08,485 [ERROR] ib_insync.wrapper: Error 200, reqId 365: No se encuentra definici\u00f3n del activo solicitado, contract: Option(symbol='META', lastTradeDateOrContractMonth='20261002', strike=597.5, right='C', exchange='SMART')
2026-08-25 21:50:08,579 [ERROR] ib_insync.wrapper: Error 200, reqId 367: No se encuentra definici\u00f3n del activo solicitado, contract: Option(symbol='META', lastTradeDateOrContractMonth='20261002', strike=602.5, right='C', exchange='SMART')
2026-08-25 21:50:08,580 [ERROR] ib_insync.wrapper: Error 200, reqId 369: No se encuentra definici\u00f3n del activo solicitado, contract: Option(symbol='META', lastTradeDateOrContractMonth='20261002', strike=607.5, right='C', exchange='SMART')
2026-08-25 21:50:08,684 [ERROR] ib_insync.wrapper: Error 200, reqId 373: No se encuentra definici\u00f3n del activo solicitado, contract: Option(symbol='META', lastTradeDateOrContractMonth='20261002', strike=617.5, right='C', exchange='SMART')
2026-08-25 21:50:08,684 [ERROR] ib_insync.wrapper: Error 200, reqId 371: No se encuentra definici\u00f3n del activo solicitado, contract: Option(symbol='META', lastTradeDateOrContractMonth='20261002', strike=612.5, right='C', exchange='SMART')
2026-08-25 21:50:08,768 [ERROR] ib_insync.wrapper: Error 200, reqId 375: No se encuentra definici\u00f3n del activo solicitado, contract: Option(symbol='META', lastTradeDateOrContractMonth='20261002', strike=522.5, right='P', exchange='SMART')
2026-08-25 21:50:08,825 [ERROR] ib_insync.wrapper: Error 200, reqId 377: No se encuentra definici\u00f3n del activo solicitado, contract: Option(symbol='META', lastTradeDateOrContractMonth='20261002', strike=527.5, right='P', exchange='SMART')
2026-08-25 21:50:08,901 [ERROR] ib_insync.wrapper: Error 200, reqId 379: No se encuentra definici\u00f3n del activo solicitado, contract: Option(symbol='META', lastTradeDateOrContractMonth='20261002', strike=532.5, right='P', exchange='SMART')
2026-08-25 21:50:09,099 [ERROR] ib_insync.wrapper: Error 200, reqId 381: No se encuentra definici\u00f3n del activo solicitado, contract: Option(symbol='META', lastTradeDateOrContractMonth='20261002', strike=537.5, right='P', exchange='SMART')
2026-08-25 21:50:09,297 [ERROR] ib_insync.wrapper: Error 200, reqId 383: No se encuentra definici\u00f3n del activo solicitado, contract: Option(symbol='META', lastTradeDateOrContractMonth='20261002', strike=542.5, right='P', exchange='SMART')
2026-08-25 21:50:09,479 [ERROR] ib_insync.wrapper: Error 200, reqId 385: No se encuentra definici\u00f3n del activo solicitado, contract: Option(symbol='META', lastTradeDateOrContractMonth='20261002', strike=547.5, right='P', exchange='SMART')
2026-08-25 21:50:09,562 [ERROR] ib_insync.wrapper: Error 200, reqId 387: No se encuentra definici\u00f3n del activo solicitado, contract: Option(symbol='META', lastTradeDateOrContractMonth='20261002', strike=552.5, right='P', exchange='SMART')
2026-08-25 21:50:09,620 [ERROR] ib_insync.wrapper: Error 200, reqId 389: No se encuentra definici\u00f3n del activo solicitado, contract: Option(symbol='META', lastTradeDateOrContractMonth='20261002', strike=557.5, right='P', exchange='SMART')
2026-08-25 21:50:09,797 [ERROR] ib_insync.wrapper: Error 200, reqId 391: No se encuentra definici\u00f3n del activo solicitado, contract: Option(symbol='META', lastTradeDateOrContractMonth='20261002', strike=562.5, right='P', exchange='SMART')
2026-08-25 21:50:09,868 [ERROR] ib_insync.wrapper: Error 200, reqId 393: No se encuentra definici\u00f3n del activo solicitado, contract: Option(symbol='META', lastTradeDateOrContractMonth='20261002', strike=567.5, right='P', exchange='SMART')
2026-08-25 21:50:09,868 [WARNING] ib_insync.ib: Unknown contract: Option(symbol='META', lastTradeDateOrContractMonth='20261002', strike=572.5, right='C', exchange='SMART')
2026-08-25 21:50:09,868 [WARNING] ib_insync.ib: Unknown contract: Option(symbol='META', lastTradeDateOrContractMonth='20261002', strike=577.5, right='C', exchange='SMART')
2026-08-25 21:50:09,868 [WARNING] ib_insync.ib: Unknown contract: Option(symbol='META', lastTradeDateOrContractMonth='20261002', strike=582.5, right='C', exchange='SMART')
2026-08-25 21:50:09,868 [WARNING] ib_insync.ib: Unknown contract: Option(symbol='META', lastTradeDateOrContractMonth='20261002', strike=587.5, right='C', exchange='SMART')
2026-08-25 21:50:09,868 [WARNING] ib_insync.ib: Unknown contract: Option(symbol='META', lastTradeDateOrContractMonth='20261002', strike=592.5, right='C', exchange='SMART')
2026-08-25 21:50:09,868 [WARNING] ib_insync.ib: Unknown contract: Option(symbol='META', lastTradeDateOrContractMonth='20261002', strike=597.5, right='C', exchange='SMART')
2026-08-25 21:50:09,868 [WARNING] ib_insync.ib: Unknown contract: Option(symbol='META', lastTradeDateOrContractMonth='20261002', strike=602.5, right='C', exchange='SMART')
2026-08-25 21:50:09,868 [WARNING] ib_insync.ib: Unknown contract: Option(symbol='META', lastTradeDateOrContractMonth='20261002', strike=607.5, right='C', exchange='SMART')
2026-08-25 21:50:09,868 [WARNING] ib_insync.ib: Unknown contract: Option(symbol='META', lastTradeDateOrContractMonth='20261002', strike=612.5, right='C', exchange='SMART')
2026-08-25 21:50:09,868 [WARNING] ib_insync.ib: Unknown contract: Option(symbol='META', lastTradeDateOrContractMonth='20261002', strike=617.5, right='C', exchange='SMART')
2026-08-25 21:50:09,868 [WARNING] ib_insync.ib: Unknown contract: Option(symbol='META', lastTradeDateOrContractMonth='20261002', strike=522.5, right='P', exchange='SMART')
2026-08-25 21:50:09,868 [WARNING] ib_insync.ib: Unknown contract: Option(symbol='META', lastTradeDateOrContractMonth='20261002', strike=527.5, right='P', exchange='SMART')
2026-08-25 21:50:09,868 [WARNING] ib_insync.ib: Unknown contract: Option(symbol='META', lastTradeDateOrContractMonth='20261002', strike=532.5, right='P', exchange='SMART')
2026-08-25 21:50:09,868 [WARNING] ib_insync.ib: Unknown contract: Option(symbol='META', lastTradeDateOrContractMonth='20261002', strike=537.5, right='P', exchange='SMART')
2026-08-25 21:50:09,868 [WARNING] ib_insync.ib: Unknown contract: Option(symbol='META', lastTradeDateOrContractMonth='20261002', strike=542.5, right='P', exchange='SMART')
2026-08-25 21:50:09,868 [WARNING] ib_insync.ib: Unknown contract: Option(symbol='META', lastTradeDateOrContractMonth='20261002', strike=547.5, right='P', exchange='SMART')
2026-08-25 21:50:09,868 [WARNING] ib_insync.ib: Unknown contract: Option(symbol='META', lastTradeDateOrContractMonth='20261002', strike=552.5, right='P', exchange='SMART')
2026-08-25 21:50:09,868 [WARNING] ib_insync.ib: Unknown contract: Option(symbol='META', lastTradeDateOrContractMonth='20261002', strike=557.5, right='P', exchange='SMART')
2026-08-25 21:50:09,868 [WARNING] ib_insync.ib: Unknown contract: Option(symbol='META', lastTradeDateOrContractMonth='20261002', strike=562.5, right='P', exchange='SMART')
2026-08-25 21:50:09,868 [WARNING] ib_insync.ib: Unknown contract: Option(symbol='META', lastTradeDateOrContractMonth='20261002', strike=567.5, right='P', exchange='SMART')
2026-08-25 21:50:11,051 [ERROR] ib_insync.wrapper: Error 200, reqId 415: No se encuentra definici\u00f3n del activo solicitado, contract: Option(symbol='META', lastTradeDateOrContractMonth='20261016', strike=572.5, right='C', exchange='SMART')
2026-08-25 21:50:11,051 [ERROR] ib_insync.wrapper: Error 200, reqId 417: No se encuentra definici\u00f3n del activo solicitado, contract: Option(symbol='META', lastTradeDateOrContractMonth='20261016', strike=577.5, right='C', exchange='SMART')
2026-08-25 21:50:11,057 [ERROR] ib_insync.wrapper: Error 200, reqId 419: No se encuentra definici\u00f3n del activo solicitado, contract: Option(symbol='META', lastTradeDateOrContractMonth='20261016', strike=582.5, right='C', exchange='SMART')
2026-08-25 21:50:11,100 [ERROR] ib_insync.wrapper: Error 200, reqId 421: No se encuentra definici\u00f3n del activo solicitado, contract: Option(symbol='META', lastTradeDateOrContractMonth='20261016', strike=587.5, right='C', exchange='SMART')
2026-08-25 21:50:11,116 [ERROR] ib_insync.wrapper: Error 200, reqId 425: No se encuentra definici\u00f3n del activo solicitado, contract: Option(symbol='META', lastTradeDateOrContractMonth='20261016', strike=597.5, right='C', exchange='SMART')
2026-08-25 21:50:11,117 [ERROR] ib_insync.wrapper: Error 200, reqId 423: No se encuentra definici\u00f3n del activo solicitado, contract: Option(symbol='META', lastTradeDateOrContractMonth='20261016', strike=592.5, right='C', exchange='SMART')
2026-08-25 21:50:11,117 [ERROR] ib_insync.wrapper: Error 200, reqId 427: No se encuentra definici\u00f3n del activo solicitado, contract: Option(symbol='META', lastTradeDateOrContractMonth='20261016', strike=602.5, right='C', exchange='SMART')
2026-08-25 21:50:11,121 [ERROR] ib_insync.wrapper: Error 200, reqId 429: No se encuentra definici\u00f3n del activo solicitado, contract: Option(symbol='META', lastTradeDateOrContractMonth='20261016', strike=607.5, right='C', exchange='SMART')
2026-08-25 21:50:11,128 [ERROR] ib_insync.wrapper: Error 200, reqId 431: No se encuentra definici\u00f3n del activo solicitado, contract: Option(symbol='META', lastTradeDateOrContractMonth='20261016', strike=612.5, right='C', exchange='SMART')
2026-08-25 21:50:11,137 [ERROR] ib_insync.wrapper: Error 200, reqId 433: No se encuentra definici\u00f3n del activo solicitado, contract: Option(symbol='META', lastTradeDateOrContractMonth='20261016', strike=617.5, right='C', exchange='SMART')
2026-08-25 21:50:11,168 [ERROR] ib_insync.wrapper: Error 200, reqId 435: No se encuentra definici\u00f3n del activo solicitado, contract: Option(symbol='META', lastTradeDateOrContractMonth='20261016', strike=522.5, right='P', exchange='SMART')
2026-08-25 21:50:11,187 [ERROR] ib_insync.wrapper: Error 200, reqId 437: No se encuentra definici\u00f3n del activo solicitado, contract: Option(symbol='META', lastTradeDateOrContractMonth='20261016', strike=527.5, right='P', exchange='SMART')
2026-08-25 21:50:11,188 [ERROR] ib_insync.wrapper: Error 200, reqId 439: No se encuentra definici\u00f3n del activo solicitado, contract: Option(symbol='META', lastTradeDateOrContractMonth='20261016', strike=532.5, right='P', exchange='SMART')
2026-08-25 21:50:11,188 [ERROR] ib_insync.wrapper: Error 200, reqId 441: No se encuentra definici\u00f3n del activo solicitado, contract: Option(symbol='META', lastTradeDateOrContractMonth='20261016', strike=537.5, right='P', exchange='SMART')
2026-08-25 21:50:11,250 [ERROR] ib_insync.wrapper: Error 200, reqId 443: No se encuentra definici\u00f3n del activo solicitado, contract: Option(symbol='META', lastTradeDateOrContractMonth='20261016', strike=542.5, right='P', exchange='SMART')
2026-08-25 21:50:11,366 [ERROR] ib_insync.wrapper: Error 200, reqId 445: No se encuentra definici\u00f3n del activo solicitado, contract: Option(symbol='META', lastTradeDateOrContractMonth='20261016', strike=547.5, right='P', exchange='SMART')
2026-08-25 21:50:11,366 [ERROR] ib_insync.wrapper: Error 200, reqId 447: No se encuentra definici\u00f3n del activo solicitado, contract: Option(symbol='META', lastTradeDateOrContractMonth='20261016', strike=552.5, right='P', exchange='SMART')
2026-08-25 21:50:11,366 [ERROR] ib_insync.wrapper: Error 200, reqId 449: No se encuentra definici\u00f3n del activo solicitado, contract: Option(symbol='META', lastTradeDateOrContractMonth='20261016', strike=557.5, right='P', exchange='SMART')
2026-08-25 21:50:11,418 [ERROR] ib_insync.wrapper: Error 200, reqId 451: No se encuentra definici\u00f3n del activo solicitado, contract: Option(symbol='META', lastTradeDateOrContractMonth='20261016', strike=562.5, right='P', exchange='SMART')
2026-08-25 21:50:11,552 [ERROR] ib_insync.wrapper: Error 200, reqId 453: No se encuentra definici\u00f3n del activo solicitado, contract: Option(symbol='META', lastTradeDateOrContractMonth='20261016', strike=567.5, right='P', exchange='SMART')
2026-08-25 21:50:11,552 [WARNING] ib_insync.ib: Unknown contract: Option(symbol='META', lastTradeDateOrContractMonth='20261016', strike=572.5, right='C', exchange='SMART')
2026-08-25 21:50:11,552 [WARNING] ib_insync.ib: Unknown contract: Option(symbol='META', lastTradeDateOrContractMonth='20261016', strike=577.5, right='C', exchange='SMART')
2026-08-25 21:50:11,552 [WARNING] ib_insync.ib: Unknown contract: Option(symbol='META', lastTradeDateOrContractMonth='20261016', strike=582.5, right='C', exchange='SMART')
2026-08-25 21:50:11,552 [WARNING] ib_insync.ib: Unknown contract: Option(symbol='META', lastTradeDateOrContractMonth='20261016', strike=587.5, right='C', exchange='SMART')
2026-08-25 21:50:11,552 [WARNING] ib_insync.ib: Unknown contract: Option(symbol='META', lastTradeDateOrContractMonth='20261016', strike=592.5, right='C', exchange='SMART')
2026-08-25 21:50:11,552 [WARNING] ib_insync.ib: Unknown contract: Option(symbol='META', lastTradeDateOrContractMonth='20261016', strike=597.5, right='C', exchange='SMART')
2026-08-25 21:50:11,552 [WARNING] ib_insync.ib: Unknown contract: Option(symbol='META', lastTradeDateOrContractMonth='20261016', strike=602.5, right='C', exchange='SMART')
2026-08-25 21:50:11,555 [WARNING] ib_insync.ib: Unknown contract: Option(symbol='META', lastTradeDateOrContractMonth='20261016', strike=607.5, right='C', exchange='SMART')
2026-08-25 21:50:11,555 [WARNING] ib_insync.ib: Unknown contract: Option(symbol='META', lastTradeDateOrContractMonth='20261016', strike=612.5, right='C', exchange='SMART')
2026-08-25 21:50:11,555 [WARNING] ib_insync.ib: Unknown contract: Option(symbol='META', lastTradeDateOrContractMonth='20261016', strike=617.5, right='C', exchange='SMART')
2026-08-25 21:50:11,555 [WARNING] ib_insync.ib: Unknown contract: Option(symbol='META', lastTradeDateOrContractMonth='20261016', strike=522.5, right='P', exchange='SMART')
2026-08-25 21:50:11,555 [WARNING] ib_insync.ib: Unknown contract: Option(symbol='META', lastTradeDateOrContractMonth='20261016', strike=527.5, right='P', exchange='SMART')
2026-08-25 21:50:11,555 [WARNING] ib_insync.ib: Unknown contract: Option(symbol='META', lastTradeDateOrContractMonth='20261016', strike=532.5, right='P', exchange='SMART')
2026-08-25 21:50:11,555 [WARNING] ib_insync.ib: Unknown contract: Option(symbol='META', lastTradeDateOrContractMonth='20261016', strike=537.5, right='P', exchange='SMART')
2026-08-25 21:50:11,555 [WARNING] ib_insync.ib: Unknown contract: Option(symbol='META', lastTradeDateOrContractMonth='20261016', strike=542.5, right='P', exchange='SMART')
2026-08-25 21:50:11,555 [WARNING] ib_insync.ib: Unknown contract: Option(symbol='META', lastTradeDateOrContractMonth='20261016', strike=547.5, right='P', exchange='SMART')
2026-08-25 21:50:11,555 [WARNING] ib_insync.ib: Unknown contract: Option(symbol='META', lastTradeDateOrContractMonth='20261016', strike=552.5, right='P', exchange='SMART')
2026-08-25 21:50:11,555 [WARNING] ib_insync.ib: Unknown contract: Option(symbol='META', lastTradeDateOrContractMonth='20261016', strike=557.5, right='P', exchange='SMART')
2026-08-25 21:50:11,555 [WARNING] ib_insync.ib: Unknown contract: Option(symbol='META', lastTradeDateOrContractMonth='20261016', strike=562.5, right='P', exchange='SMART')
2026-08-25 21:50:11,555 [WARNING] ib_insync.ib: Unknown contract: Option(symbol='META', lastTradeDateOrContractMonth='20261016', strike=567.5, right='P', exchange='SMART')
2026-08-25 21:50:12,834 [ERROR] ib_insync.wrapper: Error 200, reqId 475: No se encuentra definici\u00f3n del activo solicitado, contract: Option(symbol='META', lastTradeDateOrContractMonth='20261120', strike=572.5, right='C', exchange='SMART')
2026-08-25 21:50:12,834 [ERROR] ib_insync.wrapper: Error 200, reqId 477: No se encuentra definici\u00f3n del activo solicitado, contract: Option(symbol='META', lastTradeDateOrContractMonth='20261120', strike=577.5, right='C', exchange='SMART')
2026-08-25 21:50:12,834 [ERROR] ib_insync.wrapper: Error 200, reqId 479: No se encuentra definici\u00f3n del activo solicitado, contract: Option(symbol='META', lastTradeDateOrContractMonth='20261120', strike=582.5, right='C', exchange='SMART')
2026-08-25 21:50:12,834 [ERROR] ib_insync.wrapper: Error 200, reqId 481: No se encuentra definici\u00f3n del activo solicitado, contract: Option(symbol='META', lastTradeDateOrContractMonth='20261120', strike=587.5, right='C', exchange='SMART')
2026-08-25 21:50:12,851 [ERROR] ib_insync.wrapper: Error 200, reqId 483: No se encuentra definici\u00f3n del activo solicitado, contract: Option(symbol='META', lastTradeDateOrContractMonth='20261120', strike=592.5, right='C', exchange='SMART')
2026-08-25 21:50:12,851 [ERROR] ib_insync.wrapper: Error 200, reqId 487: No se encuentra definici\u00f3n del activo solicitado, contract: Option(symbol='META', lastTradeDateOrContractMonth='20261120', strike=602.5, right='C', exchange='SMART')
2026-08-25 21:50:12,885 [ERROR] ib_insync.wrapper: Error 200, reqId 485: No se encuentra definici\u00f3n del activo solicitado, contract: Option(symbol='META', lastTradeDateOrContractMonth='20261120', strike=597.5, right='C', exchange='SMART')
2026-08-25 21:50:12,978 [ERROR] ib_insync.wrapper: Error 200, reqId 489: No se encuentra definici\u00f3n del activo solicitado, contract: Option(symbol='META', lastTradeDateOrContractMonth='20261120', strike=607.5, right='C', exchange='SMART')
2026-08-25 21:50:13,099 [ERROR] ib_insync.wrapper: Error 200, reqId 495: No se encuentra definici\u00f3n del activo solicitado, contract: Option(symbol='META', lastTradeDateOrContractMonth='20261120', strike=522.5, right='P', exchange='SMART')
2026-08-25 21:50:13,099 [ERROR] ib_insync.wrapper: Error 200, reqId 493: No se encuentra definici\u00f3n del activo solicitado, contract: Option(symbol='META', lastTradeDateOrContractMonth='20261120', strike=617.5, right='C', exchange='SMART')
2026-08-25 21:50:13,099 [ERROR] ib_insync.wrapper: Error 200, reqId 491: No se encuentra definici\u00f3n del activo solicitado, contract: Option(symbol='META', lastTradeDateOrContractMonth='20261120', strike=612.5, right='C', exchange='SMART')
2026-08-25 21:50:13,255 [ERROR] ib_insync.wrapper: Error 200, reqId 497: No se encuentra definici\u00f3n del activo solicitado, contract: Option(symbol='META', lastTradeDateOrContractMonth='20261120', strike=527.5, right='P', exchange='SMART')
2026-08-25 21:50:13,317 [ERROR] ib_insync.wrapper: Error 200, reqId 499: No se encuentra definici\u00f3n del activo solicitado, contract: Option(symbol='META', lastTradeDateOrContractMonth='20261120', strike=532.5, right='P', exchange='SMART')
2026-08-25 21:50:13,390 [ERROR] ib_insync.wrapper: Error 200, reqId 501: No se encuentra definici\u00f3n del activo solicitado, contract: Option(symbol='META', lastTradeDateOrContractMonth='20261120', strike=537.5, right='P', exchange='SMART')
2026-08-25 21:50:13,580 [ERROR] ib_insync.wrapper: Error 200, reqId 503: No se encuentra definici\u00f3n del activo solicitado, contract: Option(symbol='META', lastTradeDateOrContractMonth='20261120', strike=542.5, right='P', exchange='SMART')
2026-08-25 21:50:13,746 [ERROR] ib_insync.wrapper: Error 200, reqId 505: No se encuentra definici\u00f3n del activo solicitado, contract: Option(symbol='META', lastTradeDateOrContractMonth='20261120', strike=547.5, right='P', exchange='SMART')
2026-08-25 21:50:13,817 [ERROR] ib_insync.wrapper: Error 200, reqId 507: No se encuentra definici\u00f3n del activo solicitado, contract: Option(symbol='META', lastTradeDateOrContractMonth='20261120', strike=552.5, right='P', exchange='SMART')
2026-08-25 21:50:13,897 [ERROR] ib_insync.wrapper: Error 200, reqId 509: No se encuentra definici\u00f3n del activo solicitado, contract: Option(symbol='META', lastTradeDateOrContractMonth='20261120', strike=557.5, right='P', exchange='SMART')
2026-08-25 21:50:13,963 [ERROR] ib_insync.wrapper: Error 200, reqId 511: No se encuentra definici\u00f3n del activo solicitado, contract: Option(symbol='META', lastTradeDateOrContractMonth='20261120', strike=562.5, right='P', exchange='SMART')
2026-08-25 21:50:14,178 [ERROR] ib_insync.wrapper: Error 200, reqId 513: No se encuentra definici\u00f3n del activo solicitado, contract: Option(symbol='META', lastTradeDateOrContractMonth='20261120', strike=567.5, right='P', exchange='SMART')
2026-08-25 21:50:14,178 [WARNING] ib_insync.ib: Unknown contract: Option(symbol='META', lastTradeDateOrContractMonth='20261120', strike=572.5, right='C', exchange='SMART')
2026-08-25 21:50:14,178 [WARNING] ib_insync.ib: Unknown contract: Option(symbol='META', lastTradeDateOrContractMonth='20261120', strike=577.5, right='C', exchange='SMART')
2026-08-25 21:50:14,178 [WARNING] ib_insync.ib: Unknown contract: Option(symbol='META', lastTradeDateOrContractMonth='20261120', strike=582.5, right='C', exchange='SMART')
2026-08-25 21:50:14,178 [WARNING] ib_insync.ib: Unknown contract: Option(symbol='META', lastTradeDateOrContractMonth='20261120', strike=587.5, right='C', exchange='SMART')
2026-08-25 21:50:14,178 [WARNING] ib_insync.ib: Unknown contract: Option(symbol='META', lastTradeDateOrContractMonth='20261120', strike=592.5, right='C', exchange='SMART')
2026-08-25 21:50:14,178 [WARNING] ib_insync.ib: Unknown contract: Option(symbol='META', lastTradeDateOrContractMonth='20261120', strike=597.5, right='C', exchange='SMART')
2026-08-25 21:50:14,178 [WARNING] ib_insync.ib: Unknown contract: Option(symbol='META', lastTradeDateOrContractMonth='20261120', strike=602.5, right='C', exchange='SMART')
2026-08-25 21:50:14,178 [WARNING] ib_insync.ib: Unknown contract: Option(symbol='META', lastTradeDateOrContractMonth='20261120', strike=607.5, right='C', exchange='SMART')
2026-08-25 21:50:14,178 [WARNING] ib_insync.ib: Unknown contract: Option(symbol='META', lastTradeDateOrContractMonth='20261120', strike=612.5, right='C', exchange='SMART')
2026-08-25 21:50:14,178 [WARNING] ib_insync.ib: Unknown contract: Option(symbol='META', lastTradeDateOrContractMonth='20261120', strike=617.5, right='C', exchange='SMART')
2026-08-25 21:50:14,178 [WARNING] ib_insync.ib: Unknown contract: Option(symbol='META', lastTradeDateOrContractMonth='20261120', strike=522.5, right='P', exchange='SMART')
2026-08-25 21:50:14,178 [WARNING] ib_insync.ib: Unknown contract: Option(symbol='META', lastTradeDateOrContractMonth='20261120', strike=527.5, right='P', exchange='SMART')
2026-08-25 21:50:14,178 [WARNING] ib_insync.ib: Unknown contract: Option(symbol='META', lastTradeDateOrContractMonth='20261120', strike=532.5, right='P', exchange='SMART')
2026-08-25 21:50:14,178 [WARNING] ib_insync.ib: Unknown contract: Option(symbol='META', lastTradeDateOrContractMonth='20261120', strike=537.5, right='P', exchange='SMART')
2026-08-25 21:50:14,178 [WARNING] ib_insync.ib: Unknown contract: Option(symbol='META', lastTradeDateOrContractMonth='20261120', strike=542.5, right='P', exchange='SMART')
2026-08-25 21:50:14,178 [WARNING] ib_insync.ib: Unknown contract: Option(symbol='META', lastTradeDateOrContractMonth='20261120', strike=547.5, right='P', exchange='SMART')
2026-08-25 21:50:14,178 [WARNING] ib_insync.ib: Unknown contract: Option(symbol='META', lastTradeDateOrContractMonth='20261120', strike=552.5, right='P', exchange='SMART')
2026-08-25 21:50:14,178 [WARNING] ib_insync.ib: Unknown contract: Option(symbol='META', lastTradeDateOrContractMonth='20261120', strike=557.5, right='P', exchange='SMART')
2026-08-25 21:50:14,178 [WARNING] ib_insync.ib: Unknown contract: Option(symbol='META', lastTradeDateOrContractMonth='20261120', strike=562.5, right='P', exchange='SMART')
2026-08-25 21:50:14,178 [WARNING] ib_insync.ib: Unknown contract: Option(symbol='META', lastTradeDateOrContractMonth='20261120', strike=567.5, right='P', exchange='SMART')
2026-08-25 21:50:15,518 [ERROR] ib_insync.wrapper: Error 200, reqId 539: No se encuentra definici\u00f3n del activo solicitado, contract: Option(symbol='META', lastTradeDateOrContractMonth='20261218', strike=582.5, right='C', exchange='SMART')
2026-08-25 21:50:15,533 [ERROR] ib_insync.wrapper: Error 200, reqId 535: No se encuentra definici\u00f3n del activo solicitado, contract: Option(symbol='META', lastTradeDateOrContractMonth='20261218', strike=572.5, right='C', exchange='SMART')
2026-08-25 21:50:15,533 [ERROR] ib_insync.wrapper: Error 200, reqId 537: No se encuentra definici\u00f3n del activo solicitado, contract: Option(symbol='META', lastTradeDateOrContractMonth='20261218', strike=577.5, right='C', exchange='SMART')
2026-08-25 21:50:15,572 [ERROR] ib_insync.wrapper: Error 200, reqId 541: No se encuentra definici\u00f3n del activo solicitado, contract: Option(symbol='META', lastTradeDateOrContractMonth='20261218', strike=587.5, right='C', exchange='SMART')
2026-08-25 21:50:15,572 [ERROR] ib_insync.wrapper: Error 200, reqId 543: No se encuentra definici\u00f3n del activo solicitado, contract: Option(symbol='META', lastTradeDateOrContractMonth='20261218', strike=592.5, right='C', exchange='SMART')
2026-08-25 21:50:15,586 [ERROR] ib_insync.wrapper: Error 200, reqId 547: No se encuentra definici\u00f3n del activo solicitado, contract: Option(symbol='META', lastTradeDateOrContractMonth='20261218', strike=602.5, right='C', exchange='SMART')
2026-08-25 21:50:15,586 [ERROR] ib_insync.wrapper: Error 200, reqId 545: No se encuentra definici\u00f3n del activo solicitado, contract: Option(symbol='META', lastTradeDateOrContractMonth='20261218', strike=597.5, right='C', exchange='SMART')
2026-08-25 21:50:15,695 [ERROR] ib_insync.wrapper: Error 200, reqId 549: No se encuentra definici\u00f3n del activo solicitado, contract: Option(symbol='META', lastTradeDateOrContractMonth='20261218', strike=607.5, right='C', exchange='SMART')
2026-08-25 21:50:15,772 [ERROR] ib_insync.wrapper: Error 200, reqId 555: No se encuentra definici\u00f3n del activo solicitado, contract: Option(symbol='META', lastTradeDateOrContractMonth='20261218', strike=522.5, right='P', exchange='SMART')
2026-08-25 21:50:15,773 [ERROR] ib_insync.wrapper: Error 200, reqId 551: No se encuentra definici\u00f3n del activo solicitado, contract: Option(symbol='META', lastTradeDateOrContractMonth='20261218', strike=612.5, right='C', exchange='SMART')
2026-08-25 21:50:15,773 [ERROR] ib_insync.wrapper: Error 200, reqId 553: No se encuentra definici\u00f3n del activo solicitado, contract: Option(symbol='META', lastTradeDateOrContractMonth='20261218', strike=617.5, right='C', exchange='SMART')
2026-08-25 21:50:15,773 [ERROR] ib_insync.wrapper: Error 200, reqId 556: No se encuentra definici\u00f3n del activo solicitado, contract: Option(symbol='META', lastTradeDateOrContractMonth='20261218', strike=525.0, right='P', exchange='SMART')
2026-08-25 21:50:15,838 [ERROR] ib_insync.wrapper: Error 200, reqId 557: No se encuentra definici\u00f3n del activo solicitado, contract: Option(symbol='META', lastTradeDateOrContractMonth='20261218', strike=527.5, right='P', exchange='SMART')
2026-08-25 21:50:16,012 [ERROR] ib_insync.wrapper: Error 200, reqId 559: No se encuentra definici\u00f3n del activo solicitado, contract: Option(symbol='META', lastTradeDateOrContractMonth='20261218', strike=532.5, right='P', exchange='SMART')
2026-08-25 21:50:16,012 [ERROR] ib_insync.wrapper: Error 200, reqId 560: No se encuentra definici\u00f3n del activo solicitado, contract: Option(symbol='META', lastTradeDateOrContractMonth='20261218', strike=535.0, right='P', exchange='SMART')
2026-08-25 21:50:16,148 [ERROR] ib_insync.wrapper: Error 200, reqId 561: No se encuentra definici\u00f3n del activo solicitado, contract: Option(symbol='META', lastTradeDateOrContractMonth='20261218', strike=537.5, right='P', exchange='SMART')
2026-08-25 21:50:16,234 [ERROR] ib_insync.wrapper: Error 200, reqId 563: No se encuentra definici\u00f3n del activo solicitado, contract: Option(symbol='META', lastTradeDateOrContractMonth='20261218', strike=542.5, right='P', exchange='SMART')
2026-08-25 21:50:16,325 [ERROR] ib_insync.wrapper: Error 200, reqId 564: No se encuentra definici\u00f3n del activo solicitado, contract: Option(symbol='META', lastTradeDateOrContractMonth='20261218', strike=545.0, right='P', exchange='SMART')
2026-08-25 21:50:16,429 [ERROR] ib_insync.wrapper: Error 200, reqId 565: No se encuentra definici\u00f3n del activo solicitado, contract: Option(symbol='META', lastTradeDateOrContractMonth='20261218', strike=547.5, right='P', exchange='SMART')
2026-08-25 21:50:16,453 [ERROR] ib_insync.wrapper: Error 200, reqId 567: No se encuentra definici\u00f3n del activo solicitado, contract: Option(symbol='META', lastTradeDateOrContractMonth='20261218', strike=552.5, right='P', exchange='SMART')
2026-08-25 21:50:16,492 [ERROR] ib_insync.wrapper: Error 200, reqId 568: No se encuentra definici\u00f3n del activo solicitado, contract: Option(symbol='META', lastTradeDateOrContractMonth='20261218', strike=555.0, right='P', exchange='SMART')
2026-08-25 21:50:16,534 [ERROR] ib_insync.wrapper: Error 200, reqId 569: No se encuentra definici\u00f3n del activo solicitado, contract: Option(symbol='META', lastTradeDateOrContractMonth='20261218', strike=557.5, right='P', exchange='SMART')
2026-08-25 21:50:16,534 [ERROR] ib_insync.wrapper: Error 200, reqId 571: No se encuentra definici\u00f3n del activo solicitado, contract: Option(symbol='META', lastTradeDateOrContractMonth='20261218', strike=562.5, right='P', exchange='SMART')
2026-08-25 21:50:16,750 [ERROR] ib_insync.wrapper: Error 200, reqId 573: No se encuentra definici\u00f3n del activo solicitado, contract: Option(symbol='META', lastTradeDateOrContractMonth='20261218', strike=567.5, right='P', exchange='SMART')
2026-08-25 21:50:16,750 [WARNING] ib_insync.ib: Unknown contract: Option(symbol='META', lastTradeDateOrContractMonth='20261218', strike=572.5, right='C', exchange='SMART')
2026-08-25 21:50:16,750 [WARNING] ib_insync.ib: Unknown contract: Option(symbol='META', lastTradeDateOrContractMonth='20261218', strike=577.5, right='C', exchange='SMART')
2026-08-25 21:50:16,750 [WARNING] ib_insync.ib: Unknown contract: Option(symbol='META', lastTradeDateOrContractMonth='20261218', strike=582.5, right='C', exchange='SMART')
2026-08-25 21:50:16,750 [WARNING] ib_insync.ib: Unknown contract: Option(symbol='META', lastTradeDateOrContractMonth='20261218', strike=587.5, right='C', exchange='SMART')
2026-08-25 21:50:16,750 [WARNING] ib_insync.ib: Unknown contract: Option(symbol='META', lastTradeDateOrContractMonth='20261218', strike=592.5, right='C', exchange='SMART')
2026-08-25 21:50:16,750 [WARNING] ib_insync.ib: Unknown contract: Option(symbol='META', lastTradeDateOrContractMonth='20261218', strike=597.5, right='C', exchange='SMART')
2026-08-25 21:50:16,750 [WARNING] ib_insync.ib: Unknown contract: Option(symbol='META', lastTradeDateOrContractMonth='20261218', strike=602.5, right='C', exchange='SMART')
2026-08-25 21:50:16,750 [WARNING] ib_insync.ib: Unknown contract: Option(symbol='META', lastTradeDateOrContractMonth='20261218', strike=607.5, right='C', exchange='SMART')
2026-08-25 21:50:16,750 [WARNING] ib_insync.ib: Unknown contract: Option(symbol='META', lastTradeDateOrContractMonth='20261218', strike=612.5, right='C', exchange='SMART')
2026-08-25 21:50:16,750 [WARNING] ib_insync.ib: Unknown contract: Option(symbol='META', lastTradeDateOrContractMonth='20261218', strike=617.5, right='C', exchange='SMART')
2026-08-25 21:50:16,750 [WARNING] ib_insync.ib: Unknown contract: Option(symbol='META', lastTradeDateOrContractMonth='20261218', strike=522.5, right='P', exchange='SMART')
2026-08-25 21:50:16,750 [WARNING] ib_insync.ib: Unknown contract: Option(symbol='META', lastTradeDateOrContractMonth='20261218', strike=525.0, right='P', exchange='SMART')
2026-08-25 21:50:16,750 [WARNING] ib_insync.ib: Unknown contract: Option(symbol='META', lastTradeDateOrContractMonth='20261218', strike=527.5, right='P', exchange='SMART')
2026-08-25 21:50:16,750 [WARNING] ib_insync.ib: Unknown contract: Option(symbol='META', lastTradeDateOrContractMonth='20261218', strike=532.5, right='P', exchange='SMART')
2026-08-25 21:50:16,750 [WARNING] ib_insync.ib: Unknown contract: Option(symbol='META', lastTradeDateOrContractMonth='20261218', strike=535.0, right='P', exchange='SMART')
2026-08-25 21:50:16,750 [WARNING] ib_insync.ib: Unknown contract: Option(symbol='META', lastTradeDateOrContractMonth='20261218', strike=537.5, right='P', exchange='SMART')
2026-08-25 21:50:16,750 [WARNING] ib_insync.ib: Unknown contract: Option(symbol='META', lastTradeDateOrContractMonth='20261218', strike=542.5, right='P', exchange='SMART')
2026-08-25 21:50:16,750 [WARNING] ib_insync.ib: Unknown contract: Option(symbol='META', lastTradeDateOrContractMonth='20261218', strike=545.0, right='P', exchange='SMART')
2026-08-25 21:50:16,750 [WARNING] ib_insync.ib: Unknown contract: Option(symbol='META', lastTradeDateOrContractMonth='20261218', strike=547.5, right='P', exchange='SMART')
2026-08-25 21:50:16,750 [WARNING] ib_insync.ib: Unknown contract: Option(symbol='META', lastTradeDateOrContractMonth='20261218', strike=552.5, right='P', exchange='SMART')
2026-08-25 21:50:16,750 [WARNING] ib_insync.ib: Unknown contract: Option(symbol='META', lastTradeDateOrContractMonth='20261218', strike=555.0, right='P', exchange='SMART')
2026-08-25 21:50:16,750 [WARNING] ib_insync.ib: Unknown contract: Option(symbol='META', lastTradeDateOrContractMonth='20261218', strike=557.5, right='P', exchange='SMART')
2026-08-25 21:50:16,750 [WARNING] ib_insync.ib: Unknown contract: Option(symbol='META', lastTradeDateOrContractMonth='20261218', strike=562.5, right='P', exchange='SMART')
2026-08-25 21:50:16,750 [WARNING] ib_insync.ib: Unknown contract: Option(symbol='META', lastTradeDateOrContractMonth='20261218', strike=567.5, right='P', exchange='SMART')
2026-08-25 21:50:17,610 [ERROR] ib_insync.wrapper: Error 200, reqId 591: No se encuentra definici\u00f3n del activo solicitado, contract: Option(symbol='META', lastTradeDateOrContractMonth='20270115', strike=572.5, right='C', exchange='SMART')
2026-08-25 21:50:17,865 [ERROR] ib_insync.wrapper: Error 200, reqId 592: No se encuentra definici\u00f3n del activo solicitado, contract: Option(symbol='META', lastTradeDateOrContractMonth='20270115', strike=575.0, right='C', exchange='SMART')
2026-08-25 21:50:17,893 [ERROR] ib_insync.wrapper: Error 200, reqId 593: No se encuentra definici\u00f3n del activo solicitado, contract: Option(symbol='META', lastTradeDateOrContractMonth='20270115', strike=577.5, right='C', exchange='SMART')
2026-08-25 21:50:18,019 [ERROR] ib_insync.wrapper: Error 200, reqId 595: No se encuentra definici\u00f3n del activo solicitado, contract: Option(symbol='META', lastTradeDateOrContractMonth='20270115', strike=582.5, right='C', exchange='SMART')
2026-08-25 21:50:18,019 [ERROR] ib_insync.wrapper: Error 200, reqId 597: No se encuentra definici\u00f3n del activo solicitado, contract: Option(symbol='META', lastTradeDateOrContractMonth='20270115', strike=587.5, right='C', exchange='SMART')
2026-08-25 21:50:18,019 [ERROR] ib_insync.wrapper: Error 200, reqId 599: No se encuentra definici\u00f3n del activo solicitado, contract: Option(symbol='META', lastTradeDateOrContractMonth='20270115', strike=592.5, right='C', exchange='SMART')
2026-08-25 21:50:18,019 [ERROR] ib_insync.wrapper: Error 200, reqId 596: No se encuentra definici\u00f3n del activo solicitado, contract: Option(symbol='META', lastTradeDateOrContractMonth='20270115', strike=585.0, right='C', exchange='SMART')
2026-08-25 21:50:18,019 [ERROR] ib_insync.wrapper: Error 200, reqId 600: No se encuentra definici\u00f3n del activo solicitado, contract: Option(symbol='META', lastTradeDateOrContractMonth='20270115', strike=595.0, right='C', exchange='SMART')
2026-08-25 21:50:18,019 [ERROR] ib_insync.wrapper: Error 200, reqId 601: No se encuentra definici\u00f3n del activo solicitado, contract: Option(symbol='META', lastTradeDateOrContractMonth='20270115', strike=597.5, right='C', exchange='SMART')
2026-08-25 21:50:18,080 [ERROR] ib_insync.wrapper: Error 200, reqId 605: No se encuentra definici\u00f3n del activo solicitado, contract: Option(symbol='META', lastTradeDateOrContractMonth='20270115', strike=607.5, right='C', exchange='SMART')
2026-08-25 21:50:18,080 [ERROR] ib_insync.wrapper: Error 200, reqId 604: No se encuentra definici\u00f3n del activo solicitado, contract: Option(symbol='META', lastTradeDateOrContractMonth='20270115', strike=605.0, right='C', exchange='SMART')
2026-08-25 21:50:18,085 [ERROR] ib_insync.wrapper: Error 200, reqId 603: No se encuentra definici\u00f3n del activo solicitado, contract: Option(symbol='META', lastTradeDateOrContractMonth='20270115', strike=602.5, right='C', exchange='SMART')
2026-08-25 21:50:18,086 [ERROR] ib_insync.wrapper: Error 200, reqId 608: No se encuentra definici\u00f3n del activo solicitado, contract: Option(symbol='META', lastTradeDateOrContractMonth='20270115', strike=615.0, right='C', exchange='SMART')
2026-08-25 21:50:18,147 [ERROR] ib_insync.wrapper: Error 200, reqId 609: No se encuentra definici\u00f3n del activo solicitado, contract: Option(symbol='META', lastTradeDateOrContractMonth='20270115', strike=617.5, right='C', exchange='SMART')
2026-08-25 21:50:18,148 [ERROR] ib_insync.wrapper: Error 200, reqId 611: No se encuentra definici\u00f3n del activo solicitado, contract: Option(symbol='META', lastTradeDateOrContractMonth='20270115', strike=522.5, right='P', exchange='SMART')
2026-08-25 21:50:18,148 [ERROR] ib_insync.wrapper: Error 200, reqId 607: No se encuentra definici\u00f3n del activo solicitado, contract: Option(symbol='META', lastTradeDateOrContractMonth='20270115', strike=612.5, right='C', exchange='SMART')
2026-08-25 21:50:18,148 [ERROR] ib_insync.wrapper: Error 200, reqId 612: No se encuentra definici\u00f3n del activo solicitado, contract: Option(symbol='META', lastTradeDateOrContractMonth='20270115', strike=525.0, right='P', exchange='SMART')
2026-08-25 21:50:18,298 [ERROR] ib_insync.wrapper: Error 200, reqId 613: No se encuentra definici\u00f3n del activo solicitado, contract: Option(symbol='META', lastTradeDateOrContractMonth='20270115', strike=527.5, right='P', exchange='SMART')
2026-08-25 21:50:18,298 [ERROR] ib_insync.wrapper: Error 200, reqId 615: No se encuentra definici\u00f3n del activo solicitado, contract: Option(symbol='META', lastTradeDateOrContractMonth='20270115', strike=532.5, right='P', exchange='SMART')
2026-08-25 21:50:18,437 [ERROR] ib_insync.wrapper: Error 200, reqId 617: No se encuentra definici\u00f3n del activo solicitado, contract: Option(symbol='META', lastTradeDateOrContractMonth='20270115', strike=537.5, right='P', exchange='SMART')
2026-08-25 21:50:18,437 [ERROR] ib_insync.wrapper: Error 200, reqId 616: No se encuentra definici\u00f3n del activo solicitado, contract: Option(symbol='META', lastTradeDateOrContractMonth='20270115', strike=535.0, right='P', exchange='SMART')
2026-08-25 21:50:18,571 [ERROR] ib_insync.wrapper: Error 200, reqId 619: No se encuentra definici\u00f3n del activo solicitado, contract: Option(symbol='META', lastTradeDateOrContractMonth='20270115', strike=542.5, right='P', exchange='SMART')
2026-08-25 21:50:18,714 [ERROR] ib_insync.wrapper: Error 200, reqId 620: No se encuentra definici\u00f3n del activo solicitado, contract: Option(symbol='META', lastTradeDateOrContractMonth='20270115', strike=545.0, right='P', exchange='SMART')
2026-08-25 21:50:18,794 [ERROR] ib_insync.wrapper: Error 200, reqId 621: No se encuentra definici\u00f3n del activo solicitado, contract: Option(symbol='META', lastTradeDateOrContractMonth='20270115', strike=547.5, right='P', exchange='SMART')
2026-08-25 21:50:19,012 [ERROR] ib_insync.wrapper: Error 200, reqId 623: No se encuentra definici\u00f3n del activo solicitado, contract: Option(symbol='META', lastTradeDateOrContractMonth='20270115', strike=552.5, right='P', exchange='SMART')
2026-08-25 21:50:19,212 [ERROR] ib_insync.wrapper: Error 200, reqId 625: No se encuentra definici\u00f3n del activo solicitado, contract: Option(symbol='META', lastTradeDateOrContractMonth='20270115', strike=557.5, right='P', exchange='SMART')
2026-08-25 21:50:19,212 [ERROR] ib_insync.wrapper: Error 200, reqId 624: No se encuentra definici\u00f3n del activo solicitado, contract: Option(symbol='META', lastTradeDateOrContractMonth='20270115', strike=555.0, right='P', exchange='SMART')
2026-08-25 21:50:19,292 [ERROR] ib_insync.wrapper: Error 200, reqId 628: No se encuentra definici\u00f3n del activo solicitado, contract: Option(symbol='META', lastTradeDateOrContractMonth='20270115', strike=565.0, right='P', exchange='SMART')
2026-08-25 21:50:19,354 [ERROR] ib_insync.wrapper: Error 200, reqId 627: No se encuentra definici\u00f3n del activo solicitado, contract: Option(symbol='META', lastTradeDateOrContractMonth='20270115', strike=562.5, right='P', exchange='SMART')
2026-08-25 21:50:19,450 [ERROR] ib_insync.wrapper: Error 200, reqId 629: No se encuentra definici\u00f3n del activo solicitado, contract: Option(symbol='META', lastTradeDateOrContractMonth='20270115', strike=567.5, right='P', exchange='SMART')
2026-08-25 21:50:19,466 [WARNING] ib_insync.ib: Unknown contract: Option(symbol='META', lastTradeDateOrContractMonth='20270115', strike=572.5, right='C', exchange='SMART')
2026-08-25 21:50:19,466 [WARNING] ib_insync.ib: Unknown contract: Option(symbol='META', lastTradeDateOrContractMonth='20270115', strike=575.0, right='C', exchange='SMART')
2026-08-25 21:50:19,466 [WARNING] ib_insync.ib: Unknown contract: Option(symbol='META', lastTradeDateOrContractMonth='20270115', strike=577.5, right='C', exchange='SMART')
2026-08-25 21:50:19,466 [WARNING] ib_insync.ib: Unknown contract: Option(symbol='META', lastTradeDateOrContractMonth='20270115', strike=582.5, right='C', exchange='SMART')
2026-08-25 21:50:19,466 [WARNING] ib_insync.ib: Unknown contract: Option(symbol='META', lastTradeDateOrContractMonth='20270115', strike=585.0, right='C', exchange='SMART')
2026-08-25 21:50:19,466 [WARNING] ib_insync.ib: Unknown contract: Option(symbol='META', lastTradeDateOrContractMonth='20270115', strike=587.5, right='C', exchange='SMART')
2026-08-25 21:50:19,466 [WARNING] ib_insync.ib: Unknown contract: Option(symbol='META', lastTradeDateOrContractMonth='20270115', strike=592.5, right='C', exchange='SMART')
2026-08-25 21:50:19,466 [WARNING] ib_insync.ib: Unknown contract: Option(symbol='META', lastTradeDateOrContractMonth='20270115', strike=595.0, right='C', exchange='SMART')
2026-08-25 21:50:19,466 [WARNING] ib_insync.ib: Unknown contract: Option(symbol='META', lastTradeDateOrContractMonth='20270115', strike=597.5, right='C', exchange='SMART')
2026-08-25 21:50:19,466 [WARNING] ib_insync.ib: Unknown contract: Option(symbol='META', lastTradeDateOrContractMonth='20270115', strike=602.5, right='C', exchange='SMART')
2026-08-25 21:50:19,466 [WARNING] ib_insync.ib: Unknown contract: Option(symbol='META', lastTradeDateOrContractMonth='20270115', strike=605.0, right='C', exchange='SMART')
2026-08-25 21:50:19,466 [WARNING] ib_insync.ib: Unknown contract: Option(symbol='META', lastTradeDateOrContractMonth='20270115', strike=607.5, right='C', exchange='SMART')
2026-08-25 21:50:19,466 [WARNING] ib_insync.ib: Unknown contract: Option(symbol='META', lastTradeDateOrContractMonth='20270115', strike=612.5, right='C', exchange='SMART')
2026-08-25 21:50:19,466 [WARNING] ib_insync.ib: Unknown contract: Option(symbol='META', lastTradeDateOrContractMonth='20270115', strike=615.0, right='C', exchange='SMART')
2026-08-25 21:50:19,466 [WARNING] ib_insync.ib: Unknown contract: Option(symbol='META', lastTradeDateOrContractMonth='20270115', strike=617.5, right='C', exchange='SMART')
2026-08-25 21:50:19,466 [WARNING] ib_insync.ib: Unknown contract: Option(symbol='META', lastTradeDateOrContractMonth='20270115', strike=522.5, right='P', exchange='SMART')
2026-08-25 21:50:19,466 [WARNING] ib_insync.ib: Unknown contract: Option(symbol='META', lastTradeDateOrContractMonth='20270115', strike=525.0, right='P', exchange='SMART')
2026-08-25 21:50:19,466 [WARNING] ib_insync.ib: Unknown contract: Option(symbol='META', lastTradeDateOrContractMonth='20270115', strike=527.5, right='P', exchange='SMART')
2026-08-25 21:50:19,466 [WARNING] ib_insync.ib: Unknown contract: Option(symbol='META', lastTradeDateOrContractMonth='20270115', strike=532.5, right='P', exchange='SMART')
2026-08-25 21:50:19,466 [WARNING] ib_insync.ib: Unknown contract: Option(symbol='META', lastTradeDateOrContractMonth='20270115', strike=535.0, right='P', exchange='SMART')
2026-08-25 21:50:19,466 [WARNING] ib_insync.ib: Unknown contract: Option(symbol='META', lastTradeDateOrContractMonth='20270115', strike=537.5, right='P', exchange='SMART')
2026-08-25 21:50:19,466 [WARNING] ib_insync.ib: Unknown contract: Option(symbol='META', lastTradeDateOrContractMonth='20270115', strike=542.5, right='P', exchange='SMART')
2026-08-25 21:50:19,466 [WARNING] ib_insync.ib: Unknown contract: Option(symbol='META', lastTradeDateOrContractMonth='20270115', strike=545.0, right='P', exchange='SMART')
2026-08-25 21:50:19,466 [WARNING] ib_insync.ib: Unknown contract: Option(symbol='META', lastTradeDateOrContractMonth='20270115', strike=547.5, right='P', exchange='SMART')
2026-08-25 21:50:19,466 [WARNING] ib_insync.ib: Unknown contract: Option(symbol='META', lastTradeDateOrContractMonth='20270115', strike=552.5, right='P', exchange='SMART')
2026-08-25 21:50:19,466 [WARNING] ib_insync.ib: Unknown contract: Option(symbol='META', lastTradeDateOrContractMonth='20270115', strike=555.0, right='P', exchange='SMART')
2026-08-25 21:50:19,466 [WARNING] ib_insync.ib: Unknown contract: Option(symbol='META', lastTradeDateOrContractMonth='20270115', strike=557.5, right='P', exchange='SMART')
2026-08-25 21:50:19,466 [WARNING] ib_insync.ib: Unknown contract: Option(symbol='META', lastTradeDateOrContractMonth='20270115', strike=562.5, right='P', exchange='SMART')
2026-08-25 21:50:19,466 [WARNING] ib_insync.ib: Unknown contract: Option(symbol='META', lastTradeDateOrContractMonth='20270115', strike=565.0, right='P', exchange='SMART')
2026-08-25 21:50:19,466 [WARNING] ib_insync.ib: Unknown contract: Option(symbol='META', lastTradeDateOrContractMonth='20270115', strike=567.5, right='P', exchange='SMART')
2026-08-25 21:50:20,650 [ERROR] ib_insync.wrapper: Error 200, reqId 641: No se encuentra definici\u00f3n del activo solicitado, contract: Option(symbol='META', lastTradeDateOrContractMonth='20270219', strike=572.5, right='C', exchange='SMART')
2026-08-25 21:50:20,650 [ERROR] ib_insync.wrapper: Error 200, reqId 642: No se encuentra definici\u00f3n del activo solicitado, contract: Option(symbol='META', lastTradeDateOrContractMonth='20270219', strike=575.0, right='C', exchange='SMART')
2026-08-25 21:50:20,650 [ERROR] ib_insync.wrapper: Error 200, reqId 645: No se encuentra definici\u00f3n del activo solicitado, contract: Option(symbol='META', lastTradeDateOrContractMonth='20270219', strike=582.5, right='C', exchange='SMART')
2026-08-25 21:50:20,650 [ERROR] ib_insync.wrapper: Error 200, reqId 643: No se encuentra definici\u00f3n del activo solicitado, contract: Option(symbol='META', lastTradeDateOrContractMonth='20270219', strike=577.5, right='C', exchange='SMART')
2026-08-25 21:50:20,650 [ERROR] ib_insync.wrapper: Error 200, reqId 650: No se encuentra definici\u00f3n del activo solicitado, contract: Option(symbol='META', lastTradeDateOrContractMonth='20270219', strike=595.0, right='C', exchange='SMART')
2026-08-25 21:50:20,650 [ERROR] ib_insync.wrapper: Error 200, reqId 646: No se encuentra definici\u00f3n del activo solicitado, contract: Option(symbol='META', lastTradeDateOrContractMonth='20270219', strike=585.0, right='C', exchange='SMART')
2026-08-25 21:50:20,650 [ERROR] ib_insync.wrapper: Error 200, reqId 647: No se encuentra definici\u00f3n del activo solicitado, contract: Option(symbol='META', lastTradeDateOrContractMonth='20270219', strike=587.5, right='C', exchange='SMART')
2026-08-25 21:50:20,701 [ERROR] ib_insync.wrapper: Error 200, reqId 649: No se encuentra definici\u00f3n del activo solicitado, contract: Option(symbol='META', lastTradeDateOrContractMonth='20270219', strike=592.5, right='C', exchange='SMART')
2026-08-25 21:50:20,709 [ERROR] ib_insync.wrapper: Error 200, reqId 651: No se encuentra definici\u00f3n del activo solicitado, contract: Option(symbol='META', lastTradeDateOrContractMonth='20270219', strike=597.5, right='C', exchange='SMART')
2026-08-25 21:50:20,709 [ERROR] ib_insync.wrapper: Error 200, reqId 653: No se encuentra definici\u00f3n del activo solicitado, contract: Option(symbol='META', lastTradeDateOrContractMonth='20270219', strike=602.5, right='C', exchange='SMART')
2026-08-25 21:50:20,709 [ERROR] ib_insync.wrapper: Error 200, reqId 654: No se encuentra definici\u00f3n del activo solicitado, contract: Option(symbol='META', lastTradeDateOrContractMonth='20270219', strike=605.0, right='C', exchange='SMART')
2026-08-25 21:50:20,709 [ERROR] ib_insync.wrapper: Error 200, reqId 655: No se encuentra definici\u00f3n del activo solicitado, contract: Option(symbol='META', lastTradeDateOrContractMonth='20270219', strike=607.5, right='C', exchange='SMART')
2026-08-25 21:50:20,733 [ERROR] ib_insync.wrapper: Error 200, reqId 657: No se encuentra definici\u00f3n del activo solicitado, contract: Option(symbol='META', lastTradeDateOrContractMonth='20270219', strike=612.5, right='C', exchange='SMART')
2026-08-25 21:50:20,768 [ERROR] ib_insync.wrapper: Error 200, reqId 661: No se encuentra definici\u00f3n del activo solicitado, contract: Option(symbol='META', lastTradeDateOrContractMonth='20270219', strike=522.5, right='P', exchange='SMART')
2026-08-25 21:50:20,783 [ERROR] ib_insync.wrapper: Error 200, reqId 659: No se encuentra definici\u00f3n del activo solicitado, contract: Option(symbol='META', lastTradeDateOrContractMonth='20270219', strike=617.5, right='C', exchange='SMART')
2026-08-25 21:50:20,784 [ERROR] ib_insync.wrapper: Error 200, reqId 658: No se encuentra definici\u00f3n del activo solicitado, contract: Option(symbol='META', lastTradeDateOrContractMonth='20270219', strike=615.0, right='C', exchange='SMART')
2026-08-25 21:50:20,784 [ERROR] ib_insync.wrapper: Error 200, reqId 662: No se encuentra definici\u00f3n del activo solicitado, contract: Option(symbol='META', lastTradeDateOrContractMonth='20270219', strike=525.0, right='P', exchange='SMART')
2026-08-25 21:50:20,834 [ERROR] ib_insync.wrapper: Error 200, reqId 663: No se encuentra definici\u00f3n del activo solicitado, contract: Option(symbol='META', lastTradeDateOrContractMonth='20270219', strike=527.5, right='P', exchange='SMART')
2026-08-25 21:50:20,834 [ERROR] ib_insync.wrapper: Error 200, reqId 665: No se encuentra definici\u00f3n del activo solicitado, contract: Option(symbol='META', lastTradeDateOrContractMonth='20270219', strike=532.5, right='P', exchange='SMART')
2026-08-25 21:50:20,834 [ERROR] ib_insync.wrapper: Error 200, reqId 666: No se encuentra definici\u00f3n del activo solicitado, contract: Option(symbol='META', lastTradeDateOrContractMonth='20270219', strike=535.0, right='P', exchange='SMART')
2026-08-25 21:50:20,986 [ERROR] ib_insync.wrapper: Error 200, reqId 670: No se encuentra definici\u00f3n del activo solicitado, contract: Option(symbol='META', lastTradeDateOrContractMonth='20270219', strike=545.0, right='P', exchange='SMART')
2026-08-25 21:50:20,986 [ERROR] ib_insync.wrapper: Error 200, reqId 667: No se encuentra definici\u00f3n del activo solicitado, contract: Option(symbol='META', lastTradeDateOrContractMonth='20270219', strike=537.5, right='P', exchange='SMART')
2026-08-25 21:50:20,986 [ERROR] ib_insync.wrapper: Error 200, reqId 671: No se encuentra definici\u00f3n del activo solicitado, contract: Option(symbol='META', lastTradeDateOrContractMonth='20270219', strike=547.5, right='P', exchange='SMART')
2026-08-25 21:50:20,986 [ERROR] ib_insync.wrapper: Error 200, reqId 669: No se encuentra definici\u00f3n del activo solicitado, contract: Option(symbol='META', lastTradeDateOrContractMonth='20270219', strike=542.5, right='P', exchange='SMART')
2026-08-25 21:50:21,099 [ERROR] ib_insync.wrapper: Error 200, reqId 674: No se encuentra definici\u00f3n del activo solicitado, contract: Option(symbol='META', lastTradeDateOrContractMonth='20270219', strike=555.0, right='P', exchange='SMART')
2026-08-25 21:50:21,099 [ERROR] ib_insync.wrapper: Error 200, reqId 673: No se encuentra definici\u00f3n del activo solicitado, contract: Option(symbol='META', lastTradeDateOrContractMonth='20270219', strike=552.5, right='P', exchange='SMART')
2026-08-25 21:50:21,175 [ERROR] ib_insync.wrapper: Error 200, reqId 675: No se encuentra definici\u00f3n del activo solicitado, contract: Option(symbol='META', lastTradeDateOrContractMonth='20270219', strike=557.5, right='P', exchange='SMART')
2026-08-25 21:50:21,298 [ERROR] ib_insync.wrapper: Error 200, reqId 677: No se encuentra definici\u00f3n del activo solicitado, contract: Option(symbol='META', lastTradeDateOrContractMonth='20270219', strike=562.5, right='P', exchange='SMART')
2026-08-25 21:50:21,368 [ERROR] ib_insync.wrapper: Error 200, reqId 678: No se encuentra definici\u00f3n del activo solicitado, contract: Option(symbol='META', lastTradeDateOrContractMonth='20270219', strike=565.0, right='P', exchange='SMART')
2026-08-25 21:50:21,490 [ERROR] ib_insync.wrapper: Error 200, reqId 679: No se encuentra definici\u00f3n del activo solicitado, contract: Option(symbol='META', lastTradeDateOrContractMonth='20270219', strike=567.5, right='P', exchange='SMART')
2026-08-25 21:50:21,490 [WARNING] ib_insync.ib: Unknown contract: Option(symbol='META', lastTradeDateOrContractMonth='20270219', strike=572.5, right='C', exchange='SMART')
2026-08-25 21:50:21,490 [WARNING] ib_insync.ib: Unknown contract: Option(symbol='META', lastTradeDateOrContractMonth='20270219', strike=575.0, right='C', exchange='SMART')
2026-08-25 21:50:21,490 [WARNING] ib_insync.ib: Unknown contract: Option(symbol='META', lastTradeDateOrContractMonth='20270219', strike=577.5, right='C', exchange='SMART')
2026-08-25 21:50:21,490 [WARNING] ib_insync.ib: Unknown contract: Option(symbol='META', lastTradeDateOrContractMonth='20270219', strike=582.5, right='C', exchange='SMART')
2026-08-25 21:50:21,490 [WARNING] ib_insync.ib: Unknown contract: Option(symbol='META', lastTradeDateOrContractMonth='20270219', strike=585.0, right='C', exchange='SMART')
2026-08-25 21:50:21,490 [WARNING] ib_insync.ib: Unknown contract: Option(symbol='META', lastTradeDateOrContractMonth='20270219', strike=587.5, right='C', exchange='SMART')
2026-08-25 21:50:21,490 [WARNING] ib_insync.ib: Unknown contract: Option(symbol='META', lastTradeDateOrContractMonth='20270219', strike=592.5, right='C', exchange='SMART')
2026-08-25 21:50:21,490 [WARNING] ib_insync.ib: Unknown contract: Option(symbol='META', lastTradeDateOrContractMonth='20270219', strike=595.0, right='C', exchange='SMART')
2026-08-25 21:50:21,490 [WARNING] ib_insync.ib: Unknown contract: Option(symbol='META', lastTradeDateOrContractMonth='20270219', strike=597.5, right='C', exchange='SMART')
2026-08-25 21:50:21,490 [WARNING] ib_insync.ib: Unknown contract: Option(symbol='META', lastTradeDateOrContractMonth='20270219', strike=602.5, right='C', exchange='SMART')
2026-08-25 21:50:21,490 [WARNING] ib_insync.ib: Unknown contract: Option(symbol='META', lastTradeDateOrContractMonth='20270219', strike=605.0, right='C', exchange='SMART')
2026-08-25 21:50:21,490 [WARNING] ib_insync.ib: Unknown contract: Option(symbol='META', lastTradeDateOrContractMonth='20270219', strike=607.5, right='C', exchange='SMART')
2026-08-25 21:50:21,490 [WARNING] ib_insync.ib: Unknown contract: Option(symbol='META', lastTradeDateOrContractMonth='20270219', strike=612.5, right='C', exchange='SMART')
2026-08-25 21:50:21,490 [WARNING] ib_insync.ib: Unknown contract: Option(symbol='META', lastTradeDateOrContractMonth='20270219', strike=615.0, right='C', exchange='SMART')
2026-08-25 21:50:21,490 [WARNING] ib_insync.ib: Unknown contract: Option(symbol='META', lastTradeDateOrContractMonth='20270219', strike=617.5, right='C', exchange='SMART')
2026-08-25 21:50:21,490 [WARNING] ib_insync.ib: Unknown contract: Option(symbol='META', lastTradeDateOrContractMonth='20270219', strike=522.5, right='P', exchange='SMART')
2026-08-25 21:50:21,490 [WARNING] ib_insync.ib: Unknown contract: Option(symbol='META', lastTradeDateOrContractMonth='20270219', strike=525.0, right='P', exchange='SMART')
2026-08-25 21:50:21,490 [WARNING] ib_insync.ib: Unknown contract: Option(symbol='META', lastTradeDateOrContractMonth='20270219', strike=527.5, right='P', exchange='SMART')
2026-08-25 21:50:21,490 [WARNING] ib_insync.ib: Unknown contract: Option(symbol='META', lastTradeDateOrContractMonth='20270219', strike=532.5, right='P', exchange='SMART')
2026-08-25 21:50:21,490 [WARNING] ib_insync.ib: Unknown contract: Option(symbol='META', lastTradeDateOrContractMonth='20270219', strike=535.0, right='P', exchange='SMART')
2026-08-25 21:50:21,490 [WARNING] ib_insync.ib: Unknown contract: Option(symbol='META', lastTradeDateOrContractMonth='20270219', strike=537.5, right='P', exchange='SMART')
2026-08-25 21:50:21,490 [WARNING] ib_insync.ib: Unknown contract: Option(symbol='META', lastTradeDateOrContractMonth='20270219', strike=542.5, right='P', exchange='SMART')
2026-08-25 21:50:21,490 [WARNING] ib_insync.ib: Unknown contract: Option(symbol='META', lastTradeDateOrContractMonth='20270219', strike=545.0, right='P', exchange='SMART')
2026-08-25 21:50:21,490 [WARNING] ib_insync.ib: Unknown contract: Option(symbol='META', lastTradeDateOrContractMonth='20270219', strike=547.5, right='P', exchange='SMART')
2026-08-25 21:50:21,490 [WARNING] ib_insync.ib: Unknown contract: Option(symbol='META', lastTradeDateOrContractMonth='20270219', strike=552.5, right='P', exchange='SMART')
2026-08-25 21:50:21,497 [WARNING] ib_insync.ib: Unknown contract: Option(symbol='META', lastTradeDateOrContractMonth='20270219', strike=555.0, right='P', exchange='SMART')
2026-08-25 21:50:21,497 [WARNING] ib_insync.ib: Unknown contract: Option(symbol='META', lastTradeDateOrContractMonth='20270219', strike=557.5, right='P', exchange='SMART')
2026-08-25 21:50:21,498 [WARNING] ib_insync.ib: Unknown contract: Option(symbol='META', lastTradeDateOrContractMonth='20270219', strike=562.5, right='P', exchange='SMART')
2026-08-25 21:50:21,498 [WARNING] ib_insync.ib: Unknown contract: Option(symbol='META', lastTradeDateOrContractMonth='20270219', strike=565.0, right='P', exchange='SMART')
2026-08-25 21:50:21,498 [WARNING] ib_insync.ib: Unknown contract: Option(symbol='META', lastTradeDateOrContractMonth='20270219', strike=567.5, right='P', exchange='SMART')
2026-08-25 21:50:22,034 [ERROR] ib_insync.wrapper: Error 200, reqId 691: No se encuentra definici\u00f3n del activo solicitado, contract: Option(symbol='META', lastTradeDateOrContractMonth='20270319', strike=572.5, right='C', exchange='SMART')
2026-08-25 21:50:22,375 [ERROR] ib_insync.wrapper: Error 200, reqId 693: No se encuentra definici\u00f3n del activo solicitado, contract: Option(symbol='META', lastTradeDateOrContractMonth='20270319', strike=577.5, right='C', exchange='SMART')
2026-08-25 21:50:22,581 [ERROR] ib_insync.wrapper: Error 200, reqId 695: No se encuentra definici\u00f3n del activo solicitado, contract: Option(symbol='META', lastTradeDateOrContractMonth='20270319', strike=582.5, right='C', exchange='SMART')
2026-08-25 21:50:22,668 [ERROR] ib_insync.wrapper: Error 200, reqId 697: No se encuentra definici\u00f3n del activo solicitado, contract: Option(symbol='META', lastTradeDateOrContractMonth='20270319', strike=587.5, right='C', exchange='SMART')
2026-08-25 21:50:22,668 [ERROR] ib_insync.wrapper: Error 200, reqId 699: No se encuentra definici\u00f3n del activo solicitado, contract: Option(symbol='META', lastTradeDateOrContractMonth='20270319', strike=592.5, right='C', exchange='SMART')
2026-08-25 21:50:22,668 [ERROR] ib_insync.wrapper: Error 200, reqId 703: No se encuentra definici\u00f3n del activo solicitado, contract: Option(symbol='META', lastTradeDateOrContractMonth='20270319', strike=602.5, right='C', exchange='SMART')
2026-08-25 21:50:22,668 [ERROR] ib_insync.wrapper: Error 200, reqId 701: No se encuentra definici\u00f3n del activo solicitado, contract: Option(symbol='META', lastTradeDateOrContractMonth='20270319', strike=597.5, right='C', exchange='SMART')
2026-08-25 21:50:22,792 [ERROR] ib_insync.wrapper: Error 200, reqId 707: No se encuentra definici\u00f3n del activo solicitado, contract: Option(symbol='META', lastTradeDateOrContractMonth='20270319', strike=612.5, right='C', exchange='SMART')
2026-08-25 21:50:22,792 [ERROR] ib_insync.wrapper: Error 200, reqId 709: No se encuentra definici\u00f3n del activo solicitado, contract: Option(symbol='META', lastTradeDateOrContractMonth='20270319', strike=617.5, right='C', exchange='SMART')
2026-08-25 21:50:22,792 [ERROR] ib_insync.wrapper: Error 200, reqId 705: No se encuentra definici\u00f3n del activo solicitado, contract: Option(symbol='META', lastTradeDateOrContractMonth='20270319', strike=607.5, right='C', exchange='SMART')
2026-08-25 21:50:22,838 [ERROR] ib_insync.wrapper: Error 200, reqId 713: No se encuentra definici\u00f3n del activo solicitado, contract: Option(symbol='META', lastTradeDateOrContractMonth='20270319', strike=527.5, right='P', exchange='SMART')
2026-08-25 21:50:22,839 [ERROR] ib_insync.wrapper: Error 200, reqId 712: No se encuentra definici\u00f3n del activo solicitado, contract: Option(symbol='META', lastTradeDateOrContractMonth='20270319', strike=525.0, right='P', exchange='SMART')
2026-08-25 21:50:22,852 [ERROR] ib_insync.wrapper: Error 200, reqId 711: No se encuentra definici\u00f3n del activo solicitado, contract: Option(symbol='META', lastTradeDateOrContractMonth='20270319', strike=522.5, right='P', exchange='SMART')
2026-08-25 21:50:22,901 [ERROR] ib_insync.wrapper: Error 200, reqId 715: No se encuentra definici\u00f3n del activo solicitado, contract: Option(symbol='META', lastTradeDateOrContractMonth='20270319', strike=532.5, right='P', exchange='SMART')
2026-08-25 21:50:22,901 [ERROR] ib_insync.wrapper: Error 200, reqId 717: No se encuentra definici\u00f3n del activo solicitado, contract: Option(symbol='META', lastTradeDateOrContractMonth='20270319', strike=537.5, right='P', exchange='SMART')
2026-08-25 21:50:22,901 [ERROR] ib_insync.wrapper: Error 200, reqId 716: No se encuentra definici\u00f3n del activo solicitado, contract: Option(symbol='META', lastTradeDateOrContractMonth='20270319', strike=535.0, right='P', exchange='SMART')
2026-08-25 21:50:23,032 [ERROR] ib_insync.wrapper: Error 200, reqId 719: No se encuentra definici\u00f3n del activo solicitado, contract: Option(symbol='META', lastTradeDateOrContractMonth='20270319', strike=542.5, right='P', exchange='SMART')
2026-08-25 21:50:23,032 [ERROR] ib_insync.wrapper: Error 200, reqId 720: No se encuentra definici\u00f3n del activo solicitado, contract: Option(symbol='META', lastTradeDateOrContractMonth='20270319', strike=545.0, right='P', exchange='SMART')
2026-08-25 21:50:23,032 [ERROR] ib_insync.wrapper: Error 200, reqId 721: No se encuentra definici\u00f3n del activo solicitado, contract: Option(symbol='META', lastTradeDateOrContractMonth='20270319', strike=547.5, right='P', exchange='SMART')
2026-08-25 21:50:23,104 [ERROR] ib_insync.wrapper: Error 200, reqId 723: No se encuentra definici\u00f3n del activo solicitado, contract: Option(symbol='META', lastTradeDateOrContractMonth='20270319', strike=552.5, right='P', exchange='SMART')
2026-08-25 21:50:23,234 [ERROR] ib_insync.wrapper: Error 200, reqId 724: No se encuentra definici\u00f3n del activo solicitado, contract: Option(symbol='META', lastTradeDateOrContractMonth='20270319', strike=555.0, right='P', exchange='SMART')
2026-08-25 21:50:23,309 [ERROR] ib_insync.wrapper: Error 200, reqId 725: No se encuentra definici\u00f3n del activo solicitado, contract: Option(symbol='META', lastTradeDateOrContractMonth='20270319', strike=557.5, right='P', exchange='SMART')
2026-08-25 21:50:23,530 [ERROR] ib_insync.wrapper: Error 200, reqId 727: No se encuentra definici\u00f3n del activo solicitado, contract: Option(symbol='META', lastTradeDateOrContractMonth='20270319', strike=562.5, right='P', exchange='SMART')
2026-08-25 21:50:23,729 [ERROR] ib_insync.wrapper: Error 200, reqId 729: No se encuentra definici\u00f3n del activo solicitado, contract: Option(symbol='META', lastTradeDateOrContractMonth='20270319', strike=567.5, right='P', exchange='SMART')
2026-08-25 21:50:23,729 [WARNING] ib_insync.ib: Unknown contract: Option(symbol='META', lastTradeDateOrContractMonth='20270319', strike=572.5, right='C', exchange='SMART')
2026-08-25 21:50:23,729 [WARNING] ib_insync.ib: Unknown contract: Option(symbol='META', lastTradeDateOrContractMonth='20270319', strike=577.5, right='C', exchange='SMART')
2026-08-25 21:50:23,729 [WARNING] ib_insync.ib: Unknown contract: Option(symbol='META', lastTradeDateOrContractMonth='20270319', strike=582.5, right='C', exchange='SMART')
2026-08-25 21:50:23,729 [WARNING] ib_insync.ib: Unknown contract: Option(symbol='META', lastTradeDateOrContractMonth='20270319', strike=587.5, right='C', exchange='SMART')
2026-08-25 21:50:23,729 [WARNING] ib_insync.ib: Unknown contract: Option(symbol='META', lastTradeDateOrContractMonth='20270319', strike=592.5, right='C', exchange='SMART')
2026-08-25 21:50:23,729 [WARNING] ib_insync.ib: Unknown contract: Option(symbol='META', lastTradeDateOrContractMonth='20270319', strike=597.5, right='C', exchange='SMART')
2026-08-25 21:50:23,729 [WARNING] ib_insync.ib: Unknown contract: Option(symbol='META', lastTradeDateOrContractMonth='20270319', strike=602.5, right='C', exchange='SMART')
2026-08-25 21:50:23,729 [WARNING] ib_insync.ib: Unknown contract: Option(symbol='META', lastTradeDateOrContractMonth='20270319', strike=607.5, right='C', exchange='SMART')
2026-08-25 21:50:23,729 [WARNING] ib_insync.ib: Unknown contract: Option(symbol='META', lastTradeDateOrContractMonth='20270319', strike=612.5, right='C', exchange='SMART')
2026-08-25 21:50:23,744 [WARNING] ib_insync.ib: Unknown contract: Option(symbol='META', lastTradeDateOrContractMonth='20270319', strike=617.5, right='C', exchange='SMART')
2026-08-25 21:50:23,744 [WARNING] ib_insync.ib: Unknown contract: Option(symbol='META', lastTradeDateOrContractMonth='20270319', strike=522.5, right='P', exchange='SMART')
2026-08-25 21:50:23,744 [WARNING] ib_insync.ib: Unknown contract: Option(symbol='META', lastTradeDateOrContractMonth='20270319', strike=525.0, right='P', exchange='SMART')
2026-08-25 21:50:23,744 [WARNING] ib_insync.ib: Unknown contract: Option(symbol='META', lastTradeDateOrContractMonth='20270319', strike=527.5, right='P', exchange='SMART')
2026-08-25 21:50:23,744 [WARNING] ib_insync.ib: Unknown contract: Option(symbol='META', lastTradeDateOrContractMonth='20270319', strike=532.5, right='P', exchange='SMART')
2026-08-25 21:50:23,744 [WARNING] ib_insync.ib: Unknown contract: Option(symbol='META', lastTradeDateOrContractMonth='20270319', strike=535.0, right='P', exchange='SMART')
2026-08-25 21:50:23,744 [WARNING] ib_insync.ib: Unknown contract: Option(symbol='META', lastTradeDateOrContractMonth='20270319', strike=537.5, right='P', exchange='SMART')
2026-08-25 21:50:23,744 [WARNING] ib_insync.ib: Unknown contract: Option(symbol='META', lastTradeDateOrContractMonth='20270319', strike=542.5, right='P', exchange='SMART')
2026-08-25 21:50:23,744 [WARNING] ib_insync.ib: Unknown contract: Option(symbol='META', lastTradeDateOrContractMonth='20270319', strike=545.0, right='P', exchange='SMART')
2026-08-25 21:50:23,744 [WARNING] ib_insync.ib: Unknown contract: Option(symbol='META', lastTradeDateOrContractMonth='20270319', strike=547.5, right='P', exchange='SMART')
2026-08-25 21:50:23,744 [WARNING] ib_insync.ib: Unknown contract: Option(symbol='META', lastTradeDateOrContractMonth='20270319', strike=552.5, right='P', exchange='SMART')
2026-08-25 21:50:23,744 [WARNING] ib_insync.ib: Unknown contract: Option(symbol='META', lastTradeDateOrContractMonth='20270319', strike=555.0, right='P', exchange='SMART')
2026-08-25 21:50:23,744 [WARNING] ib_insync.ib: Unknown contract: Option(symbol='META', lastTradeDateOrContractMonth='20270319', strike=557.5, right='P', exchange='SMART')
2026-08-25 21:50:23,744 [WARNING] ib_insync.ib: Unknown contract: Option(symbol='META', lastTradeDateOrContractMonth='20270319', strike=562.5, right='P', exchange='SMART')
2026-08-25 21:50:23,744 [WARNING] ib_insync.ib: Unknown contract: Option(symbol='META', lastTradeDateOrContractMonth='20270319', strike=567.5, right='P', exchange='SMART')
2026-08-25 21:50:24,915 [ERROR] ib_insync.wrapper: Error 200, reqId 747: No se encuentra definici\u00f3n del activo solicitado, contract: Option(symbol='META', lastTradeDateOrContractMonth='20270617', strike=572.5, right='C', exchange='SMART')
2026-08-25 21:50:24,915 [ERROR] ib_insync.wrapper: Error 200, reqId 746: No se encuentra definici\u00f3n del activo solicitado, contract: Option(symbol='META', lastTradeDateOrContractMonth='20270617', strike=570.0, right='C', exchange='SMART')
2026-08-25 21:50:24,980 [ERROR] ib_insync.wrapper: Error 200, reqId 748: No se encuentra definici\u00f3n del activo solicitado, contract: Option(symbol='META', lastTradeDateOrContractMonth='20270617', strike=575.0, right='C', exchange='SMART')
2026-08-25 21:50:24,986 [ERROR] ib_insync.wrapper: Error 200, reqId 749: No se encuentra definici\u00f3n del activo solicitado, contract: Option(symbol='META', lastTradeDateOrContractMonth='20270617', strike=577.5, right='C', exchange='SMART')
2026-08-25 21:50:25,046 [ERROR] ib_insync.wrapper: Error 200, reqId 751: No se encuentra definici\u00f3n del activo solicitado, contract: Option(symbol='META', lastTradeDateOrContractMonth='20270617', strike=582.5, right='C', exchange='SMART')
2026-08-25 21:50:25,046 [ERROR] ib_insync.wrapper: Error 200, reqId 752: No se encuentra definici\u00f3n del activo solicitado, contract: Option(symbol='META', lastTradeDateOrContractMonth='20270617', strike=585.0, right='C', exchange='SMART')
2026-08-25 21:50:25,046 [ERROR] ib_insync.wrapper: Error 200, reqId 753: No se encuentra definici\u00f3n del activo solicitado, contract: Option(symbol='META', lastTradeDateOrContractMonth='20270617', strike=587.5, right='C', exchange='SMART')
2026-08-25 21:50:25,046 [ERROR] ib_insync.wrapper: Error 200, reqId 754: No se encuentra definici\u00f3n del activo solicitado, contract: Option(symbol='META', lastTradeDateOrContractMonth='20270617', strike=590.0, right='C', exchange='SMART')
2026-08-25 21:50:25,046 [ERROR] ib_insync.wrapper: Error 200, reqId 755: No se encuentra definici\u00f3n del activo solicitado, contract: Option(symbol='META', lastTradeDateOrContractMonth='20270617', strike=592.5, right='C', exchange='SMART')
2026-08-25 21:50:25,046 [ERROR] ib_insync.wrapper: Error 200, reqId 757: No se encuentra definici\u00f3n del activo solicitado, contract: Option(symbol='META', lastTradeDateOrContractMonth='20270617', strike=597.5, right='C', exchange='SMART')
2026-08-25 21:50:25,047 [ERROR] ib_insync.wrapper: Error 200, reqId 756: No se encuentra definici\u00f3n del activo solicitado, contract: Option(symbol='META', lastTradeDateOrContractMonth='20270617', strike=595.0, right='C', exchange='SMART')
2026-08-25 21:50:25,134 [ERROR] ib_insync.wrapper: Error 200, reqId 759: No se encuentra definici\u00f3n del activo solicitado, contract: Option(symbol='META', lastTradeDateOrContractMonth='20270617', strike=602.5, right='C', exchange='SMART')
2026-08-25 21:50:25,134 [ERROR] ib_insync.wrapper: Error 200, reqId 760: No se encuentra definici\u00f3n del activo solicitado, contract: Option(symbol='META', lastTradeDateOrContractMonth='20270617', strike=605.0, right='C', exchange='SMART')
2026-08-25 21:50:25,134 [ERROR] ib_insync.wrapper: Error 200, reqId 762: No se encuentra definici\u00f3n del activo solicitado, contract: Option(symbol='META', lastTradeDateOrContractMonth='20270617', strike=610.0, right='C', exchange='SMART')
2026-08-25 21:50:25,134 [ERROR] ib_insync.wrapper: Error 200, reqId 761: No se encuentra definici\u00f3n del activo solicitado, contract: Option(symbol='META', lastTradeDateOrContractMonth='20270617', strike=607.5, right='C', exchange='SMART')
2026-08-25 21:50:25,134 [ERROR] ib_insync.wrapper: Error 200, reqId 763: No se encuentra definici\u00f3n del activo solicitado, contract: Option(symbol='META', lastTradeDateOrContractMonth='20270617', strike=612.5, right='C', exchange='SMART')
2026-08-25 21:50:25,134 [ERROR] ib_insync.wrapper: Error 200, reqId 764: No se encuentra definici\u00f3n del activo solicitado, contract: Option(symbol='META', lastTradeDateOrContractMonth='20270617', strike=615.0, right='C', exchange='SMART')
2026-08-25 21:50:25,134 [ERROR] ib_insync.wrapper: Error 200, reqId 765: No se encuentra definici\u00f3n del activo solicitado, contract: Option(symbol='META', lastTradeDateOrContractMonth='20270617', strike=617.5, right='C', exchange='SMART')
2026-08-25 21:50:25,267 [ERROR] ib_insync.wrapper: Error 200, reqId 768: No se encuentra definici\u00f3n del activo solicitado, contract: Option(symbol='META', lastTradeDateOrContractMonth='20270617', strike=525.0, right='P', exchange='SMART')
2026-08-25 21:50:25,267 [ERROR] ib_insync.wrapper: Error 200, reqId 767: No se encuentra definici\u00f3n del activo solicitado, contract: Option(symbol='META', lastTradeDateOrContractMonth='20270617', strike=522.5, right='P', exchange='SMART')
2026-08-25 21:50:25,340 [ERROR] ib_insync.wrapper: Error 200, reqId 769: No se encuentra definici\u00f3n del activo solicitado, contract: Option(symbol='META', lastTradeDateOrContractMonth='20270617', strike=527.5, right='P', exchange='SMART')
2026-08-25 21:50:25,340 [ERROR] ib_insync.wrapper: Error 200, reqId 771: No se encuentra definici\u00f3n del activo solicitado, contract: Option(symbol='META', lastTradeDateOrContractMonth='20270617', strike=532.5, right='P', exchange='SMART')
2026-08-25 21:50:25,340 [ERROR] ib_insync.wrapper: Error 200, reqId 770: No se encuentra definici\u00f3n del activo solicitado, contract: Option(symbol='META', lastTradeDateOrContractMonth='20270617', strike=530.0, right='P', exchange='SMART')
2026-08-25 21:50:25,406 [ERROR] ib_insync.wrapper: Error 200, reqId 772: No se encuentra definici\u00f3n del activo solicitado, contract: Option(symbol='META', lastTradeDateOrContractMonth='20270617', strike=535.0, right='P', exchange='SMART')
2026-08-25 21:50:25,406 [ERROR] ib_insync.wrapper: Error 200, reqId 773: No se encuentra definici\u00f3n del activo solicitado, contract: Option(symbol='META', lastTradeDateOrContractMonth='20270617', strike=537.5, right='P', exchange='SMART')
2026-08-25 21:50:25,473 [ERROR] ib_insync.wrapper: Error 200, reqId 775: No se encuentra definici\u00f3n del activo solicitado, contract: Option(symbol='META', lastTradeDateOrContractMonth='20270617', strike=542.5, right='P', exchange='SMART')
2026-08-25 21:50:25,533 [ERROR] ib_insync.wrapper: Error 200, reqId 776: No se encuentra definici\u00f3n del activo solicitado, contract: Option(symbol='META', lastTradeDateOrContractMonth='20270617', strike=545.0, right='P', exchange='SMART')
2026-08-25 21:50:25,602 [ERROR] ib_insync.wrapper: Error 200, reqId 777: No se encuentra definici\u00f3n del activo solicitado, contract: Option(symbol='META', lastTradeDateOrContractMonth='20270617', strike=547.5, right='P', exchange='SMART')
2026-08-25 21:50:25,666 [ERROR] ib_insync.wrapper: Error 200, reqId 778: No se encuentra definici\u00f3n del activo solicitado, contract: Option(symbol='META', lastTradeDateOrContractMonth='20270617', strike=550.0, right='P', exchange='SMART')
2026-08-25 21:50:25,781 [ERROR] ib_insync.wrapper: Error 200, reqId 779: No se encuentra definici\u00f3n del activo solicitado, contract: Option(symbol='META', lastTradeDateOrContractMonth='20270617', strike=552.5, right='P', exchange='SMART')
2026-08-25 21:50:25,860 [ERROR] ib_insync.wrapper: Error 200, reqId 780: No se encuentra definici\u00f3n del activo solicitado, contract: Option(symbol='META', lastTradeDateOrContractMonth='20270617', strike=555.0, right='P', exchange='SMART')
2026-08-25 21:50:26,005 [ERROR] ib_insync.wrapper: Error 200, reqId 781: No se encuentra definici\u00f3n del activo solicitado, contract: Option(symbol='META', lastTradeDateOrContractMonth='20270617', strike=557.5, right='P', exchange='SMART')
2026-08-25 21:50:26,078 [ERROR] ib_insync.wrapper: Error 200, reqId 783: No se encuentra definici\u00f3n del activo solicitado, contract: Option(symbol='META', lastTradeDateOrContractMonth='20270617', strike=562.5, right='P', exchange='SMART')
2026-08-25 21:50:26,215 [ERROR] ib_insync.wrapper: Error 200, reqId 784: No se encuentra definici\u00f3n del activo solicitado, contract: Option(symbol='META', lastTradeDateOrContractMonth='20270617', strike=565.0, right='P', exchange='SMART')
2026-08-25 21:50:26,316 [ERROR] ib_insync.wrapper: Error 200, reqId 785: No se encuentra definici\u00f3n del activo solicitado, contract: Option(symbol='META', lastTradeDateOrContractMonth='20270617', strike=567.5, right='P', exchange='SMART')
2026-08-25 21:50:26,316 [WARNING] ib_insync.ib: Unknown contract: Option(symbol='META', lastTradeDateOrContractMonth='20270617', strike=570.0, right='C', exchange='SMART')
2026-08-25 21:50:26,316 [WARNING] ib_insync.ib: Unknown contract: Option(symbol='META', lastTradeDateOrContractMonth='20270617', strike=572.5, right='C', exchange='SMART')
2026-08-25 21:50:26,316 [WARNING] ib_insync.ib: Unknown contract: Option(symbol='META', lastTradeDateOrContractMonth='20270617', strike=575.0, right='C', exchange='SMART')
2026-08-25 21:50:26,316 [WARNING] ib_insync.ib: Unknown contract: Option(symbol='META', lastTradeDateOrContractMonth='20270617', strike=577.5, right='C', exchange='SMART')
2026-08-25 21:50:26,316 [WARNING] ib_insync.ib: Unknown contract: Option(symbol='META', lastTradeDateOrContractMonth='20270617', strike=582.5, right='C', exchange='SMART')
2026-08-25 21:50:26,316 [WARNING] ib_insync.ib: Unknown contract: Option(symbol='META', lastTradeDateOrContractMonth='20270617', strike=585.0, right='C', exchange='SMART')
2026-08-25 21:50:26,316 [WARNING] ib_insync.ib: Unknown contract: Option(symbol='META', lastTradeDateOrContractMonth='20270617', strike=587.5, right='C', exchange='SMART')
2026-08-25 21:50:26,316 [WARNING] ib_insync.ib: Unknown contract: Option(symbol='META', lastTradeDateOrContractMonth='20270617', strike=590.0, right='C', exchange='SMART')
2026-08-25 21:50:26,316 [WARNING] ib_insync.ib: Unknown contract: Option(symbol='META', lastTradeDateOrContractMonth='20270617', strike=592.5, right='C', exchange='SMART')
2026-08-25 21:50:26,316 [WARNING] ib_insync.ib: Unknown contract: Option(symbol='META', lastTradeDateOrContractMonth='20270617', strike=595.0, right='C', exchange='SMART')
2026-08-25 21:50:26,316 [WARNING] ib_insync.ib: Unknown contract: Option(symbol='META', lastTradeDateOrContractMonth='20270617', strike=597.5, right='C', exchange='SMART')
2026-08-25 21:50:26,316 [WARNING] ib_insync.ib: Unknown contract: Option(symbol='META', lastTradeDateOrContractMonth='20270617', strike=602.5, right='C', exchange='SMART')
2026-08-25 21:50:26,316 [WARNING] ib_insync.ib: Unknown contract: Option(symbol='META', lastTradeDateOrContractMonth='20270617', strike=605.0, right='C', exchange='SMART')
2026-08-25 21:50:26,332 [WARNING] ib_insync.ib: Unknown contract: Option(symbol='META', lastTradeDateOrContractMonth='20270617', strike=607.5, right='C', exchange='SMART')
2026-08-25 21:50:26,332 [WARNING] ib_insync.ib: Unknown contract: Option(symbol='META', lastTradeDateOrContractMonth='20270617', strike=610.0, right='C', exchange='SMART')
2026-08-25 21:50:26,332 [WARNING] ib_insync.ib: Unknown contract: Option(symbol='META', lastTradeDateOrContractMonth='20270617', strike=612.5, right='C', exchange='SMART')
2026-08-25 21:50:26,332 [WARNING] ib_insync.ib: Unknown contract: Option(symbol='META', lastTradeDateOrContractMonth='20270617', strike=615.0, right='C', exchange='SMART')
2026-08-25 21:50:26,332 [WARNING] ib_insync.ib: Unknown contract: Option(symbol='META', lastTradeDateOrContractMonth='20270617', strike=617.5, right='C', exchange='SMART')
2026-08-25 21:50:26,332 [WARNING] ib_insync.ib: Unknown contract: Option(symbol='META', lastTradeDateOrContractMonth='20270617', strike=522.5, right='P', exchange='SMART')
2026-08-25 21:50:26,332 [WARNING] ib_insync.ib: Unknown contract: Option(symbol='META', lastTradeDateOrContractMonth='20270617', strike=525.0, right='P', exchange='SMART')
2026-08-25 21:50:26,332 [WARNING] ib_insync.ib: Unknown contract: Option(symbol='META', lastTradeDateOrContractMonth='20270617', strike=527.5, right='P', exchange='SMART')
2026-08-25 21:50:26,332 [WARNING] ib_insync.ib: Unknown contract: Option(symbol='META', lastTradeDateOrContractMonth='20270617', strike=530.0, right='P', exchange='SMART')
2026-08-25 21:50:26,332 [WARNING] ib_insync.ib: Unknown contract: Option(symbol='META', lastTradeDateOrContractMonth='20270617', strike=532.5, right='P', exchange='SMART')
2026-08-25 21:50:26,332 [WARNING] ib_insync.ib: Unknown contract: Option(symbol='META', lastTradeDateOrContractMonth='20270617', strike=535.0, right='P', exchange='SMART')
2026-08-25 21:50:26,332 [WARNING] ib_insync.ib: Unknown contract: Option(symbol='META', lastTradeDateOrContractMonth='20270617', strike=537.5, right='P', exchange='SMART')
2026-08-25 21:50:26,332 [WARNING] ib_insync.ib: Unknown contract: Option(symbol='META', lastTradeDateOrContractMonth='20270617', strike=542.5, right='P', exchange='SMART')
2026-08-25 21:50:26,332 [WARNING] ib_insync.ib: Unknown contract: Option(symbol='META', lastTradeDateOrContractMonth='20270617', strike=545.0, right='P', exchange='SMART')
2026-08-25 21:50:26,332 [WARNING] ib_insync.ib: Unknown contract: Option(symbol='META', lastTradeDateOrContractMonth='20270617', strike=547.5, right='P', exchange='SMART')
2026-08-25 21:50:26,332 [WARNING] ib_insync.ib: Unknown contract: Option(symbol='META', lastTradeDateOrContractMonth='20270617', strike=550.0, right='P', exchange='SMART')
2026-08-25 21:50:26,332 [WARNING] ib_insync.ib: Unknown contract: Option(symbol='META', lastTradeDateOrContractMonth='20270617', strike=552.5, right='P', exchange='SMART')
2026-08-25 21:50:26,332 [WARNING] ib_insync.ib: Unknown contract: Option(symbol='META', lastTradeDateOrContractMonth='20270617', strike=555.0, right='P', exchange='SMART')
2026-08-25 21:50:26,332 [WARNING] ib_insync.ib: Unknown contract: Option(symbol='META', lastTradeDateOrContractMonth='20270617', strike=557.5, right='P', exchange='SMART')
2026-08-25 21:50:26,332 [WARNING] ib_insync.ib: Unknown contract: Option(symbol='META', lastTradeDateOrContractMonth='20270617', strike=562.5, right='P', exchange='SMART')
2026-08-25 21:50:26,332 [WARNING] ib_insync.ib: Unknown contract: Option(symbol='META', lastTradeDateOrContractMonth='20270617', strike=565.0, right='P', exchange='SMART')
2026-08-25 21:50:26,332 [WARNING] ib_insync.ib: Unknown contract: Option(symbol='META', lastTradeDateOrContractMonth='20270617', strike=567.5, right='P', exchange='SMART')
2026-08-25 21:50:26,417 [INFO] ib_insync.wrapper: updatePortfolio: PortfolioItem(contract=Stock(conId=4815747, symbol='NVDA', right='0', primaryExchange='NASDAQ', currency='USD', localSymbol='NVDA', tradingClass='NMS'), position=100.0, marketPrice=212.3160095, marketValue=21231.6, averageCost=207.20798, unrealizedPNL=510.8, realizedPNL=0.0, account='DUP435978')
2026-08-25 21:50:26,417 [INFO] ib_insync.wrapper: updatePortfolio: PortfolioItem(contract=Stock(conId=76792991, symbol='TSLA', right='0', primaryExchange='NASDAQ', currency='USD', localSymbol='TSLA', tradingClass='NMS'), position=3.0, marketPrice=351.2875366, marketValue=1053.86, averageCost=393.97333335, unrealizedPNL=-128.06, realizedPNL=0.0, account='DUP435978')
2026-08-25 21:50:27,062 [ERROR] ib_insync.wrapper: Error 200, reqId 792: No se encuentra definici\u00f3n del activo solicitado, contract: Option(symbol='META', lastTradeDateOrContractMonth='20270917', strike=572.5, right='C', exchange='SMART')
2026-08-25 21:50:27,342 [ERROR] ib_insync.wrapper: Error 200, reqId 793: No se encuentra definici\u00f3n del activo solicitado, contract: Option(symbol='META', lastTradeDateOrContractMonth='20270917', strike=575.0, right='C', exchange='SMART')
2026-08-25 21:50:27,406 [ERROR] ib_insync.wrapper: Error 200, reqId 794: No se encuentra definici\u00f3n del activo solicitado, contract: Option(symbol='META', lastTradeDateOrContractMonth='20270917', strike=577.5, right='C', exchange='SMART')
2026-08-25 21:50:27,499 [ERROR] ib_insync.wrapper: Error 200, reqId 797: No se encuentra definici\u00f3n del activo solicitado, contract: Option(symbol='META', lastTradeDateOrContractMonth='20270917', strike=585.0, right='C', exchange='SMART')
2026-08-25 21:50:27,499 [ERROR] ib_insync.wrapper: Error 200, reqId 796: No se encuentra definici\u00f3n del activo solicitado, contract: Option(symbol='META', lastTradeDateOrContractMonth='20270917', strike=582.5, right='C', exchange='SMART')
2026-08-25 21:50:27,499 [ERROR] ib_insync.wrapper: Error 200, reqId 798: No se encuentra definici\u00f3n del activo solicitado, contract: Option(symbol='META', lastTradeDateOrContractMonth='20270917', strike=587.5, right='C', exchange='SMART')
2026-08-25 21:50:27,503 [ERROR] ib_insync.wrapper: Error 200, reqId 801: No se encuentra definici\u00f3n del activo solicitado, contract: Option(symbol='META', lastTradeDateOrContractMonth='20270917', strike=595.0, right='C', exchange='SMART')
2026-08-25 21:50:27,534 [ERROR] ib_insync.wrapper: Error 200, reqId 800: No se encuentra definici\u00f3n del activo solicitado, contract: Option(symbol='META', lastTradeDateOrContractMonth='20270917', strike=592.5, right='C', exchange='SMART')
2026-08-25 21:50:27,534 [ERROR] ib_insync.wrapper: Error 200, reqId 802: No se encuentra definici\u00f3n del activo solicitado, contract: Option(symbol='META', lastTradeDateOrContractMonth='20270917', strike=597.5, right='C', exchange='SMART')
2026-08-25 21:50:27,534 [ERROR] ib_insync.wrapper: Error 200, reqId 804: No se encuentra definici\u00f3n del activo solicitado, contract: Option(symbol='META', lastTradeDateOrContractMonth='20270917', strike=602.5, right='C', exchange='SMART')
2026-08-25 21:50:27,534 [ERROR] ib_insync.wrapper: Error 200, reqId 805: No se encuentra definici\u00f3n del activo solicitado, contract: Option(symbol='META', lastTradeDateOrContractMonth='20270917', strike=605.0, right='C', exchange='SMART')
2026-08-25 21:50:27,534 [ERROR] ib_insync.wrapper: Error 200, reqId 808: No se encuentra definici\u00f3n del activo solicitado, contract: Option(symbol='META', lastTradeDateOrContractMonth='20270917', strike=612.5, right='C', exchange='SMART')
2026-08-25 21:50:27,534 [ERROR] ib_insync.wrapper: Error 200, reqId 806: No se encuentra definici\u00f3n del activo solicitado, contract: Option(symbol='META', lastTradeDateOrContractMonth='20270917', strike=607.5, right='C', exchange='SMART')
2026-08-25 21:50:27,534 [ERROR] ib_insync.wrapper: Error 200, reqId 809: No se encuentra definici\u00f3n del activo solicitado, contract: Option(symbol='META', lastTradeDateOrContractMonth='20270917', strike=615.0, right='C', exchange='SMART')
2026-08-25 21:50:27,534 [ERROR] ib_insync.wrapper: Error 200, reqId 810: No se encuentra definici\u00f3n del activo solicitado, contract: Option(symbol='META', lastTradeDateOrContractMonth='20270917', strike=617.5, right='C', exchange='SMART')
2026-08-25 21:50:27,534 [ERROR] ib_insync.wrapper: Error 200, reqId 812: No se encuentra definici\u00f3n del activo solicitado, contract: Option(symbol='META', lastTradeDateOrContractMonth='20270917', strike=522.5, right='P', exchange='SMART')
2026-08-25 21:50:27,615 [ERROR] ib_insync.wrapper: Error 200, reqId 813: No se encuentra definici\u00f3n del activo solicitado, contract: Option(symbol='META', lastTradeDateOrContractMonth='20270917', strike=525.0, right='P', exchange='SMART')
2026-08-25 21:50:27,626 [ERROR] ib_insync.wrapper: Error 200, reqId 814: No se encuentra definici\u00f3n del activo solicitado, contract: Option(symbol='META', lastTradeDateOrContractMonth='20270917', strike=527.5, right='P', exchange='SMART')
2026-08-25 21:50:27,626 [ERROR] ib_insync.wrapper: Error 200, reqId 817: No se encuentra definici\u00f3n del activo solicitado, contract: Option(symbol='META', lastTradeDateOrContractMonth='20270917', strike=535.0, right='P', exchange='SMART')
2026-08-25 21:50:27,669 [ERROR] ib_insync.wrapper: Error 200, reqId 816: No se encuentra definici\u00f3n del activo solicitado, contract: Option(symbol='META', lastTradeDateOrContractMonth='20270917', strike=532.5, right='P', exchange='SMART')
2026-08-25 21:50:27,691 [ERROR] ib_insync.wrapper: Error 200, reqId 820: No se encuentra definici\u00f3n del activo solicitado, contract: Option(symbol='META', lastTradeDateOrContractMonth='20270917', strike=542.5, right='P', exchange='SMART')
2026-08-25 21:50:27,691 [ERROR] ib_insync.wrapper: Error 200, reqId 818: No se encuentra definici\u00f3n del activo solicitado, contract: Option(symbol='META', lastTradeDateOrContractMonth='20270917', strike=537.5, right='P', exchange='SMART')
2026-08-25 21:50:27,733 [ERROR] ib_insync.wrapper: Error 200, reqId 821: No se encuentra definici\u00f3n del activo solicitado, contract: Option(symbol='META', lastTradeDateOrContractMonth='20270917', strike=545.0, right='P', exchange='SMART')
2026-08-25 21:50:27,768 [ERROR] ib_insync.wrapper: Error 200, reqId 822: No se encuentra definici\u00f3n del activo solicitado, contract: Option(symbol='META', lastTradeDateOrContractMonth='20270917', strike=547.5, right='P', exchange='SMART')
2026-08-25 21:50:27,841 [ERROR] ib_insync.wrapper: Error 200, reqId 826: No se encuentra definici\u00f3n del activo solicitado, contract: Option(symbol='META', lastTradeDateOrContractMonth='20270917', strike=557.5, right='P', exchange='SMART')
2026-08-25 21:50:27,842 [ERROR] ib_insync.wrapper: Error 200, reqId 824: No se encuentra definici\u00f3n del activo solicitado, contract: Option(symbol='META', lastTradeDateOrContractMonth='20270917', strike=552.5, right='P', exchange='SMART')
2026-08-25 21:50:27,842 [ERROR] ib_insync.wrapper: Error 200, reqId 825: No se encuentra definici\u00f3n del activo solicitado, contract: Option(symbol='META', lastTradeDateOrContractMonth='20270917', strike=555.0, right='P', exchange='SMART')
2026-08-25 21:50:27,917 [ERROR] ib_insync.wrapper: Error 200, reqId 828: No se encuentra definici\u00f3n del activo solicitado, contract: Option(symbol='META', lastTradeDateOrContractMonth='20270917', strike=562.5, right='P', exchange='SMART')
2026-08-25 21:50:28,059 [ERROR] ib_insync.wrapper: Error 200, reqId 829: No se encuentra definici\u00f3n del activo solicitado, contract: Option(symbol='META', lastTradeDateOrContractMonth='20270917', strike=565.0, right='P', exchange='SMART')
2026-08-25 21:50:28,060 [ERROR] ib_insync.wrapper: Error 200, reqId 830: No se encuentra definici\u00f3n del activo solicitado, contract: Option(symbol='META', lastTradeDateOrContractMonth='20270917', strike=567.5, right='P', exchange='SMART')
2026-08-25 21:50:28,060 [WARNING] ib_insync.ib: Unknown contract: Option(symbol='META', lastTradeDateOrContractMonth='20270917', strike=572.5, right='C', exchange='SMART')
2026-08-25 21:50:28,060 [WARNING] ib_insync.ib: Unknown contract: Option(symbol='META', lastTradeDateOrContractMonth='20270917', strike=575.0, right='C', exchange='SMART')
2026-08-25 21:50:28,060 [WARNING] ib_insync.ib: Unknown contract: Option(symbol='META', lastTradeDateOrContractMonth='20270917', strike=577.5, right='C', exchange='SMART')
2026-08-25 21:50:28,060 [WARNING] ib_insync.ib: Unknown contract: Option(symbol='META', lastTradeDateOrContractMonth='20270917', strike=582.5, right='C', exchange='SMART')
2026-08-25 21:50:28,061 [WARNING] ib_insync.ib: Unknown contract: Option(symbol='META', lastTradeDateOrContractMonth='20270917', strike=585.0, right='C', exchange='SMART')
2026-08-25 21:50:28,061 [WARNING] ib_insync.ib: Unknown contract: Option(symbol='META', lastTradeDateOrContractMonth='20270917', strike=587.5, right='C', exchange='SMART')
2026-08-25 21:50:28,061 [WARNING] ib_insync.ib: Unknown contract: Option(symbol='META', lastTradeDateOrContractMonth='20270917', strike=592.5, right='C', exchange='SMART')
2026-08-25 21:50:28,061 [WARNING] ib_insync.ib: Unknown contract: Option(symbol='META', lastTradeDateOrContractMonth='20270917', strike=595.0, right='C', exchange='SMART')
2026-08-25 21:50:28,061 [WARNING] ib_insync.ib: Unknown contract: Option(symbol='META', lastTradeDateOrContractMonth='20270917', strike=597.5, right='C', exchange='SMART')
2026-08-25 21:50:28,061 [WARNING] ib_insync.ib: Unknown contract: Option(symbol='META', lastTradeDateOrContractMonth='20270917', strike=602.5, right='C', exchange='SMART')
2026-08-25 21:50:28,061 [WARNING] ib_insync.ib: Unknown contract: Option(symbol='META', lastTradeDateOrContractMonth='20270917', strike=605.0, right='C', exchange='SMART')
2026-08-25 21:50:28,062 [WARNING] ib_insync.ib: Unknown contract: Option(symbol='META', lastTradeDateOrContractMonth='20270917', strike=607.5, right='C', exchange='SMART')
2026-08-25 21:50:28,062 [WARNING] ib_insync.ib: Unknown contract: Option(symbol='META', lastTradeDateOrContractMonth='20270917', strike=612.5, right='C', exchange='SMART')
2026-08-25 21:50:28,062 [WARNING] ib_insync.ib: Unknown contract: Option(symbol='META', lastTradeDateOrContractMonth='20270917', strike=615.0, right='C', exchange='SMART')
2026-08-25 21:50:28,062 [WARNING] ib_insync.ib: Unknown contract: Option(symbol='META', lastTradeDateOrContractMonth='20270917', strike=617.5, right='C', exchange='SMART')
2026-08-25 21:50:28,062 [WARNING] ib_insync.ib: Unknown contract: Option(symbol='META', lastTradeDateOrContractMonth='20270917', strike=522.5, right='P', exchange='SMART')
2026-08-25 21:50:28,062 [WARNING] ib_insync.ib: Unknown contract: Option(symbol='META', lastTradeDateOrContractMonth='20270917', strike=525.0, right='P', exchange='SMART')
2026-08-25 21:50:28,063 [WARNING] ib_insync.ib: Unknown contract: Option(symbol='META', lastTradeDateOrContractMonth='20270917', strike=527.5, right='P', exchange='SMART')
2026-08-25 21:50:28,063 [WARNING] ib_insync.ib: Unknown contract: Option(symbol='META', lastTradeDateOrContractMonth='20270917', strike=532.5, right='P', exchange='SMART')
2026-08-25 21:50:28,063 [WARNING] ib_insync.ib: Unknown contract: Option(symbol='META', lastTradeDateOrContractMonth='20270917', strike=535.0, right='P', exchange='SMART')
2026-08-25 21:50:28,063 [WARNING] ib_insync.ib: Unknown contract: Option(symbol='META', lastTradeDateOrContractMonth='20270917', strike=537.5, right='P', exchange='SMART')
2026-08-25 21:50:28,063 [WARNING] ib_insync.ib: Unknown contract: Option(symbol='META', lastTradeDateOrContractMonth='20270917', strike=542.5, right='P', exchange='SMART')
2026-08-25 21:50:28,063 [WARNING] ib_insync.ib: Unknown contract: Option(symbol='META', lastTradeDateOrContractMonth='20270917', strike=545.0, right='P', exchange='SMART')
2026-08-25 21:50:28,063 [WARNING] ib_insync.ib: Unknown contract: Option(symbol='META', lastTradeDateOrContractMonth='20270917', strike=547.5, right='P', exchange='SMART')
2026-08-25 21:50:28,063 [WARNING] ib_insync.ib: Unknown contract: Option(symbol='META', lastTradeDateOrContractMonth='20270917', strike=552.5, right='P', exchange='SMART')
2026-08-25 21:50:28,064 [WARNING] ib_insync.ib: Unknown contract: Option(symbol='META', lastTradeDateOrContractMonth='20270917', strike=555.0, right='P', exchange='SMART')
2026-08-25 21:50:28,064 [WARNING] ib_insync.ib: Unknown contract: Option(symbol='META', lastTradeDateOrContractMonth='20270917', strike=557.5, right='P', exchange='SMART')
2026-08-25 21:50:28,064 [WARNING] ib_insync.ib: Unknown contract: Option(symbol='META', lastTradeDateOrContractMonth='20270917', strike=562.5, right='P', exchange='SMART')
2026-08-25 21:50:28,064 [WARNING] ib_insync.ib: Unknown contract: Option(symbol='META', lastTradeDateOrContractMonth='20270917', strike=565.0, right='P', exchange='SMART')
2026-08-25 21:50:28,064 [WARNING] ib_insync.ib: Unknown contract: Option(symbol='META', lastTradeDateOrContractMonth='20270917', strike=567.5, right='P', exchange='SMART')
2026-08-25 21:50:53,792 [INFO] ib_insync.wrapper: updatePortfolio: PortfolioItem(contract=Stock(conId=76792991, symbol='TSLA', right='0', primaryExchange='NASDAQ', currency='USD', localSymbol='TSLA', tradingClass='NMS'), position=3.0, marketPrice=351.0272217, marketValue=1053.08, averageCost=393.97333335, unrealizedPNL=-128.84, realizedPNL=0.0, account='DUP435978')
2026-08-25 21:51:57,855 [INFO] trading_bot: Shutting down terminal safely...
2026-08-25 21:51:57,863 [INFO] ib_insync.ib: Disconnecting from 127.0.0.1:4002, 69.7 kB sent in 1004 messages, 6.85 MB received in 107031 messages, session time 126 s.
2026-08-25 21:51:57,863 [INFO] ib_insync.client: Disconnecting
2026-08-25 21:52:07,132 [INFO] trading_bot: Connecting to IBKR at 127.0.0.1:4002 (client_id=20)...
2026-08-25 21:52:07,132 [INFO] ib_insync.client: Connecting to 127.0.0.1:4002 with clientId 20...
2026-08-25 21:52:07,132 [INFO] ib_insync.client: Connected
2026-08-25 21:52:07,132 [INFO] ib_insync.client: Logged on to server version 176
2026-08-25 21:52:07,132 [INFO] ib_insync.wrapper: Warning 2104, reqId -1: La conexi\u00f3n al centro de datos funciona correctamente:eufarm
2026-08-25 21:52:07,132 [INFO] ib_insync.wrapper: Warning 2104, reqId -1: La conexi\u00f3n al centro de datos funciona correctamente:usopt
2026-08-25 21:52:07,132 [INFO] ib_insync.wrapper: Warning 2104, reqId -1: La conexi\u00f3n al centro de datos funciona correctamente:usfarm
2026-08-25 21:52:07,132 [INFO] ib_insync.wrapper: Warning 2106, reqId -1: La conexi\u00f3n al centro de datos HMDS funciona correctamente:euhmds
2026-08-25 21:52:07,132 [INFO] ib_insync.wrapper: Warning 2106, reqId -1: La conexi\u00f3n al centro de datos HMDS funciona correctamente:ushmds
2026-08-25 21:52:07,132 [INFO] ib_insync.wrapper: Warning 2158, reqId -1: La conexi\u00f3n de la granja de datos "sec-def" funciona correctamente:secdefeu
2026-08-25 21:52:07,132 [INFO] ib_insync.client: API connection ready
2026-08-25 21:52:07,142 [INFO] ib_insync.wrapper: position: Position(account='DUP435978', contract=Stock(conId=4815747, symbol='NVDA', exchange='NASDAQ', currency='USD', localSymbol='NVDA', tradingClass='NMS'), position=100.0, avgCost=207.20798)
2026-08-25 21:52:07,142 [INFO] ib_insync.wrapper: position: Position(account='DUP435978', contract=Stock(conId=76792991, symbol='TSLA', exchange='NASDAQ', currency='USD', localSymbol='TSLA', tradingClass='NMS'), position=3.0, avgCost=393.97333335)
2026-08-25 21:52:07,234 [INFO] ib_insync.wrapper: updatePortfolio: PortfolioItem(contract=Stock(conId=4815747, symbol='NVDA', right='0', primaryExchange='NASDAQ', currency='USD', localSymbol='NVDA', tradingClass='NMS'), position=100.0, marketPrice=212.3160095, marketValue=21231.6, averageCost=207.20798, unrealizedPNL=510.8, realizedPNL=0.0, account='DUP435978')
2026-08-25 21:52:07,234 [INFO] ib_insync.wrapper: updatePortfolio: PortfolioItem(contract=Stock(conId=76792991, symbol='TSLA', right='0', primaryExchange='NASDAQ', currency='USD', localSymbol='TSLA', tradingClass='NMS'), position=3.0, marketPrice=351.0272217, marketValue=1053.08, averageCost=393.97333335, unrealizedPNL=-128.84, realizedPNL=0.0, account='DUP435978')
2026-08-25 21:52:07,236 [INFO] ib_insync.ib: Synchronization complete
2026-08-25 21:52:07,237 [INFO] trading_bot: Successfully connected to IBKR and initialized subsystems.
2026-08-25 21:52:10,614 [ERROR] ib_insync.wrapper: Error 200, reqId 13: No se encuentra definici\u00f3n del activo solicitado, contract: Option(symbol='NVDA', lastTradeDateOrContractMonth='20260904', strike=213.0, right='C', exchange='SMART')
2026-08-25 21:52:10,665 [ERROR] ib_insync.wrapper: Error 200, reqId 16: No se encuentra definici\u00f3n del activo solicitado, contract: Option(symbol='NVDA', lastTradeDateOrContractMonth='20260904', strike=216.0, right='C', exchange='SMART')
2026-08-25 21:52:10,665 [ERROR] ib_insync.wrapper: Error 200, reqId 14: No se encuentra definici\u00f3n del activo solicitado, contract: Option(symbol='NVDA', lastTradeDateOrContractMonth='20260904', strike=214.0, right='C', exchange='SMART')
2026-08-25 21:52:10,665 [ERROR] ib_insync.wrapper: Error 200, reqId 17: No se encuentra definici\u00f3n del activo solicitado, contract: Option(symbol='NVDA', lastTradeDateOrContractMonth='20260904', strike=217.0, right='C', exchange='SMART')
2026-08-25 21:52:10,682 [ERROR] ib_insync.wrapper: Error 200, reqId 19: No se encuentra definici\u00f3n del activo solicitado, contract: Option(symbol='NVDA', lastTradeDateOrContractMonth='20260904', strike=218.0, right='C', exchange='SMART')
2026-08-25 21:52:10,701 [ERROR] ib_insync.wrapper: Error 200, reqId 20: No se encuentra definici\u00f3n del activo solicitado, contract: Option(symbol='NVDA', lastTradeDateOrContractMonth='20260904', strike=219.0, right='C', exchange='SMART')
2026-08-25 21:52:10,701 [ERROR] ib_insync.wrapper: Error 200, reqId 22: No se encuentra definici\u00f3n del activo solicitado, contract: Option(symbol='NVDA', lastTradeDateOrContractMonth='20260904', strike=221.0, right='C', exchange='SMART')
2026-08-25 21:52:10,701 [ERROR] ib_insync.wrapper: Error 200, reqId 23: No se encuentra definici\u00f3n del activo solicitado, contract: Option(symbol='NVDA', lastTradeDateOrContractMonth='20260904', strike=222.0, right='C', exchange='SMART')
2026-08-25 21:52:10,718 [ERROR] ib_insync.wrapper: Error 200, reqId 25: No se encuentra definici\u00f3n del activo solicitado, contract: Option(symbol='NVDA', lastTradeDateOrContractMonth='20260904', strike=223.0, right='C', exchange='SMART')
2026-08-25 21:52:10,718 [ERROR] ib_insync.wrapper: Error 200, reqId 26: No se encuentra definici\u00f3n del activo solicitado, contract: Option(symbol='NVDA', lastTradeDateOrContractMonth='20260904', strike=224.0, right='C', exchange='SMART')
2026-08-25 21:52:10,718 [ERROR] ib_insync.wrapper: Error 200, reqId 28: No se encuentra definici\u00f3n del activo solicitado, contract: Option(symbol='NVDA', lastTradeDateOrContractMonth='20260904', strike=226.0, right='C', exchange='SMART')
2026-08-25 21:52:10,718 [ERROR] ib_insync.wrapper: Error 200, reqId 29: No se encuentra definici\u00f3n del activo solicitado, contract: Option(symbol='NVDA', lastTradeDateOrContractMonth='20260904', strike=227.0, right='C', exchange='SMART')
2026-08-25 21:52:10,718 [ERROR] ib_insync.wrapper: Error 200, reqId 31: No se encuentra definici\u00f3n del activo solicitado, contract: Option(symbol='NVDA', lastTradeDateOrContractMonth='20260904', strike=228.0, right='C', exchange='SMART')
2026-08-25 21:52:10,718 [ERROR] ib_insync.wrapper: Error 200, reqId 34: No se encuentra definici\u00f3n del activo solicitado, contract: Option(symbol='NVDA', lastTradeDateOrContractMonth='20260904', strike=187.0, right='P', exchange='SMART')
2026-08-25 21:52:10,718 [ERROR] ib_insync.wrapper: Error 200, reqId 33: No se encuentra definici\u00f3n del activo solicitado, contract: Option(symbol='NVDA', lastTradeDateOrContractMonth='20260904', strike=186.0, right='P', exchange='SMART')
2026-08-25 21:52:10,790 [ERROR] ib_insync.wrapper: Error 200, reqId 36: No se encuentra definici\u00f3n del activo solicitado, contract: Option(symbol='NVDA', lastTradeDateOrContractMonth='20260904', strike=188.0, right='P', exchange='SMART')
2026-08-25 21:52:10,833 [ERROR] ib_insync.wrapper: Error 200, reqId 39: No se encuentra definici\u00f3n del activo solicitado, contract: Option(symbol='NVDA', lastTradeDateOrContractMonth='20260904', strike=191.0, right='P', exchange='SMART')
2026-08-25 21:52:10,833 [ERROR] ib_insync.wrapper: Error 200, reqId 40: No se encuentra definici\u00f3n del activo solicitado, contract: Option(symbol='NVDA', lastTradeDateOrContractMonth='20260904', strike=192.0, right='P', exchange='SMART')
2026-08-25 21:52:10,833 [ERROR] ib_insync.wrapper: Error 200, reqId 37: No se encuentra definici\u00f3n del activo solicitado, contract: Option(symbol='NVDA', lastTradeDateOrContractMonth='20260904', strike=189.0, right='P', exchange='SMART')
2026-08-25 21:52:10,997 [ERROR] ib_insync.wrapper: Error 200, reqId 42: No se encuentra definici\u00f3n del activo solicitado, contract: Option(symbol='NVDA', lastTradeDateOrContractMonth='20260904', strike=193.0, right='P', exchange='SMART')
2026-08-25 21:52:11,083 [ERROR] ib_insync.wrapper: Error 200, reqId 43: No se encuentra definici\u00f3n del activo solicitado, contract: Option(symbol='NVDA', lastTradeDateOrContractMonth='20260904', strike=194.0, right='P', exchange='SMART')
2026-08-25 21:52:11,800 [ERROR] ib_insync.wrapper: Error 200, reqId 51: No se encuentra definici\u00f3n del activo solicitado, contract: Option(symbol='NVDA', lastTradeDateOrContractMonth='20260904', strike=212.0, right='P', exchange='SMART')
2026-08-25 21:52:11,932 [WARNING] ib_insync.ib: Unknown contract: Option(symbol='NVDA', lastTradeDateOrContractMonth='20260904', strike=213.0, right='C', exchange='SMART')
2026-08-25 21:52:11,932 [WARNING] ib_insync.ib: Unknown contract: Option(symbol='NVDA', lastTradeDateOrContractMonth='20260904', strike=214.0, right='C', exchange='SMART')
2026-08-25 21:52:11,932 [WARNING] ib_insync.ib: Unknown contract: Option(symbol='NVDA', lastTradeDateOrContractMonth='20260904', strike=216.0, right='C', exchange='SMART')
2026-08-25 21:52:11,932 [WARNING] ib_insync.ib: Unknown contract: Option(symbol='NVDA', lastTradeDateOrContractMonth='20260904', strike=217.0, right='C', exchange='SMART')
2026-08-25 21:52:11,932 [WARNING] ib_insync.ib: Unknown contract: Option(symbol='NVDA', lastTradeDateOrContractMonth='20260904', strike=218.0, right='C', exchange='SMART')
2026-08-25 21:52:11,932 [WARNING] ib_insync.ib: Unknown contract: Option(symbol='NVDA', lastTradeDateOrContractMonth='20260904', strike=219.0, right='C', exchange='SMART')
2026-08-25 21:52:11,932 [WARNING] ib_insync.ib: Unknown contract: Option(symbol='NVDA', lastTradeDateOrContractMonth='20260904', strike=221.0, right='C', exchange='SMART')
2026-08-25 21:52:11,932 [WARNING] ib_insync.ib: Unknown contract: Option(symbol='NVDA', lastTradeDateOrContractMonth='20260904', strike=222.0, right='C', exchange='SMART')
2026-08-25 21:52:11,932 [WARNING] ib_insync.ib: Unknown contract: Option(symbol='NVDA', lastTradeDateOrContractMonth='20260904', strike=223.0, right='C', exchange='SMART')
2026-08-25 21:52:11,932 [WARNING] ib_insync.ib: Unknown contract: Option(symbol='NVDA', lastTradeDateOrContractMonth='20260904', strike=224.0, right='C', exchange='SMART')
2026-08-25 21:52:11,932 [WARNING] ib_insync.ib: Unknown contract: Option(symbol='NVDA', lastTradeDateOrContractMonth='20260904', strike=226.0, right='C', exchange='SMART')
2026-08-25 21:52:11,932 [WARNING] ib_insync.ib: Unknown contract: Option(symbol='NVDA', lastTradeDateOrContractMonth='20260904', strike=227.0, right='C', exchange='SMART')
2026-08-25 21:52:11,934 [WARNING] ib_insync.ib: Unknown contract: Option(symbol='NVDA', lastTradeDateOrContractMonth='20260904', strike=228.0, right='C', exchange='SMART')
2026-08-25 21:52:11,934 [WARNING] ib_insync.ib: Unknown contract: Option(symbol='NVDA', lastTradeDateOrContractMonth='20260904', strike=186.0, right='P', exchange='SMART')
2026-08-25 21:52:11,934 [WARNING] ib_insync.ib: Unknown contract: Option(symbol='NVDA', lastTradeDateOrContractMonth='20260904', strike=187.0, right='P', exchange='SMART')
2026-08-25 21:52:11,934 [WARNING] ib_insync.ib: Unknown contract: Option(symbol='NVDA', lastTradeDateOrContractMonth='20260904', strike=188.0, right='P', exchange='SMART')
2026-08-25 21:52:11,934 [WARNING] ib_insync.ib: Unknown contract: Option(symbol='NVDA', lastTradeDateOrContractMonth='20260904', strike=189.0, right='P', exchange='SMART')
2026-08-25 21:52:11,934 [WARNING] ib_insync.ib: Unknown contract: Option(symbol='NVDA', lastTradeDateOrContractMonth='20260904', strike=191.0, right='P', exchange='SMART')
2026-08-25 21:52:11,934 [WARNING] ib_insync.ib: Unknown contract: Option(symbol='NVDA', lastTradeDateOrContractMonth='20260904', strike=192.0, right='P', exchange='SMART')
2026-08-25 21:52:11,934 [WARNING] ib_insync.ib: Unknown contract: Option(symbol='NVDA', lastTradeDateOrContractMonth='20260904', strike=193.0, right='P', exchange='SMART')
2026-08-25 21:52:11,934 [WARNING] ib_insync.ib: Unknown contract: Option(symbol='NVDA', lastTradeDateOrContractMonth='20260904', strike=194.0, right='P', exchange='SMART')
2026-08-25 21:52:11,934 [WARNING] ib_insync.ib: Unknown contract: Option(symbol='NVDA', lastTradeDateOrContractMonth='20260904', strike=212.0, right='P', exchange='SMART')
2026-08-25 21:52:13,099 [ERROR] ib_insync.wrapper: Error 200, reqId 71: No se encuentra definici\u00f3n del activo solicitado, contract: Option(symbol='NVDA', lastTradeDateOrContractMonth='20260909', strike=213.0, right='C', exchange='SMART')
2026-08-25 21:52:13,099 [ERROR] ib_insync.wrapper: Error 200, reqId 74: No se encuentra definici\u00f3n del activo solicitado, contract: Option(symbol='NVDA', lastTradeDateOrContractMonth='20260909', strike=216.0, right='C', exchange='SMART')
2026-08-25 21:52:13,122 [ERROR] ib_insync.wrapper: Error 200, reqId 72: No se encuentra definici\u00f3n del activo solicitado, contract: Option(symbol='NVDA', lastTradeDateOrContractMonth='20260909', strike=214.0, right='C', exchange='SMART')
2026-08-25 21:52:13,183 [ERROR] ib_insync.wrapper: Error 200, reqId 75: No se encuentra definici\u00f3n del activo solicitado, contract: Option(symbol='NVDA', lastTradeDateOrContractMonth='20260909', strike=217.0, right='C', exchange='SMART')
2026-08-25 21:52:13,183 [ERROR] ib_insync.wrapper: Error 200, reqId 77: No se encuentra definici\u00f3n del activo solicitado, contract: Option(symbol='NVDA', lastTradeDateOrContractMonth='20260909', strike=218.0, right='C', exchange='SMART')
2026-08-25 21:52:13,183 [ERROR] ib_insync.wrapper: Error 200, reqId 76: No se encuentra definici\u00f3n del activo solicitado, contract: Option(symbol='NVDA', lastTradeDateOrContractMonth='20260909', strike=217.5, right='C', exchange='SMART')
2026-08-25 21:52:13,183 [ERROR] ib_insync.wrapper: Error 200, reqId 78: No se encuentra definici\u00f3n del activo solicitado, contract: Option(symbol='NVDA', lastTradeDateOrContractMonth='20260909', strike=219.0, right='C', exchange='SMART')
2026-08-25 21:52:13,199 [ERROR] ib_insync.wrapper: Error 200, reqId 80: No se encuentra definici\u00f3n del activo solicitado, contract: Option(symbol='NVDA', lastTradeDateOrContractMonth='20260909', strike=221.0, right='C', exchange='SMART')
2026-08-25 21:52:13,247 [ERROR] ib_insync.wrapper: Error 200, reqId 81: No se encuentra definici\u00f3n del activo solicitado, contract: Option(symbol='NVDA', lastTradeDateOrContractMonth='20260909', strike=222.0, right='C', exchange='SMART')
2026-08-25 21:52:13,247 [ERROR] ib_insync.wrapper: Error 200, reqId 83: No se encuentra definici\u00f3n del activo solicitado, contract: Option(symbol='NVDA', lastTradeDateOrContractMonth='20260909', strike=223.0, right='C', exchange='SMART')
2026-08-25 21:52:13,253 [ERROR] ib_insync.wrapper: Error 200, reqId 82: No se encuentra definici\u00f3n del activo solicitado, contract: Option(symbol='NVDA', lastTradeDateOrContractMonth='20260909', strike=222.5, right='C', exchange='SMART')
2026-08-25 21:52:13,253 [ERROR] ib_insync.wrapper: Error 200, reqId 84: No se encuentra definici\u00f3n del activo solicitado, contract: Option(symbol='NVDA', lastTradeDateOrContractMonth='20260909', strike=224.0, right='C', exchange='SMART')
2026-08-25 21:52:13,253 [ERROR] ib_insync.wrapper: Error 200, reqId 86: No se encuentra definici\u00f3n del activo solicitado, contract: Option(symbol='NVDA', lastTradeDateOrContractMonth='20260909', strike=226.0, right='C', exchange='SMART')
2026-08-25 21:52:13,253 [ERROR] ib_insync.wrapper: Error 200, reqId 87: No se encuentra definici\u00f3n del activo solicitado, contract: Option(symbol='NVDA', lastTradeDateOrContractMonth='20260909', strike=227.0, right='C', exchange='SMART')
2026-08-25 21:52:13,311 [ERROR] ib_insync.wrapper: Error 200, reqId 89: No se encuentra definici\u00f3n del activo solicitado, contract: Option(symbol='NVDA', lastTradeDateOrContractMonth='20260909', strike=228.0, right='C', exchange='SMART')
2026-08-25 21:52:13,312 [ERROR] ib_insync.wrapper: Error 200, reqId 88: No se encuentra definici\u00f3n del activo solicitado, contract: Option(symbol='NVDA', lastTradeDateOrContractMonth='20260909', strike=227.5, right='C', exchange='SMART')
2026-08-25 21:52:13,375 [ERROR] ib_insync.wrapper: Error 200, reqId 93: No se encuentra definici\u00f3n del activo solicitado, contract: Option(symbol='NVDA', lastTradeDateOrContractMonth='20260909', strike=187.5, right='P', exchange='SMART')
2026-08-25 21:52:13,376 [ERROR] ib_insync.wrapper: Error 200, reqId 92: No se encuentra definici\u00f3n del activo solicitado, contract: Option(symbol='NVDA', lastTradeDateOrContractMonth='20260909', strike=187.0, right='P', exchange='SMART')
2026-08-25 21:52:13,376 [ERROR] ib_insync.wrapper: Error 200, reqId 91: No se encuentra definici\u00f3n del activo solicitado, contract: Option(symbol='NVDA', lastTradeDateOrContractMonth='20260909', strike=186.0, right='P', exchange='SMART')
2026-08-25 21:52:13,376 [ERROR] ib_insync.wrapper: Error 200, reqId 94: No se encuentra definici\u00f3n del activo solicitado, contract: Option(symbol='NVDA', lastTradeDateOrContractMonth='20260909', strike=188.0, right='P', exchange='SMART')
2026-08-25 21:52:13,482 [ERROR] ib_insync.wrapper: Error 200, reqId 95: No se encuentra definici\u00f3n del activo solicitado, contract: Option(symbol='NVDA', lastTradeDateOrContractMonth='20260909', strike=189.0, right='P', exchange='SMART')
2026-08-25 21:52:13,482 [ERROR] ib_insync.wrapper: Error 200, reqId 97: No se encuentra definici\u00f3n del activo solicitado, contract: Option(symbol='NVDA', lastTradeDateOrContractMonth='20260909', strike=191.0, right='P', exchange='SMART')
2026-08-25 21:52:13,615 [ERROR] ib_insync.wrapper: Error 200, reqId 99: No se encuentra definici\u00f3n del activo solicitado, contract: Option(symbol='NVDA', lastTradeDateOrContractMonth='20260909', strike=192.5, right='P', exchange='SMART')
2026-08-25 21:52:13,615 [ERROR] ib_insync.wrapper: Error 200, reqId 98: No se encuentra definici\u00f3n del activo solicitado, contract: Option(symbol='NVDA', lastTradeDateOrContractMonth='20260909', strike=192.0, right='P', exchange='SMART')
2026-08-25 21:52:13,732 [ERROR] ib_insync.wrapper: Error 200, reqId 100: No se encuentra definici\u00f3n del activo solicitado, contract: Option(symbol='NVDA', lastTradeDateOrContractMonth='20260909', strike=193.0, right='P', exchange='SMART')
2026-08-25 21:52:13,860 [ERROR] ib_insync.wrapper: Error 200, reqId 101: No se encuentra definici\u00f3n del activo solicitado, contract: Option(symbol='NVDA', lastTradeDateOrContractMonth='20260909', strike=194.0, right='P', exchange='SMART')
2026-08-25 21:52:14,045 [ERROR] ib_insync.wrapper: Error 200, reqId 103: No se encuentra definici\u00f3n del activo solicitado, contract: Option(symbol='NVDA', lastTradeDateOrContractMonth='20260909', strike=197.5, right='P', exchange='SMART')
2026-08-25 21:52:14,246 [ERROR] ib_insync.wrapper: Error 200, reqId 105: No se encuentra definici\u00f3n del activo solicitado, contract: Option(symbol='NVDA', lastTradeDateOrContractMonth='20260909', strike=202.5, right='P', exchange='SMART')
2026-08-25 21:52:14,306 [ERROR] ib_insync.wrapper: Error 200, reqId 107: No se encuentra definici\u00f3n del activo solicitado, contract: Option(symbol='NVDA', lastTradeDateOrContractMonth='20260909', strike=207.5, right='P', exchange='SMART')
2026-08-25 21:52:14,365 [ERROR] ib_insync.wrapper: Error 200, reqId 109: No se encuentra definici\u00f3n del activo solicitado, contract: Option(symbol='NVDA', lastTradeDateOrContractMonth='20260909', strike=212.0, right='P', exchange='SMART')
2026-08-25 21:52:14,481 [ERROR] ib_insync.wrapper: Error 200, reqId 110: No se encuentra definici\u00f3n del activo solicitado, contract: Option(symbol='NVDA', lastTradeDateOrContractMonth='20260909', strike=212.5, right='P', exchange='SMART')
2026-08-25 21:52:14,481 [WARNING] ib_insync.ib: Unknown contract: Option(symbol='NVDA', lastTradeDateOrContractMonth='20260909', strike=213.0, right='C', exchange='SMART')
2026-08-25 21:52:14,481 [WARNING] ib_insync.ib: Unknown contract: Option(symbol='NVDA', lastTradeDateOrContractMonth='20260909', strike=214.0, right='C', exchange='SMART')
2026-08-25 21:52:14,484 [WARNING] ib_insync.ib: Unknown contract: Option(symbol='NVDA', lastTradeDateOrContractMonth='20260909', strike=216.0, right='C', exchange='SMART')
2026-08-25 21:52:14,484 [WARNING] ib_insync.ib: Unknown contract: Option(symbol='NVDA', lastTradeDateOrContractMonth='20260909', strike=217.0, right='C', exchange='SMART')
2026-08-25 21:52:14,484 [WARNING] ib_insync.ib: Unknown contract: Option(symbol='NVDA', lastTradeDateOrContractMonth='20260909', strike=217.5, right='C', exchange='SMART')
2026-08-25 21:52:14,484 [WARNING] ib_insync.ib: Unknown contract: Option(symbol='NVDA', lastTradeDateOrContractMonth='20260909', strike=218.0, right='C', exchange='SMART')
2026-08-25 21:52:14,484 [WARNING] ib_insync.ib: Unknown contract: Option(symbol='NVDA', lastTradeDateOrContractMonth='20260909', strike=219.0, right='C', exchange='SMART')
2026-08-25 21:52:14,484 [WARNING] ib_insync.ib: Unknown contract: Option(symbol='NVDA', lastTradeDateOrContractMonth='20260909', strike=221.0, right='C', exchange='SMART')
2026-08-25 21:52:14,484 [WARNING] ib_insync.ib: Unknown contract: Option(symbol='NVDA', lastTradeDateOrContractMonth='20260909', strike=222.0, right='C', exchange='SMART')
2026-08-25 21:52:14,484 [WARNING] ib_insync.ib: Unknown contract: Option(symbol='NVDA', lastTradeDateOrContractMonth='20260909', strike=222.5, right='C', exchange='SMART')
2026-08-25 21:52:14,484 [WARNING] ib_insync.ib: Unknown contract: Option(symbol='NVDA', lastTradeDateOrContractMonth='20260909', strike=223.0, right='C', exchange='SMART')
2026-08-25 21:52:14,484 [WARNING] ib_insync.ib: Unknown contract: Option(symbol='NVDA', lastTradeDateOrContractMonth='20260909', strike=224.0, right='C', exchange='SMART')
2026-08-25 21:52:14,484 [WARNING] ib_insync.ib: Unknown contract: Option(symbol='NVDA', lastTradeDateOrContractMonth='20260909', strike=226.0, right='C', exchange='SMART')
2026-08-25 21:52:14,484 [WARNING] ib_insync.ib: Unknown contract: Option(symbol='NVDA', lastTradeDateOrContractMonth='20260909', strike=227.0, right='C', exchange='SMART')
2026-08-25 21:52:14,486 [WARNING] ib_insync.ib: Unknown contract: Option(symbol='NVDA', lastTradeDateOrContractMonth='20260909', strike=227.5, right='C', exchange='SMART')
2026-08-25 21:52:14,486 [WARNING] ib_insync.ib: Unknown contract: Option(symbol='NVDA', lastTradeDateOrContractMonth='20260909', strike=228.0, right='C', exchange='SMART')
2026-08-25 21:52:14,486 [WARNING] ib_insync.ib: Unknown contract: Option(symbol='NVDA', lastTradeDateOrContractMonth='20260909', strike=186.0, right='P', exchange='SMART')
2026-08-25 21:52:14,486 [WARNING] ib_insync.ib: Unknown contract: Option(symbol='NVDA', lastTradeDateOrContractMonth='20260909', strike=187.0, right='P', exchange='SMART')
2026-08-25 21:52:14,486 [WARNING] ib_insync.ib: Unknown contract: Option(symbol='NVDA', lastTradeDateOrContractMonth='20260909', strike=187.5, right='P', exchange='SMART')
2026-08-25 21:52:14,486 [WARNING] ib_insync.ib: Unknown contract: Option(symbol='NVDA', lastTradeDateOrContractMonth='20260909', strike=188.0, right='P', exchange='SMART')
2026-08-25 21:52:14,486 [WARNING] ib_insync.ib: Unknown contract: Option(symbol='NVDA', lastTradeDateOrContractMonth='20260909', strike=189.0, right='P', exchange='SMART')
2026-08-25 21:52:14,486 [WARNING] ib_insync.ib: Unknown contract: Option(symbol='NVDA', lastTradeDateOrContractMonth='20260909', strike=191.0, right='P', exchange='SMART')
2026-08-25 21:52:14,486 [WARNING] ib_insync.ib: Unknown contract: Option(symbol='NVDA', lastTradeDateOrContractMonth='20260909', strike=192.0, right='P', exchange='SMART')
2026-08-25 21:52:14,486 [WARNING] ib_insync.ib: Unknown contract: Option(symbol='NVDA', lastTradeDateOrContractMonth='20260909', strike=192.5, right='P', exchange='SMART')
2026-08-25 21:52:14,486 [WARNING] ib_insync.ib: Unknown contract: Option(symbol='NVDA', lastTradeDateOrContractMonth='20260909', strike=193.0, right='P', exchange='SMART')
2026-08-25 21:52:14,486 [WARNING] ib_insync.ib: Unknown contract: Option(symbol='NVDA', lastTradeDateOrContractMonth='20260909', strike=194.0, right='P', exchange='SMART')
2026-08-25 21:52:14,486 [WARNING] ib_insync.ib: Unknown contract: Option(symbol='NVDA', lastTradeDateOrContractMonth='20260909', strike=197.5, right='P', exchange='SMART')
2026-08-25 21:52:14,488 [WARNING] ib_insync.ib: Unknown contract: Option(symbol='NVDA', lastTradeDateOrContractMonth='20260909', strike=202.5, right='P', exchange='SMART')
2026-08-25 21:52:14,488 [WARNING] ib_insync.ib: Unknown contract: Option(symbol='NVDA', lastTradeDateOrContractMonth='20260909', strike=207.5, right='P', exchange='SMART')
2026-08-25 21:52:14,488 [WARNING] ib_insync.ib: Unknown contract: Option(symbol='NVDA', lastTradeDateOrContractMonth='20260909', strike=212.0, right='P', exchange='SMART')
2026-08-25 21:52:14,488 [WARNING] ib_insync.ib: Unknown contract: Option(symbol='NVDA', lastTradeDateOrContractMonth='20260909', strike=212.5, right='P', exchange='SMART')
2026-08-25 21:52:14,815 [ERROR] ib_insync.wrapper: Error 200, reqId 120: No se encuentra definici\u00f3n del activo solicitado, contract: Option(symbol='NVDA', lastTradeDateOrContractMonth='20260911', strike=213.0, right='C', exchange='SMART')
2026-08-25 21:52:15,063 [ERROR] ib_insync.wrapper: Error 200, reqId 121: No se encuentra definici\u00f3n del activo solicitado, contract: Option(symbol='NVDA', lastTradeDateOrContractMonth='20260911', strike=214.0, right='C', exchange='SMART')
2026-08-25 21:52:15,261 [ERROR] ib_insync.wrapper: Error 200, reqId 123: No se encuentra definici\u00f3n del activo solicitado, contract: Option(symbol='NVDA', lastTradeDateOrContractMonth='20260911', strike=216.0, right='C', exchange='SMART')
2026-08-25 21:52:15,393 [ERROR] ib_insync.wrapper: Error 200, reqId 124: No se encuentra definici\u00f3n del activo solicitado, contract: Option(symbol='NVDA', lastTradeDateOrContractMonth='20260911', strike=217.0, right='C', exchange='SMART')
2026-08-25 21:52:15,548 [ERROR] ib_insync.wrapper: Error 200, reqId 126: No se encuentra definici\u00f3n del activo solicitado, contract: Option(symbol='NVDA', lastTradeDateOrContractMonth='20260911', strike=218.0, right='C', exchange='SMART')
2026-08-25 21:52:15,634 [ERROR] ib_insync.wrapper: Error 200, reqId 127: No se encuentra definici\u00f3n del activo solicitado, contract: Option(symbol='NVDA', lastTradeDateOrContractMonth='20260911', strike=219.0, right='C', exchange='SMART')
2026-08-25 21:52:15,645 [ERROR] ib_insync.wrapper: Error 200, reqId 129: No se encuentra definici\u00f3n del activo solicitado, contract: Option(symbol='NVDA', lastTradeDateOrContractMonth='20260911', strike=221.0, right='C', exchange='SMART')
2026-08-25 21:52:15,648 [ERROR] ib_insync.wrapper: Error 200, reqId 130: No se encuentra definici\u00f3n del activo solicitado, contract: Option(symbol='NVDA', lastTradeDateOrContractMonth='20260911', strike=222.0, right='C', exchange='SMART')
2026-08-25 21:52:15,664 [ERROR] ib_insync.wrapper: Error 200, reqId 133: No se encuentra definici\u00f3n del activo solicitado, contract: Option(symbol='NVDA', lastTradeDateOrContractMonth='20260911', strike=224.0, right='C', exchange='SMART')
2026-08-25 21:52:15,664 [ERROR] ib_insync.wrapper: Error 200, reqId 132: No se encuentra definici\u00f3n del activo solicitado, contract: Option(symbol='NVDA', lastTradeDateOrContractMonth='20260911', strike=223.0, right='C', exchange='SMART')
2026-08-25 21:52:15,664 [ERROR] ib_insync.wrapper: Error 200, reqId 135: No se encuentra definici\u00f3n del activo solicitado, contract: Option(symbol='NVDA', lastTradeDateOrContractMonth='20260911', strike=226.0, right='C', exchange='SMART')
2026-08-25 21:52:15,680 [ERROR] ib_insync.wrapper: Error 200, reqId 136: No se encuentra definici\u00f3n del activo solicitado, contract: Option(symbol='NVDA', lastTradeDateOrContractMonth='20260911', strike=227.0, right='C', exchange='SMART')
2026-08-25 21:52:15,680 [ERROR] ib_insync.wrapper: Error 200, reqId 138: No se encuentra definici\u00f3n del activo solicitado, contract: Option(symbol='NVDA', lastTradeDateOrContractMonth='20260911', strike=228.0, right='C', exchange='SMART')
2026-08-25 21:52:15,680 [ERROR] ib_insync.wrapper: Error 200, reqId 140: No se encuentra definici\u00f3n del activo solicitado, contract: Option(symbol='NVDA', lastTradeDateOrContractMonth='20260911', strike=186.0, right='P', exchange='SMART')
2026-08-25 21:52:15,680 [ERROR] ib_insync.wrapper: Error 200, reqId 141: No se encuentra definici\u00f3n del activo solicitado, contract: Option(symbol='NVDA', lastTradeDateOrContractMonth='20260911', strike=187.0, right='P', exchange='SMART')
2026-08-25 21:52:15,751 [ERROR] ib_insync.wrapper: Error 200, reqId 142: No se encuentra definici\u00f3n del activo solicitado, contract: Option(symbol='NVDA', lastTradeDateOrContractMonth='20260911', strike=187.5, right='P', exchange='SMART')
2026-08-25 21:52:15,760 [ERROR] ib_insync.wrapper: Error 200, reqId 146: No se encuentra definici\u00f3n del activo solicitado, contract: Option(symbol='NVDA', lastTradeDateOrContractMonth='20260911', strike=191.0, right='P', exchange='SMART')
2026-08-25 21:52:15,767 [ERROR] ib_insync.wrapper: Error 200, reqId 143: No se encuentra definici\u00f3n del activo solicitado, contract: Option(symbol='NVDA', lastTradeDateOrContractMonth='20260911', strike=188.0, right='P', exchange='SMART')
2026-08-25 21:52:15,767 [ERROR] ib_insync.wrapper: Error 200, reqId 144: No se encuentra definici\u00f3n del activo solicitado, contract: Option(symbol='NVDA', lastTradeDateOrContractMonth='20260911', strike=189.0, right='P', exchange='SMART')
2026-08-25 21:52:15,767 [ERROR] ib_insync.wrapper: Error 200, reqId 147: No se encuentra definici\u00f3n del activo solicitado, contract: Option(symbol='NVDA', lastTradeDateOrContractMonth='20260911', strike=192.0, right='P', exchange='SMART')
2026-08-25 21:52:15,960 [ERROR] ib_insync.wrapper: Error 200, reqId 150: No se encuentra definici\u00f3n del activo solicitado, contract: Option(symbol='NVDA', lastTradeDateOrContractMonth='20260911', strike=194.0, right='P', exchange='SMART')
2026-08-25 21:52:16,021 [ERROR] ib_insync.wrapper: Error 200, reqId 149: No se encuentra definici\u00f3n del activo solicitado, contract: Option(symbol='NVDA', lastTradeDateOrContractMonth='20260911', strike=193.0, right='P', exchange='SMART')
2026-08-25 21:52:16,328 [ERROR] ib_insync.wrapper: Error 200, reqId 158: No se encuentra definici\u00f3n del activo solicitado, contract: Option(symbol='NVDA', lastTradeDateOrContractMonth='20260911', strike=212.0, right='P', exchange='SMART')
2026-08-25 21:52:16,665 [WARNING] ib_insync.ib: Unknown contract: Option(symbol='NVDA', lastTradeDateOrContractMonth='20260911', strike=213.0, right='C', exchange='SMART')
2026-08-25 21:52:16,665 [WARNING] ib_insync.ib: Unknown contract: Option(symbol='NVDA', lastTradeDateOrContractMonth='20260911', strike=214.0, right='C', exchange='SMART')
2026-08-25 21:52:16,665 [WARNING] ib_insync.ib: Unknown contract: Option(symbol='NVDA', lastTradeDateOrContractMonth='20260911', strike=216.0, right='C', exchange='SMART')
2026-08-25 21:52:16,665 [WARNING] ib_insync.ib: Unknown contract: Option(symbol='NVDA', lastTradeDateOrContractMonth='20260911', strike=217.0, right='C', exchange='SMART')
2026-08-25 21:52:16,665 [WARNING] ib_insync.ib: Unknown contract: Option(symbol='NVDA', lastTradeDateOrContractMonth='20260911', strike=218.0, right='C', exchange='SMART')
2026-08-25 21:52:16,665 [WARNING] ib_insync.ib: Unknown contract: Option(symbol='NVDA', lastTradeDateOrContractMonth='20260911', strike=219.0, right='C', exchange='SMART')
2026-08-25 21:52:16,665 [WARNING] ib_insync.ib: Unknown contract: Option(symbol='NVDA', lastTradeDateOrContractMonth='20260911', strike=221.0, right='C', exchange='SMART')
2026-08-25 21:52:16,665 [WARNING] ib_insync.ib: Unknown contract: Option(symbol='NVDA', lastTradeDateOrContractMonth='20260911', strike=222.0, right='C', exchange='SMART')
2026-08-25 21:52:16,665 [WARNING] ib_insync.ib: Unknown contract: Option(symbol='NVDA', lastTradeDateOrContractMonth='20260911', strike=223.0, right='C', exchange='SMART')
2026-08-25 21:52:16,665 [WARNING] ib_insync.ib: Unknown contract: Option(symbol='NVDA', lastTradeDateOrContractMonth='20260911', strike=224.0, right='C', exchange='SMART')
2026-08-25 21:52:16,665 [WARNING] ib_insync.ib: Unknown contract: Option(symbol='NVDA', lastTradeDateOrContractMonth='20260911', strike=226.0, right='C', exchange='SMART')
2026-08-25 21:52:16,665 [WARNING] ib_insync.ib: Unknown contract: Option(symbol='NVDA', lastTradeDateOrContractMonth='20260911', strike=227.0, right='C', exchange='SMART')
2026-08-25 21:52:16,665 [WARNING] ib_insync.ib: Unknown contract: Option(symbol='NVDA', lastTradeDateOrContractMonth='20260911', strike=228.0, right='C', exchange='SMART')
2026-08-25 21:52:16,665 [WARNING] ib_insync.ib: Unknown contract: Option(symbol='NVDA', lastTradeDateOrContractMonth='20260911', strike=186.0, right='P', exchange='SMART')
2026-08-25 21:52:16,665 [WARNING] ib_insync.ib: Unknown contract: Option(symbol='NVDA', lastTradeDateOrContractMonth='20260911', strike=187.0, right='P', exchange='SMART')
2026-08-25 21:52:16,665 [WARNING] ib_insync.ib: Unknown contract: Option(symbol='NVDA', lastTradeDateOrContractMonth='20260911', strike=187.5, right='P', exchange='SMART')
2026-08-25 21:52:16,665 [WARNING] ib_insync.ib: Unknown contract: Option(symbol='NVDA', lastTradeDateOrContractMonth='20260911', strike=188.0, right='P', exchange='SMART')
2026-08-25 21:52:16,665 [WARNING] ib_insync.ib: Unknown contract: Option(symbol='NVDA', lastTradeDateOrContractMonth='20260911', strike=189.0, right='P', exchange='SMART')
2026-08-25 21:52:16,665 [WARNING] ib_insync.ib: Unknown contract: Option(symbol='NVDA', lastTradeDateOrContractMonth='20260911', strike=191.0, right='P', exchange='SMART')
2026-08-25 21:52:16,665 [WARNING] ib_insync.ib: Unknown contract: Option(symbol='NVDA', lastTradeDateOrContractMonth='20260911', strike=192.0, right='P', exchange='SMART')
2026-08-25 21:52:16,665 [WARNING] ib_insync.ib: Unknown contract: Option(symbol='NVDA', lastTradeDateOrContractMonth='20260911', strike=193.0, right='P', exchange='SMART')
2026-08-25 21:52:16,665 [WARNING] ib_insync.ib: Unknown contract: Option(symbol='NVDA', lastTradeDateOrContractMonth='20260911', strike=194.0, right='P', exchange='SMART')
2026-08-25 21:52:16,665 [WARNING] ib_insync.ib: Unknown contract: Option(symbol='NVDA', lastTradeDateOrContractMonth='20260911', strike=212.0, right='P', exchange='SMART')
2026-08-25 21:52:17,303 [ERROR] ib_insync.wrapper: Error 200, reqId 177: No se encuentra definici\u00f3n del activo solicitado, contract: Option(symbol='NVDA', lastTradeDateOrContractMonth='20260918', strike=213.0, right='C', exchange='SMART')
2026-08-25 21:52:17,546 [ERROR] ib_insync.wrapper: Error 200, reqId 178: No se encuentra definici\u00f3n del activo solicitado, contract: Option(symbol='NVDA', lastTradeDateOrContractMonth='20260918', strike=214.0, right='C', exchange='SMART')
2026-08-25 21:52:17,746 [ERROR] ib_insync.wrapper: Error 200, reqId 180: No se encuentra definici\u00f3n del activo solicitado, contract: Option(symbol='NVDA', lastTradeDateOrContractMonth='20260918', strike=216.0, right='C', exchange='SMART')
2026-08-25 21:52:17,824 [ERROR] ib_insync.wrapper: Error 200, reqId 181: No se encuentra definici\u00f3n del activo solicitado, contract: Option(symbol='NVDA', lastTradeDateOrContractMonth='20260918', strike=217.0, right='C', exchange='SMART')
2026-08-25 21:52:17,851 [ERROR] ib_insync.wrapper: Error 200, reqId 183: No se encuentra definici\u00f3n del activo solicitado, contract: Option(symbol='NVDA', lastTradeDateOrContractMonth='20260918', strike=218.0, right='C', exchange='SMART')
2026-08-25 21:52:17,854 [ERROR] ib_insync.wrapper: Error 200, reqId 184: No se encuentra definici\u00f3n del activo solicitado, contract: Option(symbol='NVDA', lastTradeDateOrContractMonth='20260918', strike=219.0, right='C', exchange='SMART')
2026-08-25 21:52:17,864 [ERROR] ib_insync.wrapper: Error 200, reqId 187: No se encuentra definici\u00f3n del activo solicitado, contract: Option(symbol='NVDA', lastTradeDateOrContractMonth='20260918', strike=222.0, right='C', exchange='SMART')
2026-08-25 21:52:17,864 [ERROR] ib_insync.wrapper: Error 200, reqId 186: No se encuentra definici\u00f3n del activo solicitado, contract: Option(symbol='NVDA', lastTradeDateOrContractMonth='20260918', strike=221.0, right='C', exchange='SMART')
2026-08-25 21:52:17,900 [ERROR] ib_insync.wrapper: Error 200, reqId 190: No se encuentra definici\u00f3n del activo solicitado, contract: Option(symbol='NVDA', lastTradeDateOrContractMonth='20260918', strike=224.0, right='C', exchange='SMART')
2026-08-25 21:52:17,933 [ERROR] ib_insync.wrapper: Error 200, reqId 189: No se encuentra definici\u00f3n del activo solicitado, contract: Option(symbol='NVDA', lastTradeDateOrContractMonth='20260918', strike=223.0, right='C', exchange='SMART')
2026-08-25 21:52:17,933 [ERROR] ib_insync.wrapper: Error 200, reqId 193: No se encuentra definici\u00f3n del activo solicitado, contract: Option(symbol='NVDA', lastTradeDateOrContractMonth='20260918', strike=227.0, right='C', exchange='SMART')
2026-08-25 21:52:17,948 [ERROR] ib_insync.wrapper: Error 200, reqId 192: No se encuentra definici\u00f3n del activo solicitado, contract: Option(symbol='NVDA', lastTradeDateOrContractMonth='20260918', strike=226.0, right='C', exchange='SMART')
2026-08-25 21:52:17,958 [ERROR] ib_insync.wrapper: Error 200, reqId 198: No se encuentra definici\u00f3n del activo solicitado, contract: Option(symbol='NVDA', lastTradeDateOrContractMonth='20260918', strike=187.0, right='P', exchange='SMART')
2026-08-25 21:52:17,958 [ERROR] ib_insync.wrapper: Error 200, reqId 197: No se encuentra definici\u00f3n del activo solicitado, contract: Option(symbol='NVDA', lastTradeDateOrContractMonth='20260918', strike=186.0, right='P', exchange='SMART')
2026-08-25 21:52:17,958 [ERROR] ib_insync.wrapper: Error 200, reqId 195: No se encuentra definici\u00f3n del activo solicitado, contract: Option(symbol='NVDA', lastTradeDateOrContractMonth='20260918', strike=228.0, right='C', exchange='SMART')
2026-08-25 21:52:17,959 [ERROR] ib_insync.wrapper: Error 200, reqId 199: No se encuentra definici\u00f3n del activo solicitado, contract: Option(symbol='NVDA', lastTradeDateOrContractMonth='20260918', strike=187.5, right='P', exchange='SMART')
2026-08-25 21:52:18,249 [ERROR] ib_insync.wrapper: Error 200, reqId 201: No se encuentra definici\u00f3n del activo solicitado, contract: Option(symbol='NVDA', lastTradeDateOrContractMonth='20260918', strike=189.0, right='P', exchange='SMART')
2026-08-25 21:52:18,249 [ERROR] ib_insync.wrapper: Error 200, reqId 200: No se encuentra definici\u00f3n del activo solicitado, contract: Option(symbol='NVDA', lastTradeDateOrContractMonth='20260918', strike=188.0, right='P', exchange='SMART')
2026-08-25 21:52:18,324 [ERROR] ib_insync.wrapper: Error 200, reqId 203: No se encuentra definici\u00f3n del activo solicitado, contract: Option(symbol='NVDA', lastTradeDateOrContractMonth='20260918', strike=191.0, right='P', exchange='SMART')
2026-08-25 21:52:18,385 [ERROR] ib_insync.wrapper: Error 200, reqId 204: No se encuentra definici\u00f3n del activo solicitado, contract: Option(symbol='NVDA', lastTradeDateOrContractMonth='20260918', strike=192.0, right='P', exchange='SMART')
2026-08-25 21:52:18,574 [ERROR] ib_insync.wrapper: Error 200, reqId 206: No se encuentra definici\u00f3n del activo solicitado, contract: Option(symbol='NVDA', lastTradeDateOrContractMonth='20260918', strike=193.0, right='P', exchange='SMART')
2026-08-25 21:52:18,643 [ERROR] ib_insync.wrapper: Error 200, reqId 207: No se encuentra definici\u00f3n del activo solicitado, contract: Option(symbol='NVDA', lastTradeDateOrContractMonth='20260918', strike=194.0, right='P', exchange='SMART')
2026-08-25 21:52:19,069 [ERROR] ib_insync.wrapper: Error 200, reqId 215: No se encuentra definici\u00f3n del activo solicitado, contract: Option(symbol='NVDA', lastTradeDateOrContractMonth='20260918', strike=212.0, right='P', exchange='SMART')
2026-08-25 21:52:19,244 [WARNING] ib_insync.ib: Unknown contract: Option(symbol='NVDA', lastTradeDateOrContractMonth='20260918', strike=213.0, right='C', exchange='SMART')
2026-08-25 21:52:19,244 [WARNING] ib_insync.ib: Unknown contract: Option(symbol='NVDA', lastTradeDateOrContractMonth='20260918', strike=214.0, right='C', exchange='SMART')
2026-08-25 21:52:19,244 [WARNING] ib_insync.ib: Unknown contract: Option(symbol='NVDA', lastTradeDateOrContractMonth='20260918', strike=216.0, right='C', exchange='SMART')
2026-08-25 21:52:19,244 [WARNING] ib_insync.ib: Unknown contract: Option(symbol='NVDA', lastTradeDateOrContractMonth='20260918', strike=217.0, right='C', exchange='SMART')
2026-08-25 21:52:19,244 [WARNING] ib_insync.ib: Unknown contract: Option(symbol='NVDA', lastTradeDateOrContractMonth='20260918', strike=218.0, right='C', exchange='SMART')
2026-08-25 21:52:19,244 [WARNING] ib_insync.ib: Unknown contract: Option(symbol='NVDA', lastTradeDateOrContractMonth='20260918', strike=219.0, right='C', exchange='SMART')
2026-08-25 21:52:19,244 [WARNING] ib_insync.ib: Unknown contract: Option(symbol='NVDA', lastTradeDateOrContractMonth='20260918', strike=221.0, right='C', exchange='SMART')
2026-08-25 21:52:19,244 [WARNING] ib_insync.ib: Unknown contract: Option(symbol='NVDA', lastTradeDateOrContractMonth='20260918', strike=222.0, right='C', exchange='SMART')
2026-08-25 21:52:19,244 [WARNING] ib_insync.ib: Unknown contract: Option(symbol='NVDA', lastTradeDateOrContractMonth='20260918', strike=223.0, right='C', exchange='SMART')
2026-08-25 21:52:19,244 [WARNING] ib_insync.ib: Unknown contract: Option(symbol='NVDA', lastTradeDateOrContractMonth='20260918', strike=224.0, right='C', exchange='SMART')
2026-08-25 21:52:19,244 [WARNING] ib_insync.ib: Unknown contract: Option(symbol='NVDA', lastTradeDateOrContractMonth='20260918', strike=226.0, right='C', exchange='SMART')
2026-08-25 21:52:19,244 [WARNING] ib_insync.ib: Unknown contract: Option(symbol='NVDA', lastTradeDateOrContractMonth='20260918', strike=227.0, right='C', exchange='SMART')
2026-08-25 21:52:19,244 [WARNING] ib_insync.ib: Unknown contract: Option(symbol='NVDA', lastTradeDateOrContractMonth='20260918', strike=228.0, right='C', exchange='SMART')
2026-08-25 21:52:19,244 [WARNING] ib_insync.ib: Unknown contract: Option(symbol='NVDA', lastTradeDateOrContractMonth='20260918', strike=186.0, right='P', exchange='SMART')
2026-08-25 21:52:19,244 [WARNING] ib_insync.ib: Unknown contract: Option(symbol='NVDA', lastTradeDateOrContractMonth='20260918', strike=187.0, right='P', exchange='SMART')
2026-08-25 21:52:19,244 [WARNING] ib_insync.ib: Unknown contract: Option(symbol='NVDA', lastTradeDateOrContractMonth='20260918', strike=187.5, right='P', exchange='SMART')
2026-08-25 21:52:19,244 [WARNING] ib_insync.ib: Unknown contract: Option(symbol='NVDA', lastTradeDateOrContractMonth='20260918', strike=188.0, right='P', exchange='SMART')
2026-08-25 21:52:19,244 [WARNING] ib_insync.ib: Unknown contract: Option(symbol='NVDA', lastTradeDateOrContractMonth='20260918', strike=189.0, right='P', exchange='SMART')
2026-08-25 21:52:19,244 [WARNING] ib_insync.ib: Unknown contract: Option(symbol='NVDA', lastTradeDateOrContractMonth='20260918', strike=191.0, right='P', exchange='SMART')
2026-08-25 21:52:19,244 [WARNING] ib_insync.ib: Unknown contract: Option(symbol='NVDA', lastTradeDateOrContractMonth='20260918', strike=192.0, right='P', exchange='SMART')
2026-08-25 21:52:19,244 [WARNING] ib_insync.ib: Unknown contract: Option(symbol='NVDA', lastTradeDateOrContractMonth='20260918', strike=193.0, right='P', exchange='SMART')
2026-08-25 21:52:19,244 [WARNING] ib_insync.ib: Unknown contract: Option(symbol='NVDA', lastTradeDateOrContractMonth='20260918', strike=194.0, right='P', exchange='SMART')
2026-08-25 21:52:19,244 [WARNING] ib_insync.ib: Unknown contract: Option(symbol='NVDA', lastTradeDateOrContractMonth='20260918', strike=212.0, right='P', exchange='SMART')
2026-08-25 21:52:20,439 [ERROR] ib_insync.wrapper: Error 200, reqId 234: No se encuentra definici\u00f3n del activo solicitado, contract: Option(symbol='NVDA', lastTradeDateOrContractMonth='20260925', strike=213.0, right='C', exchange='SMART')
2026-08-25 21:52:20,443 [ERROR] ib_insync.wrapper: Error 200, reqId 237: No se encuentra definici\u00f3n del activo solicitado, contract: Option(symbol='NVDA', lastTradeDateOrContractMonth='20260925', strike=216.0, right='C', exchange='SMART')
2026-08-25 21:52:20,452 [ERROR] ib_insync.wrapper: Error 200, reqId 235: No se encuentra definici\u00f3n del activo solicitado, contract: Option(symbol='NVDA', lastTradeDateOrContractMonth='20260925', strike=214.0, right='C', exchange='SMART')
2026-08-25 21:52:20,534 [ERROR] ib_insync.wrapper: Error 200, reqId 239: No se encuentra definici\u00f3n del activo solicitado, contract: Option(symbol='NVDA', lastTradeDateOrContractMonth='20260925', strike=217.5, right='C', exchange='SMART')
2026-08-25 21:52:20,534 [ERROR] ib_insync.wrapper: Error 200, reqId 238: No se encuentra definici\u00f3n del activo solicitado, contract: Option(symbol='NVDA', lastTradeDateOrContractMonth='20260925', strike=217.0, right='C', exchange='SMART')
2026-08-25 21:52:20,534 [ERROR] ib_insync.wrapper: Error 200, reqId 240: No se encuentra definici\u00f3n del activo solicitado, contract: Option(symbol='NVDA', lastTradeDateOrContractMonth='20260925', strike=218.0, right='C', exchange='SMART')
2026-08-25 21:52:20,534 [ERROR] ib_insync.wrapper: Error 200, reqId 241: No se encuentra definici\u00f3n del activo solicitado, contract: Option(symbol='NVDA', lastTradeDateOrContractMonth='20260925', strike=219.0, right='C', exchange='SMART')
2026-08-25 21:52:20,534 [ERROR] ib_insync.wrapper: Error 200, reqId 243: No se encuentra definici\u00f3n del activo solicitado, contract: Option(symbol='NVDA', lastTradeDateOrContractMonth='20260925', strike=221.0, right='C', exchange='SMART')
2026-08-25 21:52:20,567 [ERROR] ib_insync.wrapper: Error 200, reqId 244: No se encuentra definici\u00f3n del activo solicitado, contract: Option(symbol='NVDA', lastTradeDateOrContractMonth='20260925', strike=222.0, right='C', exchange='SMART')
2026-08-25 21:52:20,567 [ERROR] ib_insync.wrapper: Error 200, reqId 245: No se encuentra definici\u00f3n del activo solicitado, contract: Option(symbol='NVDA', lastTradeDateOrContractMonth='20260925', strike=222.5, right='C', exchange='SMART')
2026-08-25 21:52:20,567 [ERROR] ib_insync.wrapper: Error 200, reqId 247: No se encuentra definici\u00f3n del activo solicitado, contract: Option(symbol='NVDA', lastTradeDateOrContractMonth='20260925', strike=224.0, right='C', exchange='SMART')
2026-08-25 21:52:20,567 [ERROR] ib_insync.wrapper: Error 200, reqId 246: No se encuentra definici\u00f3n del activo solicitado, contract: Option(symbol='NVDA', lastTradeDateOrContractMonth='20260925', strike=223.0, right='C', exchange='SMART')
2026-08-25 21:52:20,583 [ERROR] ib_insync.wrapper: Error 200, reqId 249: No se encuentra definici\u00f3n del activo solicitado, contract: Option(symbol='NVDA', lastTradeDateOrContractMonth='20260925', strike=226.0, right='C', exchange='SMART')
2026-08-25 21:52:20,583 [ERROR] ib_insync.wrapper: Error 200, reqId 250: No se encuentra definici\u00f3n del activo solicitado, contract: Option(symbol='NVDA', lastTradeDateOrContractMonth='20260925', strike=227.0, right='C', exchange='SMART')
2026-08-25 21:52:20,583 [ERROR] ib_insync.wrapper: Error 200, reqId 252: No se encuentra definici\u00f3n del activo solicitado, contract: Option(symbol='NVDA', lastTradeDateOrContractMonth='20260925', strike=228.0, right='C', exchange='SMART')
2026-08-25 21:52:20,583 [ERROR] ib_insync.wrapper: Error 200, reqId 251: No se encuentra definici\u00f3n del activo solicitado, contract: Option(symbol='NVDA', lastTradeDateOrContractMonth='20260925', strike=227.5, right='C', exchange='SMART')
2026-08-25 21:52:20,700 [ERROR] ib_insync.wrapper: Error 200, reqId 256: No se encuentra definici\u00f3n del activo solicitado, contract: Option(symbol='NVDA', lastTradeDateOrContractMonth='20260925', strike=187.5, right='P', exchange='SMART')
2026-08-25 21:52:20,714 [ERROR] ib_insync.wrapper: Error 200, reqId 255: No se encuentra definici\u00f3n del activo solicitado, contract: Option(symbol='NVDA', lastTradeDateOrContractMonth='20260925', strike=187.0, right='P', exchange='SMART')
2026-08-25 21:52:20,714 [ERROR] ib_insync.wrapper: Error 200, reqId 254: No se encuentra definici\u00f3n del activo solicitado, contract: Option(symbol='NVDA', lastTradeDateOrContractMonth='20260925', strike=186.0, right='P', exchange='SMART')
2026-08-25 21:52:20,714 [ERROR] ib_insync.wrapper: Error 200, reqId 257: No se encuentra definici\u00f3n del activo solicitado, contract: Option(symbol='NVDA', lastTradeDateOrContractMonth='20260925', strike=188.0, right='P', exchange='SMART')
2026-08-25 21:52:20,715 [ERROR] ib_insync.wrapper: Error 200, reqId 258: No se encuentra definici\u00f3n del activo solicitado, contract: Option(symbol='NVDA', lastTradeDateOrContractMonth='20260925', strike=189.0, right='P', exchange='SMART')
2026-08-25 21:52:20,766 [ERROR] ib_insync.wrapper: Error 200, reqId 260: No se encuentra definici\u00f3n del activo solicitado, contract: Option(symbol='NVDA', lastTradeDateOrContractMonth='20260925', strike=191.0, right='P', exchange='SMART')
2026-08-25 21:52:20,829 [ERROR] ib_insync.wrapper: Error 200, reqId 261: No se encuentra definici\u00f3n del activo solicitado, contract: Option(symbol='NVDA', lastTradeDateOrContractMonth='20260925', strike=192.0, right='P', exchange='SMART')
2026-08-25 21:52:20,967 [ERROR] ib_insync.wrapper: Error 200, reqId 263: No se encuentra definici\u00f3n del activo solicitado, contract: Option(symbol='NVDA', lastTradeDateOrContractMonth='20260925', strike=193.0, right='P', exchange='SMART')
2026-08-25 21:52:20,967 [ERROR] ib_insync.wrapper: Error 200, reqId 262: No se encuentra definici\u00f3n del activo solicitado, contract: Option(symbol='NVDA', lastTradeDateOrContractMonth='20260925', strike=192.5, right='P', exchange='SMART')
2026-08-25 21:52:21,150 [ERROR] ib_insync.wrapper: Error 200, reqId 264: No se encuentra definici\u00f3n del activo solicitado, contract: Option(symbol='NVDA', lastTradeDateOrContractMonth='20260925', strike=194.0, right='P', exchange='SMART')
2026-08-25 21:52:21,277 [ERROR] ib_insync.wrapper: Error 200, reqId 266: No se encuentra definici\u00f3n del activo solicitado, contract: Option(symbol='NVDA', lastTradeDateOrContractMonth='20260925', strike=197.5, right='P', exchange='SMART')
2026-08-25 21:52:21,459 [ERROR] ib_insync.wrapper: Error 200, reqId 268: No se encuentra definici\u00f3n del activo solicitado, contract: Option(symbol='NVDA', lastTradeDateOrContractMonth='20260925', strike=202.5, right='P', exchange='SMART')
2026-08-25 21:52:21,565 [ERROR] ib_insync.wrapper: Error 200, reqId 270: No se encuentra definici\u00f3n del activo solicitado, contract: Option(symbol='NVDA', lastTradeDateOrContractMonth='20260925', strike=207.5, right='P', exchange='SMART')
2026-08-25 21:52:21,651 [ERROR] ib_insync.wrapper: Error 200, reqId 273: No se encuentra definici\u00f3n del activo solicitado, contract: Option(symbol='NVDA', lastTradeDateOrContractMonth='20260925', strike=212.5, right='P', exchange='SMART')
2026-08-25 21:52:21,748 [ERROR] ib_insync.wrapper: Error 200, reqId 272: No se encuentra definici\u00f3n del activo solicitado, contract: Option(symbol='NVDA', lastTradeDateOrContractMonth='20260925', strike=212.0, right='P', exchange='SMART')
2026-08-25 21:52:21,748 [WARNING] ib_insync.ib: Unknown contract: Option(symbol='NVDA', lastTradeDateOrContractMonth='20260925', strike=213.0, right='C', exchange='SMART')
2026-08-25 21:52:21,748 [WARNING] ib_insync.ib: Unknown contract: Option(symbol='NVDA', lastTradeDateOrContractMonth='20260925', strike=214.0, right='C', exchange='SMART')
2026-08-25 21:52:21,748 [WARNING] ib_insync.ib: Unknown contract: Option(symbol='NVDA', lastTradeDateOrContractMonth='20260925', strike=216.0, right='C', exchange='SMART')
2026-08-25 21:52:21,748 [WARNING] ib_insync.ib: Unknown contract: Option(symbol='NVDA', lastTradeDateOrContractMonth='20260925', strike=217.0, right='C', exchange='SMART')
2026-08-25 21:52:21,748 [WARNING] ib_insync.ib: Unknown contract: Option(symbol='NVDA', lastTradeDateOrContractMonth='20260925', strike=217.5, right='C', exchange='SMART')
2026-08-25 21:52:21,748 [WARNING] ib_insync.ib: Unknown contract: Option(symbol='NVDA', lastTradeDateOrContractMonth='20260925', strike=218.0, right='C', exchange='SMART')
2026-08-25 21:52:21,748 [WARNING] ib_insync.ib: Unknown contract: Option(symbol='NVDA', lastTradeDateOrContractMonth='20260925', strike=219.0, right='C', exchange='SMART')
2026-08-25 21:52:21,748 [WARNING] ib_insync.ib: Unknown contract: Option(symbol='NVDA', lastTradeDateOrContractMonth='20260925', strike=221.0, right='C', exchange='SMART')
2026-08-25 21:52:21,748 [WARNING] ib_insync.ib: Unknown contract: Option(symbol='NVDA', lastTradeDateOrContractMonth='20260925', strike=222.0, right='C', exchange='SMART')
2026-08-25 21:52:21,748 [WARNING] ib_insync.ib: Unknown contract: Option(symbol='NVDA', lastTradeDateOrContractMonth='20260925', strike=222.5, right='C', exchange='SMART')
2026-08-25 21:52:21,748 [WARNING] ib_insync.ib: Unknown contract: Option(symbol='NVDA', lastTradeDateOrContractMonth='20260925', strike=223.0, right='C', exchange='SMART')
2026-08-25 21:52:21,748 [WARNING] ib_insync.ib: Unknown contract: Option(symbol='NVDA', lastTradeDateOrContractMonth='20260925', strike=224.0, right='C', exchange='SMART')
2026-08-25 21:52:21,748 [WARNING] ib_insync.ib: Unknown contract: Option(symbol='NVDA', lastTradeDateOrContractMonth='20260925', strike=226.0, right='C', exchange='SMART')
2026-08-25 21:52:21,748 [WARNING] ib_insync.ib: Unknown contract: Option(symbol='NVDA', lastTradeDateOrContractMonth='20260925', strike=227.0, right='C', exchange='SMART')
2026-08-25 21:52:21,748 [WARNING] ib_insync.ib: Unknown contract: Option(symbol='NVDA', lastTradeDateOrContractMonth='20260925', strike=227.5, right='C', exchange='SMART')
2026-08-25 21:52:21,748 [WARNING] ib_insync.ib: Unknown contract: Option(symbol='NVDA', lastTradeDateOrContractMonth='20260925', strike=228.0, right='C', exchange='SMART')
2026-08-25 21:52:21,748 [WARNING] ib_insync.ib: Unknown contract: Option(symbol='NVDA', lastTradeDateOrContractMonth='20260925', strike=186.0, right='P', exchange='SMART')
2026-08-25 21:52:21,748 [WARNING] ib_insync.ib: Unknown contract: Option(symbol='NVDA', lastTradeDateOrContractMonth='20260925', strike=187.0, right='P', exchange='SMART')
2026-08-25 21:52:21,748 [WARNING] ib_insync.ib: Unknown contract: Option(symbol='NVDA', lastTradeDateOrContractMonth='20260925', strike=187.5, right='P', exchange='SMART')
2026-08-25 21:52:21,748 [WARNING] ib_insync.ib: Unknown contract: Option(symbol='NVDA', lastTradeDateOrContractMonth='20260925', strike=188.0, right='P', exchange='SMART')
2026-08-25 21:52:21,748 [WARNING] ib_insync.ib: Unknown contract: Option(symbol='NVDA', lastTradeDateOrContractMonth='20260925', strike=189.0, right='P', exchange='SMART')
2026-08-25 21:52:21,748 [WARNING] ib_insync.ib: Unknown contract: Option(symbol='NVDA', lastTradeDateOrContractMonth='20260925', strike=191.0, right='P', exchange='SMART')
2026-08-25 21:52:21,748 [WARNING] ib_insync.ib: Unknown contract: Option(symbol='NVDA', lastTradeDateOrContractMonth='20260925', strike=192.0, right='P', exchange='SMART')
2026-08-25 21:52:21,748 [WARNING] ib_insync.ib: Unknown contract: Option(symbol='NVDA', lastTradeDateOrContractMonth='20260925', strike=192.5, right='P', exchange='SMART')
2026-08-25 21:52:21,748 [WARNING] ib_insync.ib: Unknown contract: Option(symbol='NVDA', lastTradeDateOrContractMonth='20260925', strike=193.0, right='P', exchange='SMART')
2026-08-25 21:52:21,748 [WARNING] ib_insync.ib: Unknown contract: Option(symbol='NVDA', lastTradeDateOrContractMonth='20260925', strike=194.0, right='P', exchange='SMART')
2026-08-25 21:52:21,748 [WARNING] ib_insync.ib: Unknown contract: Option(symbol='NVDA', lastTradeDateOrContractMonth='20260925', strike=197.5, right='P', exchange='SMART')
2026-08-25 21:52:21,748 [WARNING] ib_insync.ib: Unknown contract: Option(symbol='NVDA', lastTradeDateOrContractMonth='20260925', strike=202.5, right='P', exchange='SMART')
2026-08-25 21:52:21,755 [WARNING] ib_insync.ib: Unknown contract: Option(symbol='NVDA', lastTradeDateOrContractMonth='20260925', strike=207.5, right='P', exchange='SMART')
2026-08-25 21:52:21,755 [WARNING] ib_insync.ib: Unknown contract: Option(symbol='NVDA', lastTradeDateOrContractMonth='20260925', strike=212.0, right='P', exchange='SMART')
2026-08-25 21:52:21,755 [WARNING] ib_insync.ib: Unknown contract: Option(symbol='NVDA', lastTradeDateOrContractMonth='20260925', strike=212.5, right='P', exchange='SMART')
2026-08-25 21:52:22,088 [ERROR] ib_insync.wrapper: Error 200, reqId 283: No se encuentra definici\u00f3n del activo solicitado, contract: Option(symbol='NVDA', lastTradeDateOrContractMonth='20261002', strike=213.0, right='C', exchange='SMART')
2026-08-25 21:52:22,339 [ERROR] ib_insync.wrapper: Error 200, reqId 284: No se encuentra definici\u00f3n del activo solicitado, contract: Option(symbol='NVDA', lastTradeDateOrContractMonth='20261002', strike=214.0, right='C', exchange='SMART')
2026-08-25 21:52:22,542 [ERROR] ib_insync.wrapper: Error 200, reqId 286: No se encuentra definici\u00f3n del activo solicitado, contract: Option(symbol='NVDA', lastTradeDateOrContractMonth='20261002', strike=216.0, right='C', exchange='SMART')
2026-08-25 21:52:22,663 [ERROR] ib_insync.wrapper: Error 200, reqId 287: No se encuentra definici\u00f3n del activo solicitado, contract: Option(symbol='NVDA', lastTradeDateOrContractMonth='20261002', strike=217.0, right='C', exchange='SMART')
2026-08-25 21:52:22,782 [ERROR] ib_insync.wrapper: Error 200, reqId 288: No se encuentra definici\u00f3n del activo solicitado, contract: Option(symbol='NVDA', lastTradeDateOrContractMonth='20261002', strike=217.5, right='C', exchange='SMART')
2026-08-25 21:52:22,816 [ERROR] ib_insync.wrapper: Error 200, reqId 289: No se encuentra definici\u00f3n del activo solicitado, contract: Option(symbol='NVDA', lastTradeDateOrContractMonth='20261002', strike=218.0, right='C', exchange='SMART')
2026-08-25 21:52:22,915 [ERROR] ib_insync.wrapper: Error 200, reqId 290: No se encuentra definici\u00f3n del activo solicitado, contract: Option(symbol='NVDA', lastTradeDateOrContractMonth='20261002', strike=219.0, right='C', exchange='SMART')
2026-08-25 21:52:22,947 [ERROR] ib_insync.wrapper: Error 200, reqId 293: No se encuentra definici\u00f3n del activo solicitado, contract: Option(symbol='NVDA', lastTradeDateOrContractMonth='20261002', strike=222.0, right='C', exchange='SMART')
2026-08-25 21:52:22,947 [ERROR] ib_insync.wrapper: Error 200, reqId 295: No se encuentra definici\u00f3n del activo solicitado, contract: Option(symbol='NVDA', lastTradeDateOrContractMonth='20261002', strike=223.0, right='C', exchange='SMART')
2026-08-25 21:52:22,947 [ERROR] ib_insync.wrapper: Error 200, reqId 292: No se encuentra definici\u00f3n del activo solicitado, contract: Option(symbol='NVDA', lastTradeDateOrContractMonth='20261002', strike=221.0, right='C', exchange='SMART')
2026-08-25 21:52:22,992 [ERROR] ib_insync.wrapper: Error 200, reqId 294: No se encuentra definici\u00f3n del activo solicitado, contract: Option(symbol='NVDA', lastTradeDateOrContractMonth='20261002', strike=222.5, right='C', exchange='SMART')
2026-08-25 21:52:22,992 [ERROR] ib_insync.wrapper: Error 200, reqId 296: No se encuentra definici\u00f3n del activo solicitado, contract: Option(symbol='NVDA', lastTradeDateOrContractMonth='20261002', strike=224.0, right='C', exchange='SMART')
2026-08-25 21:52:22,993 [ERROR] ib_insync.wrapper: Error 200, reqId 298: No se encuentra definici\u00f3n del activo solicitado, contract: Option(symbol='NVDA', lastTradeDateOrContractMonth='20261002', strike=226.0, right='C', exchange='SMART')
2026-08-25 21:52:22,997 [ERROR] ib_insync.wrapper: Error 200, reqId 300: No se encuentra definici\u00f3n del activo solicitado, contract: Option(symbol='NVDA', lastTradeDateOrContractMonth='20261002', strike=227.5, right='C', exchange='SMART')
2026-08-25 21:52:22,997 [ERROR] ib_insync.wrapper: Error 200, reqId 299: No se encuentra definici\u00f3n del activo solicitado, contract: Option(symbol='NVDA', lastTradeDateOrContractMonth='20261002', strike=227.0, right='C', exchange='SMART')
2026-08-25 21:52:23,005 [ERROR] ib_insync.wrapper: Error 200, reqId 301: No se encuentra definici\u00f3n del activo solicitado, contract: Option(symbol='NVDA', lastTradeDateOrContractMonth='20261002', strike=228.0, right='C', exchange='SMART')
2026-08-25 21:52:23,005 [ERROR] ib_insync.wrapper: Error 200, reqId 303: No se encuentra definici\u00f3n del activo solicitado, contract: Option(symbol='NVDA', lastTradeDateOrContractMonth='20261002', strike=186.0, right='P', exchange='SMART')
2026-08-25 21:52:23,006 [ERROR] ib_insync.wrapper: Error 200, reqId 304: No se encuentra definici\u00f3n del activo solicitado, contract: Option(symbol='NVDA', lastTradeDateOrContractMonth='20261002', strike=187.0, right='P', exchange='SMART')
2026-08-25 21:52:23,125 [ERROR] ib_insync.wrapper: Error 200, reqId 306: No se encuentra definici\u00f3n del activo solicitado, contract: Option(symbol='NVDA', lastTradeDateOrContractMonth='20261002', strike=188.0, right='P', exchange='SMART')
2026-08-25 21:52:23,127 [ERROR] ib_insync.wrapper: Error 200, reqId 305: No se encuentra definici\u00f3n del activo solicitado, contract: Option(symbol='NVDA', lastTradeDateOrContractMonth='20261002', strike=187.5, right='P', exchange='SMART')
2026-08-25 21:52:23,127 [ERROR] ib_insync.wrapper: Error 200, reqId 307: No se encuentra definici\u00f3n del activo solicitado, contract: Option(symbol='NVDA', lastTradeDateOrContractMonth='20261002', strike=189.0, right='P', exchange='SMART')
2026-08-25 21:52:23,127 [ERROR] ib_insync.wrapper: Error 200, reqId 310: No se encuentra definici\u00f3n del activo solicitado, contract: Option(symbol='NVDA', lastTradeDateOrContractMonth='20261002', strike=192.0, right='P', exchange='SMART')
2026-08-25 21:52:23,127 [ERROR] ib_insync.wrapper: Error 200, reqId 309: No se encuentra definici\u00f3n del activo solicitado, contract: Option(symbol='NVDA', lastTradeDateOrContractMonth='20261002', strike=191.0, right='P', exchange='SMART')
2026-08-25 21:52:23,127 [ERROR] ib_insync.wrapper: Error 200, reqId 311: No se encuentra definici\u00f3n del activo solicitado, contract: Option(symbol='NVDA', lastTradeDateOrContractMonth='20261002', strike=192.5, right='P', exchange='SMART')
2026-08-25 21:52:23,248 [ERROR] ib_insync.wrapper: Error 200, reqId 312: No se encuentra definici\u00f3n del activo solicitado, contract: Option(symbol='NVDA', lastTradeDateOrContractMonth='20261002', strike=193.0, right='P', exchange='SMART')
2026-08-25 21:52:23,248 [ERROR] ib_insync.wrapper: Error 200, reqId 313: No se encuentra definici\u00f3n del activo solicitado, contract: Option(symbol='NVDA', lastTradeDateOrContractMonth='20261002', strike=194.0, right='P', exchange='SMART')
2026-08-25 21:52:23,321 [ERROR] ib_insync.wrapper: Error 200, reqId 315: No se encuentra definici\u00f3n del activo solicitado, contract: Option(symbol='NVDA', lastTradeDateOrContractMonth='20261002', strike=197.5, right='P', exchange='SMART')
2026-08-25 21:52:23,381 [ERROR] ib_insync.wrapper: Error 200, reqId 317: No se encuentra definici\u00f3n del activo solicitado, contract: Option(symbol='NVDA', lastTradeDateOrContractMonth='20261002', strike=202.5, right='P', exchange='SMART')
2026-08-25 21:52:23,560 [ERROR] ib_insync.wrapper: Error 200, reqId 319: No se encuentra definici\u00f3n del activo solicitado, contract: Option(symbol='NVDA', lastTradeDateOrContractMonth='20261002', strike=207.5, right='P', exchange='SMART')
2026-08-25 21:52:23,766 [ERROR] ib_insync.wrapper: Error 200, reqId 321: No se encuentra definici\u00f3n del activo solicitado, contract: Option(symbol='NVDA', lastTradeDateOrContractMonth='20261002', strike=212.0, right='P', exchange='SMART')
2026-08-25 21:52:23,889 [ERROR] ib_insync.wrapper: Error 200, reqId 322: No se encuentra definici\u00f3n del activo solicitado, contract: Option(symbol='NVDA', lastTradeDateOrContractMonth='20261002', strike=212.5, right='P', exchange='SMART')
2026-08-25 21:52:23,889 [WARNING] ib_insync.ib: Unknown contract: Option(symbol='NVDA', lastTradeDateOrContractMonth='20261002', strike=213.0, right='C', exchange='SMART')
2026-08-25 21:52:23,889 [WARNING] ib_insync.ib: Unknown contract: Option(symbol='NVDA', lastTradeDateOrContractMonth='20261002', strike=214.0, right='C', exchange='SMART')
2026-08-25 21:52:23,890 [WARNING] ib_insync.ib: Unknown contract: Option(symbol='NVDA', lastTradeDateOrContractMonth='20261002', strike=216.0, right='C', exchange='SMART')
2026-08-25 21:52:23,890 [WARNING] ib_insync.ib: Unknown contract: Option(symbol='NVDA', lastTradeDateOrContractMonth='20261002', strike=217.0, right='C', exchange='SMART')
2026-08-25 21:52:23,890 [WARNING] ib_insync.ib: Unknown contract: Option(symbol='NVDA', lastTradeDateOrContractMonth='20261002', strike=217.5, right='C', exchange='SMART')
2026-08-25 21:52:23,890 [WARNING] ib_insync.ib: Unknown contract: Option(symbol='NVDA', lastTradeDateOrContractMonth='20261002', strike=218.0, right='C', exchange='SMART')
2026-08-25 21:52:23,890 [WARNING] ib_insync.ib: Unknown contract: Option(symbol='NVDA', lastTradeDateOrContractMonth='20261002', strike=219.0, right='C', exchange='SMART')
2026-08-25 21:52:23,890 [WARNING] ib_insync.ib: Unknown contract: Option(symbol='NVDA', lastTradeDateOrContractMonth='20261002', strike=221.0, right='C', exchange='SMART')
2026-08-25 21:52:23,891 [WARNING] ib_insync.ib: Unknown contract: Option(symbol='NVDA', lastTradeDateOrContractMonth='20261002', strike=222.0, right='C', exchange='SMART')
2026-08-25 21:52:23,891 [WARNING] ib_insync.ib: Unknown contract: Option(symbol='NVDA', lastTradeDateOrContractMonth='20261002', strike=222.5, right='C', exchange='SMART')
2026-08-25 21:52:23,891 [WARNING] ib_insync.ib: Unknown contract: Option(symbol='NVDA', lastTradeDateOrContractMonth='20261002', strike=223.0, right='C', exchange='SMART')
2026-08-25 21:52:23,892 [WARNING] ib_insync.ib: Unknown contract: Option(symbol='NVDA', lastTradeDateOrContractMonth='20261002', strike=224.0, right='C', exchange='SMART')
2026-08-25 21:52:23,892 [WARNING] ib_insync.ib: Unknown contract: Option(symbol='NVDA', lastTradeDateOrContractMonth='20261002', strike=226.0, right='C', exchange='SMART')
2026-08-25 21:52:23,893 [WARNING] ib_insync.ib: Unknown contract: Option(symbol='NVDA', lastTradeDateOrContractMonth='20261002', strike=227.0, right='C', exchange='SMART')
2026-08-25 21:52:23,893 [WARNING] ib_insync.ib: Unknown contract: Option(symbol='NVDA', lastTradeDateOrContractMonth='20261002', strike=227.5, right='C', exchange='SMART')
2026-08-25 21:52:23,894 [WARNING] ib_insync.ib: Unknown contract: Option(symbol='NVDA', lastTradeDateOrContractMonth='20261002', strike=228.0, right='C', exchange='SMART')
2026-08-25 21:52:23,894 [WARNING] ib_insync.ib: Unknown contract: Option(symbol='NVDA', lastTradeDateOrContractMonth='20261002', strike=186.0, right='P', exchange='SMART')
2026-08-25 21:52:23,895 [WARNING] ib_insync.ib: Unknown contract: Option(symbol='NVDA', lastTradeDateOrContractMonth='20261002', strike=187.0, right='P', exchange='SMART')
2026-08-25 21:52:23,895 [WARNING] ib_insync.ib: Unknown contract: Option(symbol='NVDA', lastTradeDateOrContractMonth='20261002', strike=187.5, right='P', exchange='SMART')
2026-08-25 21:52:23,895 [WARNING] ib_insync.ib: Unknown contract: Option(symbol='NVDA', lastTradeDateOrContractMonth='20261002', strike=188.0, right='P', exchange='SMART')
2026-08-25 21:52:23,896 [WARNING] ib_insync.ib: Unknown contract: Option(symbol='NVDA', lastTradeDateOrContractMonth='20261002', strike=189.0, right='P', exchange='SMART')
2026-08-25 21:52:23,896 [WARNING] ib_insync.ib: Unknown contract: Option(symbol='NVDA', lastTradeDateOrContractMonth='20261002', strike=191.0, right='P', exchange='SMART')
2026-08-25 21:52:23,897 [WARNING] ib_insync.ib: Unknown contract: Option(symbol='NVDA', lastTradeDateOrContractMonth='20261002', strike=192.0, right='P', exchange='SMART')
2026-08-25 21:52:23,897 [WARNING] ib_insync.ib: Unknown contract: Option(symbol='NVDA', lastTradeDateOrContractMonth='20261002', strike=192.5, right='P', exchange='SMART')
2026-08-25 21:52:23,897 [WARNING] ib_insync.ib: Unknown contract: Option(symbol='NVDA', lastTradeDateOrContractMonth='20261002', strike=193.0, right='P', exchange='SMART')
2026-08-25 21:52:23,898 [WARNING] ib_insync.ib: Unknown contract: Option(symbol='NVDA', lastTradeDateOrContractMonth='20261002', strike=194.0, right='P', exchange='SMART')
2026-08-25 21:52:23,898 [WARNING] ib_insync.ib: Unknown contract: Option(symbol='NVDA', lastTradeDateOrContractMonth='20261002', strike=197.5, right='P', exchange='SMART')
2026-08-25 21:52:23,899 [WARNING] ib_insync.ib: Unknown contract: Option(symbol='NVDA', lastTradeDateOrContractMonth='20261002', strike=202.5, right='P', exchange='SMART')
2026-08-25 21:52:23,899 [WARNING] ib_insync.ib: Unknown contract: Option(symbol='NVDA', lastTradeDateOrContractMonth='20261002', strike=207.5, right='P', exchange='SMART')
2026-08-25 21:52:23,899 [WARNING] ib_insync.ib: Unknown contract: Option(symbol='NVDA', lastTradeDateOrContractMonth='20261002', strike=212.0, right='P', exchange='SMART')
2026-08-25 21:52:23,899 [WARNING] ib_insync.ib: Unknown contract: Option(symbol='NVDA', lastTradeDateOrContractMonth='20261002', strike=212.5, right='P', exchange='SMART')
2026-08-25 21:52:24,939 [ERROR] ib_insync.wrapper: Error 200, reqId 332: No se encuentra definici\u00f3n del activo solicitado, contract: Option(symbol='NVDA', lastTradeDateOrContractMonth='20261016', strike=213.0, right='C', exchange='SMART')
2026-08-25 21:52:25,051 [ERROR] ib_insync.wrapper: Error 200, reqId 333: No se encuentra definici\u00f3n del activo solicitado, contract: Option(symbol='NVDA', lastTradeDateOrContractMonth='20261016', strike=214.0, right='C', exchange='SMART')
2026-08-25 21:52:25,068 [ERROR] ib_insync.wrapper: Error 200, reqId 336: No se encuentra definici\u00f3n del activo solicitado, contract: Option(symbol='NVDA', lastTradeDateOrContractMonth='20261016', strike=217.0, right='C', exchange='SMART')
2026-08-25 21:52:25,068 [ERROR] ib_insync.wrapper: Error 200, reqId 335: No se encuentra definici\u00f3n del activo solicitado, contract: Option(symbol='NVDA', lastTradeDateOrContractMonth='20261016', strike=216.0, right='C', exchange='SMART')
2026-08-25 21:52:25,083 [ERROR] ib_insync.wrapper: Error 200, reqId 337: No se encuentra definici\u00f3n del activo solicitado, contract: Option(symbol='NVDA', lastTradeDateOrContractMonth='20261016', strike=217.5, right='C', exchange='SMART')
2026-08-25 21:52:25,083 [ERROR] ib_insync.wrapper: Error 200, reqId 338: No se encuentra definici\u00f3n del activo solicitado, contract: Option(symbol='NVDA', lastTradeDateOrContractMonth='20261016', strike=218.0, right='C', exchange='SMART')
2026-08-25 21:52:25,083 [ERROR] ib_insync.wrapper: Error 200, reqId 339: No se encuentra definici\u00f3n del activo solicitado, contract: Option(symbol='NVDA', lastTradeDateOrContractMonth='20261016', strike=219.0, right='C', exchange='SMART')
2026-08-25 21:52:25,083 [ERROR] ib_insync.wrapper: Error 200, reqId 341: No se encuentra definici\u00f3n del activo solicitado, contract: Option(symbol='NVDA', lastTradeDateOrContractMonth='20261016', strike=221.0, right='C', exchange='SMART')
2026-08-25 21:52:25,083 [ERROR] ib_insync.wrapper: Error 200, reqId 342: No se encuentra definici\u00f3n del activo solicitado, contract: Option(symbol='NVDA', lastTradeDateOrContractMonth='20261016', strike=222.0, right='C', exchange='SMART')
2026-08-25 21:52:25,083 [ERROR] ib_insync.wrapper: Error 200, reqId 343: No se encuentra definici\u00f3n del activo solicitado, contract: Option(symbol='NVDA', lastTradeDateOrContractMonth='20261016', strike=222.5, right='C', exchange='SMART')
2026-08-25 21:52:25,083 [ERROR] ib_insync.wrapper: Error 200, reqId 344: No se encuentra definici\u00f3n del activo solicitado, contract: Option(symbol='NVDA', lastTradeDateOrContractMonth='20261016', strike=223.0, right='C', exchange='SMART')
2026-08-25 21:52:25,083 [ERROR] ib_insync.wrapper: Error 200, reqId 345: No se encuentra definici\u00f3n del activo solicitado, contract: Option(symbol='NVDA', lastTradeDateOrContractMonth='20261016', strike=224.0, right='C', exchange='SMART')
2026-08-25 21:52:25,083 [ERROR] ib_insync.wrapper: Error 200, reqId 347: No se encuentra definici\u00f3n del activo solicitado, contract: Option(symbol='NVDA', lastTradeDateOrContractMonth='20261016', strike=226.0, right='C', exchange='SMART')
2026-08-25 21:52:25,083 [ERROR] ib_insync.wrapper: Error 200, reqId 348: No se encuentra definici\u00f3n del activo solicitado, contract: Option(symbol='NVDA', lastTradeDateOrContractMonth='20261016', strike=227.0, right='C', exchange='SMART')
2026-08-25 21:52:25,157 [ERROR] ib_insync.wrapper: Error 200, reqId 349: No se encuentra definici\u00f3n del activo solicitado, contract: Option(symbol='NVDA', lastTradeDateOrContractMonth='20261016', strike=227.5, right='C', exchange='SMART')
2026-08-25 21:52:25,158 [ERROR] ib_insync.wrapper: Error 200, reqId 350: No se encuentra definici\u00f3n del activo solicitado, contract: Option(symbol='NVDA', lastTradeDateOrContractMonth='20261016', strike=228.0, right='C', exchange='SMART')
2026-08-25 21:52:25,169 [ERROR] ib_insync.wrapper: Error 200, reqId 354: No se encuentra definici\u00f3n del activo solicitado, contract: Option(symbol='NVDA', lastTradeDateOrContractMonth='20261016', strike=187.5, right='P', exchange='SMART')
2026-08-25 21:52:25,170 [ERROR] ib_insync.wrapper: Error 200, reqId 352: No se encuentra definici\u00f3n del activo solicitado, contract: Option(symbol='NVDA', lastTradeDateOrContractMonth='20261016', strike=186.0, right='P', exchange='SMART')
2026-08-25 21:52:25,175 [ERROR] ib_insync.wrapper: Error 200, reqId 353: No se encuentra definici\u00f3n del activo solicitado, contract: Option(symbol='NVDA', lastTradeDateOrContractMonth='20261016', strike=187.0, right='P', exchange='SMART')
2026-08-25 21:52:25,175 [ERROR] ib_insync.wrapper: Error 200, reqId 355: No se encuentra definici\u00f3n del activo solicitado, contract: Option(symbol='NVDA', lastTradeDateOrContractMonth='20261016', strike=188.0, right='P', exchange='SMART')
2026-08-25 21:52:25,217 [ERROR] ib_insync.wrapper: Error 200, reqId 356: No se encuentra definici\u00f3n del activo solicitado, contract: Option(symbol='NVDA', lastTradeDateOrContractMonth='20261016', strike=189.0, right='P', exchange='SMART')
2026-08-25 21:52:25,271 [ERROR] ib_insync.wrapper: Error 200, reqId 359: No se encuentra definici\u00f3n del activo solicitado, contract: Option(symbol='NVDA', lastTradeDateOrContractMonth='20261016', strike=192.0, right='P', exchange='SMART')
2026-08-25 21:52:25,271 [ERROR] ib_insync.wrapper: Error 200, reqId 358: No se encuentra definici\u00f3n del activo solicitado, contract: Option(symbol='NVDA', lastTradeDateOrContractMonth='20261016', strike=191.0, right='P', exchange='SMART')
2026-08-25 21:52:25,335 [ERROR] ib_insync.wrapper: Error 200, reqId 360: No se encuentra definici\u00f3n del activo solicitado, contract: Option(symbol='NVDA', lastTradeDateOrContractMonth='20261016', strike=192.5, right='P', exchange='SMART')
2026-08-25 21:52:25,383 [ERROR] ib_insync.wrapper: Error 200, reqId 362: No se encuentra definici\u00f3n del activo solicitado, contract: Option(symbol='NVDA', lastTradeDateOrContractMonth='20261016', strike=194.0, right='P', exchange='SMART')
2026-08-25 21:52:25,383 [ERROR] ib_insync.wrapper: Error 200, reqId 361: No se encuentra definici\u00f3n del activo solicitado, contract: Option(symbol='NVDA', lastTradeDateOrContractMonth='20261016', strike=193.0, right='P', exchange='SMART')
2026-08-25 21:52:25,383 [ERROR] ib_insync.wrapper: Error 200, reqId 364: No se encuentra definici\u00f3n del activo solicitado, contract: Option(symbol='NVDA', lastTradeDateOrContractMonth='20261016', strike=197.5, right='P', exchange='SMART')
2026-08-25 21:52:25,466 [ERROR] ib_insync.wrapper: Error 200, reqId 366: No se encuentra definici\u00f3n del activo solicitado, contract: Option(symbol='NVDA', lastTradeDateOrContractMonth='20261016', strike=202.5, right='P', exchange='SMART')
2026-08-25 21:52:25,599 [ERROR] ib_insync.wrapper: Error 200, reqId 368: No se encuentra definici\u00f3n del activo solicitado, contract: Option(symbol='NVDA', lastTradeDateOrContractMonth='20261016', strike=207.5, right='P', exchange='SMART')
2026-08-25 21:52:25,717 [ERROR] ib_insync.wrapper: Error 200, reqId 370: No se encuentra definici\u00f3n del activo solicitado, contract: Option(symbol='NVDA', lastTradeDateOrContractMonth='20261016', strike=212.0, right='P', exchange='SMART')
2026-08-25 21:52:25,842 [ERROR] ib_insync.wrapper: Error 200, reqId 371: No se encuentra definici\u00f3n del activo solicitado, contract: Option(symbol='NVDA', lastTradeDateOrContractMonth='20261016', strike=212.5, right='P', exchange='SMART')
2026-08-25 21:52:25,842 [WARNING] ib_insync.ib: Unknown contract: Option(symbol='NVDA', lastTradeDateOrContractMonth='20261016', strike=213.0, right='C', exchange='SMART')
2026-08-25 21:52:25,842 [WARNING] ib_insync.ib: Unknown contract: Option(symbol='NVDA', lastTradeDateOrContractMonth='20261016', strike=214.0, right='C', exchange='SMART')
2026-08-25 21:52:25,842 [WARNING] ib_insync.ib: Unknown contract: Option(symbol='NVDA', lastTradeDateOrContractMonth='20261016', strike=216.0, right='C', exchange='SMART')
2026-08-25 21:52:25,848 [WARNING] ib_insync.ib: Unknown contract: Option(symbol='NVDA', lastTradeDateOrContractMonth='20261016', strike=217.0, right='C', exchange='SMART')
2026-08-25 21:52:25,848 [WARNING] ib_insync.ib: Unknown contract: Option(symbol='NVDA', lastTradeDateOrContractMonth='20261016', strike=217.5, right='C', exchange='SMART')
2026-08-25 21:52:25,849 [WARNING] ib_insync.ib: Unknown contract: Option(symbol='NVDA', lastTradeDateOrContractMonth='20261016', strike=218.0, right='C', exchange='SMART')
2026-08-25 21:52:25,849 [WARNING] ib_insync.ib: Unknown contract: Option(symbol='NVDA', lastTradeDateOrContractMonth='20261016', strike=219.0, right='C', exchange='SMART')
2026-08-25 21:52:25,849 [WARNING] ib_insync.ib: Unknown contract: Option(symbol='NVDA', lastTradeDateOrContractMonth='20261016', strike=221.0, right='C', exchange='SMART')
2026-08-25 21:52:25,849 [WARNING] ib_insync.ib: Unknown contract: Option(symbol='NVDA', lastTradeDateOrContractMonth='20261016', strike=222.0, right='C', exchange='SMART')
2026-08-25 21:52:25,849 [WARNING] ib_insync.ib: Unknown contract: Option(symbol='NVDA', lastTradeDateOrContractMonth='20261016', strike=222.5, right='C', exchange='SMART')
2026-08-25 21:52:25,849 [WARNING] ib_insync.ib: Unknown contract: Option(symbol='NVDA', lastTradeDateOrContractMonth='20261016', strike=223.0, right='C', exchange='SMART')
2026-08-25 21:52:25,849 [WARNING] ib_insync.ib: Unknown contract: Option(symbol='NVDA', lastTradeDateOrContractMonth='20261016', strike=224.0, right='C', exchange='SMART')
2026-08-25 21:52:25,849 [WARNING] ib_insync.ib: Unknown contract: Option(symbol='NVDA', lastTradeDateOrContractMonth='20261016', strike=226.0, right='C', exchange='SMART')
2026-08-25 21:52:25,849 [WARNING] ib_insync.ib: Unknown contract: Option(symbol='NVDA', lastTradeDateOrContractMonth='20261016', strike=227.0, right='C', exchange='SMART')
2026-08-25 21:52:25,849 [WARNING] ib_insync.ib: Unknown contract: Option(symbol='NVDA', lastTradeDateOrContractMonth='20261016', strike=227.5, right='C', exchange='SMART')
2026-08-25 21:52:25,849 [WARNING] ib_insync.ib: Unknown contract: Option(symbol='NVDA', lastTradeDateOrContractMonth='20261016', strike=228.0, right='C', exchange='SMART')
2026-08-25 21:52:25,849 [WARNING] ib_insync.ib: Unknown contract: Option(symbol='NVDA', lastTradeDateOrContractMonth='20261016', strike=186.0, right='P', exchange='SMART')
2026-08-25 21:52:25,849 [WARNING] ib_insync.ib: Unknown contract: Option(symbol='NVDA', lastTradeDateOrContractMonth='20261016', strike=187.0, right='P', exchange='SMART')
2026-08-25 21:52:25,849 [WARNING] ib_insync.ib: Unknown contract: Option(symbol='NVDA', lastTradeDateOrContractMonth='20261016', strike=187.5, right='P', exchange='SMART')
2026-08-25 21:52:25,849 [WARNING] ib_insync.ib: Unknown contract: Option(symbol='NVDA', lastTradeDateOrContractMonth='20261016', strike=188.0, right='P', exchange='SMART')
2026-08-25 21:52:25,849 [WARNING] ib_insync.ib: Unknown contract: Option(symbol='NVDA', lastTradeDateOrContractMonth='20261016', strike=189.0, right='P', exchange='SMART')
2026-08-25 21:52:25,849 [WARNING] ib_insync.ib: Unknown contract: Option(symbol='NVDA', lastTradeDateOrContractMonth='20261016', strike=191.0, right='P', exchange='SMART')
2026-08-25 21:52:25,849 [WARNING] ib_insync.ib: Unknown contract: Option(symbol='NVDA', lastTradeDateOrContractMonth='20261016', strike=192.0, right='P', exchange='SMART')
2026-08-25 21:52:25,849 [WARNING] ib_insync.ib: Unknown contract: Option(symbol='NVDA', lastTradeDateOrContractMonth='20261016', strike=192.5, right='P', exchange='SMART')
2026-08-25 21:52:25,849 [WARNING] ib_insync.ib: Unknown contract: Option(symbol='NVDA', lastTradeDateOrContractMonth='20261016', strike=193.0, right='P', exchange='SMART')
2026-08-25 21:52:25,849 [WARNING] ib_insync.ib: Unknown contract: Option(symbol='NVDA', lastTradeDateOrContractMonth='20261016', strike=194.0, right='P', exchange='SMART')
2026-08-25 21:52:25,849 [WARNING] ib_insync.ib: Unknown contract: Option(symbol='NVDA', lastTradeDateOrContractMonth='20261016', strike=197.5, right='P', exchange='SMART')
2026-08-25 21:52:25,849 [WARNING] ib_insync.ib: Unknown contract: Option(symbol='NVDA', lastTradeDateOrContractMonth='20261016', strike=202.5, right='P', exchange='SMART')
2026-08-25 21:52:25,849 [WARNING] ib_insync.ib: Unknown contract: Option(symbol='NVDA', lastTradeDateOrContractMonth='20261016', strike=207.5, right='P', exchange='SMART')
2026-08-25 21:52:25,849 [WARNING] ib_insync.ib: Unknown contract: Option(symbol='NVDA', lastTradeDateOrContractMonth='20261016', strike=212.0, right='P', exchange='SMART')
2026-08-25 21:52:25,849 [WARNING] ib_insync.ib: Unknown contract: Option(symbol='NVDA', lastTradeDateOrContractMonth='20261016', strike=212.5, right='P', exchange='SMART')
2026-08-25 21:52:26,883 [ERROR] ib_insync.wrapper: Error 200, reqId 381: No se encuentra definici\u00f3n del activo solicitado, contract: Option(symbol='NVDA', lastTradeDateOrContractMonth='20261120', strike=213.0, right='C', exchange='SMART')
2026-08-25 21:52:27,016 [ERROR] ib_insync.wrapper: Error 200, reqId 382: No se encuentra definici\u00f3n del activo solicitado, contract: Option(symbol='NVDA', lastTradeDateOrContractMonth='20261120', strike=214.0, right='C', exchange='SMART')
2026-08-25 21:52:27,021 [ERROR] ib_insync.wrapper: Error 200, reqId 384: No se encuentra definici\u00f3n del activo solicitado, contract: Option(symbol='NVDA', lastTradeDateOrContractMonth='20261120', strike=216.0, right='C', exchange='SMART')
2026-08-25 21:52:27,024 [ERROR] ib_insync.wrapper: Error 200, reqId 387: No se encuentra definici\u00f3n del activo solicitado, contract: Option(symbol='NVDA', lastTradeDateOrContractMonth='20261120', strike=218.0, right='C', exchange='SMART')
2026-08-25 21:52:27,024 [ERROR] ib_insync.wrapper: Error 200, reqId 385: No se encuentra definici\u00f3n del activo solicitado, contract: Option(symbol='NVDA', lastTradeDateOrContractMonth='20261120', strike=217.0, right='C', exchange='SMART')
2026-08-25 21:52:27,024 [ERROR] ib_insync.wrapper: Error 200, reqId 386: No se encuentra definici\u00f3n del activo solicitado, contract: Option(symbol='NVDA', lastTradeDateOrContractMonth='20261120', strike=217.5, right='C', exchange='SMART')
2026-08-25 21:52:27,033 [ERROR] ib_insync.wrapper: Error 200, reqId 388: No se encuentra definici\u00f3n del activo solicitado, contract: Option(symbol='NVDA', lastTradeDateOrContractMonth='20261120', strike=219.0, right='C', exchange='SMART')
2026-08-25 21:52:27,033 [ERROR] ib_insync.wrapper: Error 200, reqId 390: No se encuentra definici\u00f3n del activo solicitado, contract: Option(symbol='NVDA', lastTradeDateOrContractMonth='20261120', strike=221.0, right='C', exchange='SMART')
2026-08-25 21:52:27,033 [ERROR] ib_insync.wrapper: Error 200, reqId 392: No se encuentra definici\u00f3n del activo solicitado, contract: Option(symbol='NVDA', lastTradeDateOrContractMonth='20261120', strike=222.5, right='C', exchange='SMART')
2026-08-25 21:52:27,068 [ERROR] ib_insync.wrapper: Error 200, reqId 391: No se encuentra definici\u00f3n del activo solicitado, contract: Option(symbol='NVDA', lastTradeDateOrContractMonth='20261120', strike=222.0, right='C', exchange='SMART')
2026-08-25 21:52:27,082 [ERROR] ib_insync.wrapper: Error 200, reqId 393: No se encuentra definici\u00f3n del activo solicitado, contract: Option(symbol='NVDA', lastTradeDateOrContractMonth='20261120', strike=223.0, right='C', exchange='SMART')
2026-08-25 21:52:27,082 [ERROR] ib_insync.wrapper: Error 200, reqId 394: No se encuentra definici\u00f3n del activo solicitado, contract: Option(symbol='NVDA', lastTradeDateOrContractMonth='20261120', strike=224.0, right='C', exchange='SMART')
2026-08-25 21:52:27,082 [ERROR] ib_insync.wrapper: Error 200, reqId 397: No se encuentra definici\u00f3n del activo solicitado, contract: Option(symbol='NVDA', lastTradeDateOrContractMonth='20261120', strike=227.0, right='C', exchange='SMART')
2026-08-25 21:52:27,083 [ERROR] ib_insync.wrapper: Error 200, reqId 396: No se encuentra definici\u00f3n del activo solicitado, contract: Option(symbol='NVDA', lastTradeDateOrContractMonth='20261120', strike=226.0, right='C', exchange='SMART')
2026-08-25 21:52:27,083 [ERROR] ib_insync.wrapper: Error 200, reqId 399: No se encuentra definici\u00f3n del activo solicitado, contract: Option(symbol='NVDA', lastTradeDateOrContractMonth='20261120', strike=228.0, right='C', exchange='SMART')
2026-08-25 21:52:27,107 [ERROR] ib_insync.wrapper: Error 200, reqId 398: No se encuentra definici\u00f3n del activo solicitado, contract: Option(symbol='NVDA', lastTradeDateOrContractMonth='20261120', strike=227.5, right='C', exchange='SMART')
2026-08-25 21:52:27,107 [ERROR] ib_insync.wrapper: Error 200, reqId 403: No se encuentra definici\u00f3n del activo solicitado, contract: Option(symbol='NVDA', lastTradeDateOrContractMonth='20261120', strike=187.5, right='P', exchange='SMART')
2026-08-25 21:52:27,108 [ERROR] ib_insync.wrapper: Error 200, reqId 402: No se encuentra definici\u00f3n del activo solicitado, contract: Option(symbol='NVDA', lastTradeDateOrContractMonth='20261120', strike=187.0, right='P', exchange='SMART')
2026-08-25 21:52:27,108 [ERROR] ib_insync.wrapper: Error 200, reqId 401: No se encuentra definici\u00f3n del activo solicitado, contract: Option(symbol='NVDA', lastTradeDateOrContractMonth='20261120', strike=186.0, right='P', exchange='SMART')
2026-08-25 21:52:27,108 [ERROR] ib_insync.wrapper: Error 200, reqId 404: No se encuentra definici\u00f3n del activo solicitado, contract: Option(symbol='NVDA', lastTradeDateOrContractMonth='20261120', strike=188.0, right='P', exchange='SMART')
2026-08-25 21:52:27,109 [ERROR] ib_insync.wrapper: Error 200, reqId 405: No se encuentra definici\u00f3n del activo solicitado, contract: Option(symbol='NVDA', lastTradeDateOrContractMonth='20261120', strike=189.0, right='P', exchange='SMART')
2026-08-25 21:52:27,193 [ERROR] ib_insync.wrapper: Error 200, reqId 407: No se encuentra definici\u00f3n del activo solicitado, contract: Option(symbol='NVDA', lastTradeDateOrContractMonth='20261120', strike=191.0, right='P', exchange='SMART')
2026-08-25 21:52:27,215 [ERROR] ib_insync.wrapper: Error 200, reqId 408: No se encuentra definici\u00f3n del activo solicitado, contract: Option(symbol='NVDA', lastTradeDateOrContractMonth='20261120', strike=192.0, right='P', exchange='SMART')
2026-08-25 21:52:27,279 [ERROR] ib_insync.wrapper: Error 200, reqId 409: No se encuentra definici\u00f3n del activo solicitado, contract: Option(symbol='NVDA', lastTradeDateOrContractMonth='20261120', strike=192.5, right='P', exchange='SMART')
2026-08-25 21:52:27,317 [ERROR] ib_insync.wrapper: Error 200, reqId 411: No se encuentra definici\u00f3n del activo solicitado, contract: Option(symbol='NVDA', lastTradeDateOrContractMonth='20261120', strike=194.0, right='P', exchange='SMART')
2026-08-25 21:52:27,317 [ERROR] ib_insync.wrapper: Error 200, reqId 410: No se encuentra definici\u00f3n del activo solicitado, contract: Option(symbol='NVDA', lastTradeDateOrContractMonth='20261120', strike=193.0, right='P', exchange='SMART')
2026-08-25 21:52:27,349 [ERROR] ib_insync.wrapper: Error 200, reqId 413: No se encuentra definici\u00f3n del activo solicitado, contract: Option(symbol='NVDA', lastTradeDateOrContractMonth='20261120', strike=197.5, right='P', exchange='SMART')
2026-08-25 21:52:27,423 [ERROR] ib_insync.wrapper: Error 200, reqId 415: No se encuentra definici\u00f3n del activo solicitado, contract: Option(symbol='NVDA', lastTradeDateOrContractMonth='20261120', strike=202.5, right='P', exchange='SMART')
2026-08-25 21:52:27,565 [ERROR] ib_insync.wrapper: Error 200, reqId 417: No se encuentra definici\u00f3n del activo solicitado, contract: Option(symbol='NVDA', lastTradeDateOrContractMonth='20261120', strike=207.5, right='P', exchange='SMART')
2026-08-25 21:52:27,700 [ERROR] ib_insync.wrapper: Error 200, reqId 419: No se encuentra definici\u00f3n del activo solicitado, contract: Option(symbol='NVDA', lastTradeDateOrContractMonth='20261120', strike=212.0, right='P', exchange='SMART')
2026-08-25 21:52:27,803 [ERROR] ib_insync.wrapper: Error 200, reqId 420: No se encuentra definici\u00f3n del activo solicitado, contract: Option(symbol='NVDA', lastTradeDateOrContractMonth='20261120', strike=212.5, right='P', exchange='SMART')
2026-08-25 21:52:27,803 [WARNING] ib_insync.ib: Unknown contract: Option(symbol='NVDA', lastTradeDateOrContractMonth='20261120', strike=213.0, right='C', exchange='SMART')
2026-08-25 21:52:27,803 [WARNING] ib_insync.ib: Unknown contract: Option(symbol='NVDA', lastTradeDateOrContractMonth='20261120', strike=214.0, right='C', exchange='SMART')
2026-08-25 21:52:27,803 [WARNING] ib_insync.ib: Unknown contract: Option(symbol='NVDA', lastTradeDateOrContractMonth='20261120', strike=216.0, right='C', exchange='SMART')
2026-08-25 21:52:27,815 [WARNING] ib_insync.ib: Unknown contract: Option(symbol='NVDA', lastTradeDateOrContractMonth='20261120', strike=217.0, right='C', exchange='SMART')
2026-08-25 21:52:27,815 [WARNING] ib_insync.ib: Unknown contract: Option(symbol='NVDA', lastTradeDateOrContractMonth='20261120', strike=217.5, right='C', exchange='SMART')
2026-08-25 21:52:27,816 [WARNING] ib_insync.ib: Unknown contract: Option(symbol='NVDA', lastTradeDateOrContractMonth='20261120', strike=218.0, right='C', exchange='SMART')
2026-08-25 21:52:27,816 [WARNING] ib_insync.ib: Unknown contract: Option(symbol='NVDA', lastTradeDateOrContractMonth='20261120', strike=219.0, right='C', exchange='SMART')
2026-08-25 21:52:27,816 [WARNING] ib_insync.ib: Unknown contract: Option(symbol='NVDA', lastTradeDateOrContractMonth='20261120', strike=221.0, right='C', exchange='SMART')
2026-08-25 21:52:27,816 [WARNING] ib_insync.ib: Unknown contract: Option(symbol='NVDA', lastTradeDateOrContractMonth='20261120', strike=222.0, right='C', exchange='SMART')
2026-08-25 21:52:27,816 [WARNING] ib_insync.ib: Unknown contract: Option(symbol='NVDA', lastTradeDateOrContractMonth='20261120', strike=222.5, right='C', exchange='SMART')
2026-08-25 21:52:27,816 [WARNING] ib_insync.ib: Unknown contract: Option(symbol='NVDA', lastTradeDateOrContractMonth='20261120', strike=223.0, right='C', exchange='SMART')
2026-08-25 21:52:27,816 [WARNING] ib_insync.ib: Unknown contract: Option(symbol='NVDA', lastTradeDateOrContractMonth='20261120', strike=224.0, right='C', exchange='SMART')
2026-08-25 21:52:27,816 [WARNING] ib_insync.ib: Unknown contract: Option(symbol='NVDA', lastTradeDateOrContractMonth='20261120', strike=226.0, right='C', exchange='SMART')
2026-08-25 21:52:27,816 [WARNING] ib_insync.ib: Unknown contract: Option(symbol='NVDA', lastTradeDateOrContractMonth='20261120', strike=227.0, right='C', exchange='SMART')
2026-08-25 21:52:27,816 [WARNING] ib_insync.ib: Unknown contract: Option(symbol='NVDA', lastTradeDateOrContractMonth='20261120', strike=227.5, right='C', exchange='SMART')
2026-08-25 21:52:27,816 [WARNING] ib_insync.ib: Unknown contract: Option(symbol='NVDA', lastTradeDateOrContractMonth='20261120', strike=228.0, right='C', exchange='SMART')
2026-08-25 21:52:27,816 [WARNING] ib_insync.ib: Unknown contract: Option(symbol='NVDA', lastTradeDateOrContractMonth='20261120', strike=186.0, right='P', exchange='SMART')
2026-08-25 21:52:27,816 [WARNING] ib_insync.ib: Unknown contract: Option(symbol='NVDA', lastTradeDateOrContractMonth='20261120', strike=187.0, right='P', exchange='SMART')
2026-08-25 21:52:27,816 [WARNING] ib_insync.ib: Unknown contract: Option(symbol='NVDA', lastTradeDateOrContractMonth='20261120', strike=187.5, right='P', exchange='SMART')
2026-08-25 21:52:27,816 [WARNING] ib_insync.ib: Unknown contract: Option(symbol='NVDA', lastTradeDateOrContractMonth='20261120', strike=188.0, right='P', exchange='SMART')
2026-08-25 21:52:27,816 [WARNING] ib_insync.ib: Unknown contract: Option(symbol='NVDA', lastTradeDateOrContractMonth='20261120', strike=189.0, right='P', exchange='SMART')
2026-08-25 21:52:27,816 [WARNING] ib_insync.ib: Unknown contract: Option(symbol='NVDA', lastTradeDateOrContractMonth='20261120', strike=191.0, right='P', exchange='SMART')
2026-08-25 21:52:27,816 [WARNING] ib_insync.ib: Unknown contract: Option(symbol='NVDA', lastTradeDateOrContractMonth='20261120', strike=192.0, right='P', exchange='SMART')
2026-08-25 21:52:27,816 [WARNING] ib_insync.ib: Unknown contract: Option(symbol='NVDA', lastTradeDateOrContractMonth='20261120', strike=192.5, right='P', exchange='SMART')
2026-08-25 21:52:27,816 [WARNING] ib_insync.ib: Unknown contract: Option(symbol='NVDA', lastTradeDateOrContractMonth='20261120', strike=193.0, right='P', exchange='SMART')
2026-08-25 21:52:27,816 [WARNING] ib_insync.ib: Unknown contract: Option(symbol='NVDA', lastTradeDateOrContractMonth='20261120', strike=194.0, right='P', exchange='SMART')
2026-08-25 21:52:27,816 [WARNING] ib_insync.ib: Unknown contract: Option(symbol='NVDA', lastTradeDateOrContractMonth='20261120', strike=197.5, right='P', exchange='SMART')
2026-08-25 21:52:27,816 [WARNING] ib_insync.ib: Unknown contract: Option(symbol='NVDA', lastTradeDateOrContractMonth='20261120', strike=202.5, right='P', exchange='SMART')
2026-08-25 21:52:27,816 [WARNING] ib_insync.ib: Unknown contract: Option(symbol='NVDA', lastTradeDateOrContractMonth='20261120', strike=207.5, right='P', exchange='SMART')
2026-08-25 21:52:27,816 [WARNING] ib_insync.ib: Unknown contract: Option(symbol='NVDA', lastTradeDateOrContractMonth='20261120', strike=212.0, right='P', exchange='SMART')
2026-08-25 21:52:27,816 [WARNING] ib_insync.ib: Unknown contract: Option(symbol='NVDA', lastTradeDateOrContractMonth='20261120', strike=212.5, right='P', exchange='SMART')
2026-08-25 21:52:28,998 [ERROR] ib_insync.wrapper: Error 200, reqId 435: No se encuentra definici\u00f3n del activo solicitado, contract: Option(symbol='NVDA', lastTradeDateOrContractMonth='20261218', strike=217.5, right='C', exchange='SMART')
2026-08-25 21:52:29,035 [ERROR] ib_insync.wrapper: Error 200, reqId 441: No se encuentra definici\u00f3n del activo solicitado, contract: Option(symbol='NVDA', lastTradeDateOrContractMonth='20261218', strike=222.5, right='C', exchange='SMART')
2026-08-25 21:52:29,084 [ERROR] ib_insync.wrapper: Error 200, reqId 447: No se encuentra definici\u00f3n del activo solicitado, contract: Option(symbol='NVDA', lastTradeDateOrContractMonth='20261218', strike=227.5, right='C', exchange='SMART')
2026-08-25 21:52:29,134 [ERROR] ib_insync.wrapper: Error 200, reqId 452: No se encuentra definici\u00f3n del activo solicitado, contract: Option(symbol='NVDA', lastTradeDateOrContractMonth='20261218', strike=187.5, right='P', exchange='SMART')
2026-08-25 21:52:29,203 [ERROR] ib_insync.wrapper: Error 200, reqId 458: No se encuentra definici\u00f3n del activo solicitado, contract: Option(symbol='NVDA', lastTradeDateOrContractMonth='20261218', strike=192.5, right='P', exchange='SMART')
2026-08-25 21:52:29,284 [ERROR] ib_insync.wrapper: Error 200, reqId 462: No se encuentra definici\u00f3n del activo solicitado, contract: Option(symbol='NVDA', lastTradeDateOrContractMonth='20261218', strike=197.5, right='P', exchange='SMART')
2026-08-25 21:52:29,344 [ERROR] ib_insync.wrapper: Error 200, reqId 464: No se encuentra definici\u00f3n del activo solicitado, contract: Option(symbol='NVDA', lastTradeDateOrContractMonth='20261218', strike=202.5, right='P', exchange='SMART')
2026-08-25 21:52:29,617 [ERROR] ib_insync.wrapper: Error 200, reqId 466: No se encuentra definici\u00f3n del activo solicitado, contract: Option(symbol='NVDA', lastTradeDateOrContractMonth='20261218', strike=207.5, right='P', exchange='SMART')
2026-08-25 21:52:29,717 [ERROR] ib_insync.wrapper: Error 200, reqId 469: No se encuentra definici\u00f3n del activo solicitado, contract: Option(symbol='NVDA', lastTradeDateOrContractMonth='20261218', strike=212.5, right='P', exchange='SMART')
2026-08-25 21:52:29,717 [WARNING] ib_insync.ib: Unknown contract: Option(symbol='NVDA', lastTradeDateOrContractMonth='20261218', strike=217.5, right='C', exchange='SMART')
2026-08-25 21:52:29,717 [WARNING] ib_insync.ib: Unknown contract: Option(symbol='NVDA', lastTradeDateOrContractMonth='20261218', strike=222.5, right='C', exchange='SMART')
2026-08-25 21:52:29,717 [WARNING] ib_insync.ib: Unknown contract: Option(symbol='NVDA', lastTradeDateOrContractMonth='20261218', strike=227.5, right='C', exchange='SMART')
2026-08-25 21:52:29,717 [WARNING] ib_insync.ib: Unknown contract: Option(symbol='NVDA', lastTradeDateOrContractMonth='20261218', strike=187.5, right='P', exchange='SMART')
2026-08-25 21:52:29,717 [WARNING] ib_insync.ib: Unknown contract: Option(symbol='NVDA', lastTradeDateOrContractMonth='20261218', strike=192.5, right='P', exchange='SMART')
2026-08-25 21:52:29,717 [WARNING] ib_insync.ib: Unknown contract: Option(symbol='NVDA', lastTradeDateOrContractMonth='20261218', strike=197.5, right='P', exchange='SMART')
2026-08-25 21:52:29,717 [WARNING] ib_insync.ib: Unknown contract: Option(symbol='NVDA', lastTradeDateOrContractMonth='20261218', strike=202.5, right='P', exchange='SMART')
2026-08-25 21:52:29,717 [WARNING] ib_insync.ib: Unknown contract: Option(symbol='NVDA', lastTradeDateOrContractMonth='20261218', strike=207.5, right='P', exchange='SMART')
2026-08-25 21:52:29,717 [WARNING] ib_insync.ib: Unknown contract: Option(symbol='NVDA', lastTradeDateOrContractMonth='20261218', strike=212.5, right='P', exchange='SMART')
2026-08-25 21:52:30,367 [ERROR] ib_insync.wrapper: Error 200, reqId 501: No se encuentra definici\u00f3n del activo solicitado, contract: Option(symbol='NVDA', lastTradeDateOrContractMonth='20270115', strike=213.0, right='C', exchange='SMART')
2026-08-25 21:52:30,633 [ERROR] ib_insync.wrapper: Error 200, reqId 502: No se encuentra definici\u00f3n del activo solicitado, contract: Option(symbol='NVDA', lastTradeDateOrContractMonth='20270115', strike=214.0, right='C', exchange='SMART')
2026-08-25 21:52:30,798 [ERROR] ib_insync.wrapper: Error 200, reqId 504: No se encuentra definici\u00f3n del activo solicitado, contract: Option(symbol='NVDA', lastTradeDateOrContractMonth='20270115', strike=216.0, right='C', exchange='SMART')
2026-08-25 21:52:30,900 [ERROR] ib_insync.wrapper: Error 200, reqId 505: No se encuentra definici\u00f3n del activo solicitado, contract: Option(symbol='NVDA', lastTradeDateOrContractMonth='20270115', strike=217.0, right='C', exchange='SMART')
2026-08-25 21:52:30,900 [ERROR] ib_insync.wrapper: Error 200, reqId 507: No se encuentra definici\u00f3n del activo solicitado, contract: Option(symbol='NVDA', lastTradeDateOrContractMonth='20270115', strike=218.0, right='C', exchange='SMART')
2026-08-25 21:52:30,917 [ERROR] ib_insync.wrapper: Error 200, reqId 506: No se encuentra definici\u00f3n del activo solicitado, contract: Option(symbol='NVDA', lastTradeDateOrContractMonth='20270115', strike=217.5, right='C', exchange='SMART')
2026-08-25 21:52:30,933 [ERROR] ib_insync.wrapper: Error 200, reqId 508: No se encuentra definici\u00f3n del activo solicitado, contract: Option(symbol='NVDA', lastTradeDateOrContractMonth='20270115', strike=219.0, right='C', exchange='SMART')
2026-08-25 21:52:30,933 [ERROR] ib_insync.wrapper: Error 200, reqId 511: No se encuentra definici\u00f3n del activo solicitado, contract: Option(symbol='NVDA', lastTradeDateOrContractMonth='20270115', strike=222.0, right='C', exchange='SMART')
2026-08-25 21:52:30,933 [ERROR] ib_insync.wrapper: Error 200, reqId 510: No se encuentra definici\u00f3n del activo solicitado, contract: Option(symbol='NVDA', lastTradeDateOrContractMonth='20270115', strike=221.0, right='C', exchange='SMART')
2026-08-25 21:52:30,933 [ERROR] ib_insync.wrapper: Error 200, reqId 512: No se encuentra definici\u00f3n del activo solicitado, contract: Option(symbol='NVDA', lastTradeDateOrContractMonth='20270115', strike=222.5, right='C', exchange='SMART')
2026-08-25 21:52:30,933 [ERROR] ib_insync.wrapper: Error 200, reqId 513: No se encuentra definici\u00f3n del activo solicitado, contract: Option(symbol='NVDA', lastTradeDateOrContractMonth='20270115', strike=223.0, right='C', exchange='SMART')
2026-08-25 21:52:30,933 [ERROR] ib_insync.wrapper: Error 200, reqId 517: No se encuentra definici\u00f3n del activo solicitado, contract: Option(symbol='NVDA', lastTradeDateOrContractMonth='20270115', strike=227.0, right='C', exchange='SMART')
2026-08-25 21:52:30,933 [ERROR] ib_insync.wrapper: Error 200, reqId 514: No se encuentra definici\u00f3n del activo solicitado, contract: Option(symbol='NVDA', lastTradeDateOrContractMonth='20270115', strike=224.0, right='C', exchange='SMART')
2026-08-25 21:52:30,933 [ERROR] ib_insync.wrapper: Error 200, reqId 516: No se encuentra definici\u00f3n del activo solicitado, contract: Option(symbol='NVDA', lastTradeDateOrContractMonth='20270115', strike=226.0, right='C', exchange='SMART')
2026-08-25 21:52:30,948 [ERROR] ib_insync.wrapper: Error 200, reqId 518: No se encuentra definici\u00f3n del activo solicitado, contract: Option(symbol='NVDA', lastTradeDateOrContractMonth='20270115', strike=227.5, right='C', exchange='SMART')
2026-08-25 21:52:30,953 [ERROR] ib_insync.wrapper: Error 200, reqId 519: No se encuentra definici\u00f3n del activo solicitado, contract: Option(symbol='NVDA', lastTradeDateOrContractMonth='20270115', strike=228.0, right='C', exchange='SMART')
2026-08-25 21:52:31,000 [ERROR] ib_insync.wrapper: Error 200, reqId 521: No se encuentra definici\u00f3n del activo solicitado, contract: Option(symbol='NVDA', lastTradeDateOrContractMonth='20270115', strike=186.0, right='P', exchange='SMART')
2026-08-25 21:52:31,016 [ERROR] ib_insync.wrapper: Error 200, reqId 522: No se encuentra definici\u00f3n del activo solicitado, contract: Option(symbol='NVDA', lastTradeDateOrContractMonth='20270115', strike=187.0, right='P', exchange='SMART')
2026-08-25 21:52:31,017 [ERROR] ib_insync.wrapper: Error 200, reqId 525: No se encuentra definici\u00f3n del activo solicitado, contract: Option(symbol='NVDA', lastTradeDateOrContractMonth='20270115', strike=189.0, right='P', exchange='SMART')
2026-08-25 21:52:31,017 [ERROR] ib_insync.wrapper: Error 200, reqId 524: No se encuentra definici\u00f3n del activo solicitado, contract: Option(symbol='NVDA', lastTradeDateOrContractMonth='20270115', strike=188.0, right='P', exchange='SMART')
2026-08-25 21:52:31,067 [ERROR] ib_insync.wrapper: Error 200, reqId 523: No se encuentra definici\u00f3n del activo solicitado, contract: Option(symbol='NVDA', lastTradeDateOrContractMonth='20270115', strike=187.5, right='P', exchange='SMART')
2026-08-25 21:52:31,100 [ERROR] ib_insync.wrapper: Error 200, reqId 527: No se encuentra definici\u00f3n del activo solicitado, contract: Option(symbol='NVDA', lastTradeDateOrContractMonth='20270115', strike=191.0, right='P', exchange='SMART')
2026-08-25 21:52:31,100 [ERROR] ib_insync.wrapper: Error 200, reqId 528: No se encuentra definici\u00f3n del activo solicitado, contract: Option(symbol='NVDA', lastTradeDateOrContractMonth='20270115', strike=192.0, right='P', exchange='SMART')
2026-08-25 21:52:31,231 [ERROR] ib_insync.wrapper: Error 200, reqId 530: No se encuentra definici\u00f3n del activo solicitado, contract: Option(symbol='NVDA', lastTradeDateOrContractMonth='20270115', strike=193.0, right='P', exchange='SMART')
2026-08-25 21:52:31,231 [ERROR] ib_insync.wrapper: Error 200, reqId 531: No se encuentra definici\u00f3n del activo solicitado, contract: Option(symbol='NVDA', lastTradeDateOrContractMonth='20270115', strike=194.0, right='P', exchange='SMART')
2026-08-25 21:52:31,231 [ERROR] ib_insync.wrapper: Error 200, reqId 529: No se encuentra definici\u00f3n del activo solicitado, contract: Option(symbol='NVDA', lastTradeDateOrContractMonth='20270115', strike=192.5, right='P', exchange='SMART')
2026-08-25 21:52:31,378 [ERROR] ib_insync.wrapper: Error 200, reqId 533: No se encuentra definici\u00f3n del activo solicitado, contract: Option(symbol='NVDA', lastTradeDateOrContractMonth='20270115', strike=197.5, right='P', exchange='SMART')
2026-08-25 21:52:31,583 [ERROR] ib_insync.wrapper: Error 200, reqId 535: No se encuentra definici\u00f3n del activo solicitado, contract: Option(symbol='NVDA', lastTradeDateOrContractMonth='20270115', strike=202.5, right='P', exchange='SMART')
2026-08-25 21:52:31,646 [ERROR] ib_insync.wrapper: Error 200, reqId 537: No se encuentra definici\u00f3n del activo solicitado, contract: Option(symbol='NVDA', lastTradeDateOrContractMonth='20270115', strike=207.5, right='P', exchange='SMART')
2026-08-25 21:52:31,819 [ERROR] ib_insync.wrapper: Error 200, reqId 539: No se encuentra definici\u00f3n del activo solicitado, contract: Option(symbol='NVDA', lastTradeDateOrContractMonth='20270115', strike=212.0, right='P', exchange='SMART')
2026-08-25 21:52:31,949 [ERROR] ib_insync.wrapper: Error 200, reqId 540: No se encuentra definici\u00f3n del activo solicitado, contract: Option(symbol='NVDA', lastTradeDateOrContractMonth='20270115', strike=212.5, right='P', exchange='SMART')
2026-08-25 21:52:31,949 [WARNING] ib_insync.ib: Unknown contract: Option(symbol='NVDA', lastTradeDateOrContractMonth='20270115', strike=213.0, right='C', exchange='SMART')
2026-08-25 21:52:31,951 [WARNING] ib_insync.ib: Unknown contract: Option(symbol='NVDA', lastTradeDateOrContractMonth='20270115', strike=214.0, right='C', exchange='SMART')
2026-08-25 21:52:31,951 [WARNING] ib_insync.ib: Unknown contract: Option(symbol='NVDA', lastTradeDateOrContractMonth='20270115', strike=216.0, right='C', exchange='SMART')
2026-08-25 21:52:31,951 [WARNING] ib_insync.ib: Unknown contract: Option(symbol='NVDA', lastTradeDateOrContractMonth='20270115', strike=217.0, right='C', exchange='SMART')
2026-08-25 21:52:31,951 [WARNING] ib_insync.ib: Unknown contract: Option(symbol='NVDA', lastTradeDateOrContractMonth='20270115', strike=217.5, right='C', exchange='SMART')
2026-08-25 21:52:31,951 [WARNING] ib_insync.ib: Unknown contract: Option(symbol='NVDA', lastTradeDateOrContractMonth='20270115', strike=218.0, right='C', exchange='SMART')
2026-08-25 21:52:31,951 [WARNING] ib_insync.ib: Unknown contract: Option(symbol='NVDA', lastTradeDateOrContractMonth='20270115', strike=219.0, right='C', exchange='SMART')
2026-08-25 21:52:31,951 [WARNING] ib_insync.ib: Unknown contract: Option(symbol='NVDA', lastTradeDateOrContractMonth='20270115', strike=221.0, right='C', exchange='SMART')
2026-08-25 21:52:31,951 [WARNING] ib_insync.ib: Unknown contract: Option(symbol='NVDA', lastTradeDateOrContractMonth='20270115', strike=222.0, right='C', exchange='SMART')
2026-08-25 21:52:31,951 [WARNING] ib_insync.ib: Unknown contract: Option(symbol='NVDA', lastTradeDateOrContractMonth='20270115', strike=222.5, right='C', exchange='SMART')
2026-08-25 21:52:31,951 [WARNING] ib_insync.ib: Unknown contract: Option(symbol='NVDA', lastTradeDateOrContractMonth='20270115', strike=223.0, right='C', exchange='SMART')
2026-08-25 21:52:31,951 [WARNING] ib_insync.ib: Unknown contract: Option(symbol='NVDA', lastTradeDateOrContractMonth='20270115', strike=224.0, right='C', exchange='SMART')
2026-08-25 21:52:31,951 [WARNING] ib_insync.ib: Unknown contract: Option(symbol='NVDA', lastTradeDateOrContractMonth='20270115', strike=226.0, right='C', exchange='SMART')
2026-08-25 21:52:31,951 [WARNING] ib_insync.ib: Unknown contract: Option(symbol='NVDA', lastTradeDateOrContractMonth='20270115', strike=227.0, right='C', exchange='SMART')
2026-08-25 21:52:31,951 [WARNING] ib_insync.ib: Unknown contract: Option(symbol='NVDA', lastTradeDateOrContractMonth='20270115', strike=227.5, right='C', exchange='SMART')
2026-08-25 21:52:31,951 [WARNING] ib_insync.ib: Unknown contract: Option(symbol='NVDA', lastTradeDateOrContractMonth='20270115', strike=228.0, right='C', exchange='SMART')
2026-08-25 21:52:31,951 [WARNING] ib_insync.ib: Unknown contract: Option(symbol='NVDA', lastTradeDateOrContractMonth='20270115', strike=186.0, right='P', exchange='SMART')
2026-08-25 21:52:31,951 [WARNING] ib_insync.ib: Unknown contract: Option(symbol='NVDA', lastTradeDateOrContractMonth='20270115', strike=187.0, right='P', exchange='SMART')
2026-08-25 21:52:31,951 [WARNING] ib_insync.ib: Unknown contract: Option(symbol='NVDA', lastTradeDateOrContractMonth='20270115', strike=187.5, right='P', exchange='SMART')
2026-08-25 21:52:31,951 [WARNING] ib_insync.ib: Unknown contract: Option(symbol='NVDA', lastTradeDateOrContractMonth='20270115', strike=188.0, right='P', exchange='SMART')
2026-08-25 21:52:31,951 [WARNING] ib_insync.ib: Unknown contract: Option(symbol='NVDA', lastTradeDateOrContractMonth='20270115', strike=189.0, right='P', exchange='SMART')
2026-08-25 21:52:31,951 [WARNING] ib_insync.ib: Unknown contract: Option(symbol='NVDA', lastTradeDateOrContractMonth='20270115', strike=191.0, right='P', exchange='SMART')
2026-08-25 21:52:31,951 [WARNING] ib_insync.ib: Unknown contract: Option(symbol='NVDA', lastTradeDateOrContractMonth='20270115', strike=192.0, right='P', exchange='SMART')
2026-08-25 21:52:31,951 [WARNING] ib_insync.ib: Unknown contract: Option(symbol='NVDA', lastTradeDateOrContractMonth='20270115', strike=192.5, right='P', exchange='SMART')
2026-08-25 21:52:31,951 [WARNING] ib_insync.ib: Unknown contract: Option(symbol='NVDA', lastTradeDateOrContractMonth='20270115', strike=193.0, right='P', exchange='SMART')
2026-08-25 21:52:31,951 [WARNING] ib_insync.ib: Unknown contract: Option(symbol='NVDA', lastTradeDateOrContractMonth='20270115', strike=194.0, right='P', exchange='SMART')
2026-08-25 21:52:31,951 [WARNING] ib_insync.ib: Unknown contract: Option(symbol='NVDA', lastTradeDateOrContractMonth='20270115', strike=197.5, right='P', exchange='SMART')
2026-08-25 21:52:31,951 [WARNING] ib_insync.ib: Unknown contract: Option(symbol='NVDA', lastTradeDateOrContractMonth='20270115', strike=202.5, right='P', exchange='SMART')
2026-08-25 21:52:31,951 [WARNING] ib_insync.ib: Unknown contract: Option(symbol='NVDA', lastTradeDateOrContractMonth='20270115', strike=207.5, right='P', exchange='SMART')
2026-08-25 21:52:31,951 [WARNING] ib_insync.ib: Unknown contract: Option(symbol='NVDA', lastTradeDateOrContractMonth='20270115', strike=212.0, right='P', exchange='SMART')
2026-08-25 21:52:31,951 [WARNING] ib_insync.ib: Unknown contract: Option(symbol='NVDA', lastTradeDateOrContractMonth='20270115', strike=212.5, right='P', exchange='SMART')
2026-08-25 21:52:32,433 [ERROR] ib_insync.wrapper: Error 200, reqId 550: No se encuentra definici\u00f3n del activo solicitado, contract: Option(symbol='NVDA', lastTradeDateOrContractMonth='20270219', strike=213.0, right='C', exchange='SMART')
2026-08-25 21:52:32,516 [ERROR] ib_insync.wrapper: Error 200, reqId 551: No se encuentra definici\u00f3n del activo solicitado, contract: Option(symbol='NVDA', lastTradeDateOrContractMonth='20270219', strike=214.0, right='C', exchange='SMART')
2026-08-25 21:52:32,749 [ERROR] ib_insync.wrapper: Error 200, reqId 553: No se encuentra definici\u00f3n del activo solicitado, contract: Option(symbol='NVDA', lastTradeDateOrContractMonth='20270219', strike=216.0, right='C', exchange='SMART')
2026-08-25 21:52:32,883 [ERROR] ib_insync.wrapper: Error 200, reqId 554: No se encuentra definici\u00f3n del activo solicitado, contract: Option(symbol='NVDA', lastTradeDateOrContractMonth='20270219', strike=217.0, right='C', exchange='SMART')
2026-08-25 21:52:33,000 [ERROR] ib_insync.wrapper: Error 200, reqId 555: No se encuentra definici\u00f3n del activo solicitado, contract: Option(symbol='NVDA', lastTradeDateOrContractMonth='20270219', strike=217.5, right='C', exchange='SMART')
2026-08-25 21:52:33,033 [ERROR] ib_insync.wrapper: Error 200, reqId 556: No se encuentra definici\u00f3n del activo solicitado, contract: Option(symbol='NVDA', lastTradeDateOrContractMonth='20270219', strike=218.0, right='C', exchange='SMART')
2026-08-25 21:52:33,134 [ERROR] ib_insync.wrapper: Error 200, reqId 557: No se encuentra definici\u00f3n del activo solicitado, contract: Option(symbol='NVDA', lastTradeDateOrContractMonth='20270219', strike=219.0, right='C', exchange='SMART')
2026-08-25 21:52:33,150 [ERROR] ib_insync.wrapper: Error 200, reqId 560: No se encuentra definici\u00f3n del activo solicitado, contract: Option(symbol='NVDA', lastTradeDateOrContractMonth='20270219', strike=222.0, right='C', exchange='SMART')
2026-08-25 21:52:33,150 [ERROR] ib_insync.wrapper: Error 200, reqId 559: No se encuentra definici\u00f3n del activo solicitado, contract: Option(symbol='NVDA', lastTradeDateOrContractMonth='20270219', strike=221.0, right='C', exchange='SMART')
2026-08-25 21:52:33,200 [ERROR] ib_insync.wrapper: Error 200, reqId 562: No se encuentra definici\u00f3n del activo solicitado, contract: Option(symbol='NVDA', lastTradeDateOrContractMonth='20270219', strike=223.0, right='C', exchange='SMART')
2026-08-25 21:52:33,205 [ERROR] ib_insync.wrapper: Error 200, reqId 563: No se encuentra definici\u00f3n del activo solicitado, contract: Option(symbol='NVDA', lastTradeDateOrContractMonth='20270219', strike=224.0, right='C', exchange='SMART')
2026-08-25 21:52:33,205 [ERROR] ib_insync.wrapper: Error 200, reqId 561: No se encuentra definici\u00f3n del activo solicitado, contract: Option(symbol='NVDA', lastTradeDateOrContractMonth='20270219', strike=222.5, right='C', exchange='SMART')
2026-08-25 21:52:33,206 [ERROR] ib_insync.wrapper: Error 200, reqId 565: No se encuentra definici\u00f3n del activo solicitado, contract: Option(symbol='NVDA', lastTradeDateOrContractMonth='20270219', strike=226.0, right='C', exchange='SMART')
2026-08-25 21:52:33,211 [ERROR] ib_insync.wrapper: Error 200, reqId 566: No se encuentra definici\u00f3n del activo solicitado, contract: Option(symbol='NVDA', lastTradeDateOrContractMonth='20270219', strike=227.0, right='C', exchange='SMART')
2026-08-25 21:52:33,211 [ERROR] ib_insync.wrapper: Error 200, reqId 568: No se encuentra definici\u00f3n del activo solicitado, contract: Option(symbol='NVDA', lastTradeDateOrContractMonth='20270219', strike=228.0, right='C', exchange='SMART')
2026-08-25 21:52:33,217 [ERROR] ib_insync.wrapper: Error 200, reqId 570: No se encuentra definici\u00f3n del activo solicitado, contract: Option(symbol='NVDA', lastTradeDateOrContractMonth='20270219', strike=186.0, right='P', exchange='SMART')
2026-08-25 21:52:33,217 [ERROR] ib_insync.wrapper: Error 200, reqId 567: No se encuentra definici\u00f3n del activo solicitado, contract: Option(symbol='NVDA', lastTradeDateOrContractMonth='20270219', strike=227.5, right='C', exchange='SMART')
2026-08-25 21:52:33,217 [ERROR] ib_insync.wrapper: Error 200, reqId 571: No se encuentra definici\u00f3n del activo solicitado, contract: Option(symbol='NVDA', lastTradeDateOrContractMonth='20270219', strike=187.0, right='P', exchange='SMART')
2026-08-25 21:52:33,267 [ERROR] ib_insync.wrapper: Error 200, reqId 572: No se encuentra definici\u00f3n del activo solicitado, contract: Option(symbol='NVDA', lastTradeDateOrContractMonth='20270219', strike=187.5, right='P', exchange='SMART')
2026-08-25 21:52:33,328 [ERROR] ib_insync.wrapper: Error 200, reqId 576: No se encuentra definici\u00f3n del activo solicitado, contract: Option(symbol='NVDA', lastTradeDateOrContractMonth='20270219', strike=191.0, right='P', exchange='SMART')
2026-08-25 21:52:33,329 [ERROR] ib_insync.wrapper: Error 200, reqId 574: No se encuentra definici\u00f3n del activo solicitado, contract: Option(symbol='NVDA', lastTradeDateOrContractMonth='20270219', strike=189.0, right='P', exchange='SMART')
2026-08-25 21:52:33,329 [ERROR] ib_insync.wrapper: Error 200, reqId 573: No se encuentra definici\u00f3n del activo solicitado, contract: Option(symbol='NVDA', lastTradeDateOrContractMonth='20270219', strike=188.0, right='P', exchange='SMART')
2026-08-25 21:52:33,329 [ERROR] ib_insync.wrapper: Error 200, reqId 577: No se encuentra definici\u00f3n del activo solicitado, contract: Option(symbol='NVDA', lastTradeDateOrContractMonth='20270219', strike=192.0, right='P', exchange='SMART')
2026-08-25 21:52:33,330 [ERROR] ib_insync.wrapper: Error 200, reqId 578: No se encuentra definici\u00f3n del activo solicitado, contract: Option(symbol='NVDA', lastTradeDateOrContractMonth='20270219', strike=192.5, right='P', exchange='SMART')
2026-08-25 21:52:33,450 [ERROR] ib_insync.wrapper: Error 200, reqId 580: No se encuentra definici\u00f3n del activo solicitado, contract: Option(symbol='NVDA', lastTradeDateOrContractMonth='20270219', strike=194.0, right='P', exchange='SMART')
2026-08-25 21:52:33,450 [ERROR] ib_insync.wrapper: Error 200, reqId 582: No se encuentra definici\u00f3n del activo solicitado, contract: Option(symbol='NVDA', lastTradeDateOrContractMonth='20270219', strike=197.5, right='P', exchange='SMART')
2026-08-25 21:52:33,465 [ERROR] ib_insync.wrapper: Error 200, reqId 579: No se encuentra definici\u00f3n del activo solicitado, contract: Option(symbol='NVDA', lastTradeDateOrContractMonth='20270219', strike=193.0, right='P', exchange='SMART')
2026-08-25 21:52:33,599 [ERROR] ib_insync.wrapper: Error 200, reqId 584: No se encuentra definici\u00f3n del activo solicitado, contract: Option(symbol='NVDA', lastTradeDateOrContractMonth='20270219', strike=202.5, right='P', exchange='SMART')
2026-08-25 21:52:33,768 [ERROR] ib_insync.wrapper: Error 200, reqId 586: No se encuentra definici\u00f3n del activo solicitado, contract: Option(symbol='NVDA', lastTradeDateOrContractMonth='20270219', strike=207.5, right='P', exchange='SMART')
2026-08-25 21:52:33,966 [ERROR] ib_insync.wrapper: Error 200, reqId 588: No se encuentra definici\u00f3n del activo solicitado, contract: Option(symbol='NVDA', lastTradeDateOrContractMonth='20270219', strike=212.0, right='P', exchange='SMART')
2026-08-25 21:52:34,066 [ERROR] ib_insync.wrapper: Error 200, reqId 589: No se encuentra definici\u00f3n del activo solicitado, contract: Option(symbol='NVDA', lastTradeDateOrContractMonth='20270219', strike=212.5, right='P', exchange='SMART')
2026-08-25 21:52:34,082 [WARNING] ib_insync.ib: Unknown contract: Option(symbol='NVDA', lastTradeDateOrContractMonth='20270219', strike=213.0, right='C', exchange='SMART')
2026-08-25 21:52:34,083 [WARNING] ib_insync.ib: Unknown contract: Option(symbol='NVDA', lastTradeDateOrContractMonth='20270219', strike=214.0, right='C', exchange='SMART')
2026-08-25 21:52:34,083 [WARNING] ib_insync.ib: Unknown contract: Option(symbol='NVDA', lastTradeDateOrContractMonth='20270219', strike=216.0, right='C', exchange='SMART')
2026-08-25 21:52:34,083 [WARNING] ib_insync.ib: Unknown contract: Option(symbol='NVDA', lastTradeDateOrContractMonth='20270219', strike=217.0, right='C', exchange='SMART')
2026-08-25 21:52:34,083 [WARNING] ib_insync.ib: Unknown contract: Option(symbol='NVDA', lastTradeDateOrContractMonth='20270219', strike=217.5, right='C', exchange='SMART')
2026-08-25 21:52:34,083 [WARNING] ib_insync.ib: Unknown contract: Option(symbol='NVDA', lastTradeDateOrContractMonth='20270219', strike=218.0, right='C', exchange='SMART')
2026-08-25 21:52:34,083 [WARNING] ib_insync.ib: Unknown contract: Option(symbol='NVDA', lastTradeDateOrContractMonth='20270219', strike=219.0, right='C', exchange='SMART')
2026-08-25 21:52:34,083 [WARNING] ib_insync.ib: Unknown contract: Option(symbol='NVDA', lastTradeDateOrContractMonth='20270219', strike=221.0, right='C', exchange='SMART')
2026-08-25 21:52:34,083 [WARNING] ib_insync.ib: Unknown contract: Option(symbol='NVDA', lastTradeDateOrContractMonth='20270219', strike=222.0, right='C', exchange='SMART')
2026-08-25 21:52:34,083 [WARNING] ib_insync.ib: Unknown contract: Option(symbol='NVDA', lastTradeDateOrContractMonth='20270219', strike=222.5, right='C', exchange='SMART')
2026-08-25 21:52:34,083 [WARNING] ib_insync.ib: Unknown contract: Option(symbol='NVDA', lastTradeDateOrContractMonth='20270219', strike=223.0, right='C', exchange='SMART')
2026-08-25 21:52:34,083 [WARNING] ib_insync.ib: Unknown contract: Option(symbol='NVDA', lastTradeDateOrContractMonth='20270219', strike=224.0, right='C', exchange='SMART')
2026-08-25 21:52:34,083 [WARNING] ib_insync.ib: Unknown contract: Option(symbol='NVDA', lastTradeDateOrContractMonth='20270219', strike=226.0, right='C', exchange='SMART')
2026-08-25 21:52:34,083 [WARNING] ib_insync.ib: Unknown contract: Option(symbol='NVDA', lastTradeDateOrContractMonth='20270219', strike=227.0, right='C', exchange='SMART')
2026-08-25 21:52:34,083 [WARNING] ib_insync.ib: Unknown contract: Option(symbol='NVDA', lastTradeDateOrContractMonth='20270219', strike=227.5, right='C', exchange='SMART')
2026-08-25 21:52:34,083 [WARNING] ib_insync.ib: Unknown contract: Option(symbol='NVDA', lastTradeDateOrContractMonth='20270219', strike=228.0, right='C', exchange='SMART')
2026-08-25 21:52:34,083 [WARNING] ib_insync.ib: Unknown contract: Option(symbol='NVDA', lastTradeDateOrContractMonth='20270219', strike=186.0, right='P', exchange='SMART')
2026-08-25 21:52:34,083 [WARNING] ib_insync.ib: Unknown contract: Option(symbol='NVDA', lastTradeDateOrContractMonth='20270219', strike=187.0, right='P', exchange='SMART')
2026-08-25 21:52:34,083 [WARNING] ib_insync.ib: Unknown contract: Option(symbol='NVDA', lastTradeDateOrContractMonth='20270219', strike=187.5, right='P', exchange='SMART')
2026-08-25 21:52:34,083 [WARNING] ib_insync.ib: Unknown contract: Option(symbol='NVDA', lastTradeDateOrContractMonth='20270219', strike=188.0, right='P', exchange='SMART')
2026-08-25 21:52:34,083 [WARNING] ib_insync.ib: Unknown contract: Option(symbol='NVDA', lastTradeDateOrContractMonth='20270219', strike=189.0, right='P', exchange='SMART')
2026-08-25 21:52:34,083 [WARNING] ib_insync.ib: Unknown contract: Option(symbol='NVDA', lastTradeDateOrContractMonth='20270219', strike=191.0, right='P', exchange='SMART')
2026-08-25 21:52:34,083 [WARNING] ib_insync.ib: Unknown contract: Option(symbol='NVDA', lastTradeDateOrContractMonth='20270219', strike=192.0, right='P', exchange='SMART')
2026-08-25 21:52:34,083 [WARNING] ib_insync.ib: Unknown contract: Option(symbol='NVDA', lastTradeDateOrContractMonth='20270219', strike=192.5, right='P', exchange='SMART')
2026-08-25 21:52:34,083 [WARNING] ib_insync.ib: Unknown contract: Option(symbol='NVDA', lastTradeDateOrContractMonth='20270219', strike=193.0, right='P', exchange='SMART')
2026-08-25 21:52:34,083 [WARNING] ib_insync.ib: Unknown contract: Option(symbol='NVDA', lastTradeDateOrContractMonth='20270219', strike=194.0, right='P', exchange='SMART')
2026-08-25 21:52:34,083 [WARNING] ib_insync.ib: Unknown contract: Option(symbol='NVDA', lastTradeDateOrContractMonth='20270219', strike=197.5, right='P', exchange='SMART')
2026-08-25 21:52:34,093 [WARNING] ib_insync.ib: Unknown contract: Option(symbol='NVDA', lastTradeDateOrContractMonth='20270219', strike=202.5, right='P', exchange='SMART')
2026-08-25 21:52:34,093 [WARNING] ib_insync.ib: Unknown contract: Option(symbol='NVDA', lastTradeDateOrContractMonth='20270219', strike=207.5, right='P', exchange='SMART')
2026-08-25 21:52:34,093 [WARNING] ib_insync.ib: Unknown contract: Option(symbol='NVDA', lastTradeDateOrContractMonth='20270219', strike=212.0, right='P', exchange='SMART')
2026-08-25 21:52:34,093 [WARNING] ib_insync.ib: Unknown contract: Option(symbol='NVDA', lastTradeDateOrContractMonth='20270219', strike=212.5, right='P', exchange='SMART')
2026-08-25 21:52:34,432 [ERROR] ib_insync.wrapper: Error 200, reqId 599: No se encuentra definici\u00f3n del activo solicitado, contract: Option(symbol='NVDA', lastTradeDateOrContractMonth='20270319', strike=213.0, right='C', exchange='SMART')
2026-08-25 21:52:34,682 [ERROR] ib_insync.wrapper: Error 200, reqId 600: No se encuentra definici\u00f3n del activo solicitado, contract: Option(symbol='NVDA', lastTradeDateOrContractMonth='20270319', strike=214.0, right='C', exchange='SMART')
2026-08-25 21:52:34,898 [ERROR] ib_insync.wrapper: Error 200, reqId 602: No se encuentra definici\u00f3n del activo solicitado, contract: Option(symbol='NVDA', lastTradeDateOrContractMonth='20270319', strike=216.0, right='C', exchange='SMART')
2026-08-25 21:52:35,049 [ERROR] ib_insync.wrapper: Error 200, reqId 603: No se encuentra definici\u00f3n del activo solicitado, contract: Option(symbol='NVDA', lastTradeDateOrContractMonth='20270319', strike=217.0, right='C', exchange='SMART')
2026-08-25 21:52:35,109 [ERROR] ib_insync.wrapper: Error 200, reqId 604: No se encuentra definici\u00f3n del activo solicitado, contract: Option(symbol='NVDA', lastTradeDateOrContractMonth='20270319', strike=217.5, right='C', exchange='SMART')
2026-08-25 21:52:35,171 [ERROR] ib_insync.wrapper: Error 200, reqId 605: No se encuentra definici\u00f3n del activo solicitado, contract: Option(symbol='NVDA', lastTradeDateOrContractMonth='20270319', strike=218.0, right='C', exchange='SMART')
2026-08-25 21:52:35,268 [ERROR] ib_insync.wrapper: Error 200, reqId 606: No se encuentra definici\u00f3n del activo solicitado, contract: Option(symbol='NVDA', lastTradeDateOrContractMonth='20270319', strike=219.0, right='C', exchange='SMART')
2026-08-25 21:52:35,282 [ERROR] ib_insync.wrapper: Error 200, reqId 609: No se encuentra definici\u00f3n del activo solicitado, contract: Option(symbol='NVDA', lastTradeDateOrContractMonth='20270319', strike=222.0, right='C', exchange='SMART')
2026-08-25 21:52:35,282 [ERROR] ib_insync.wrapper: Error 200, reqId 610: No se encuentra definici\u00f3n del activo solicitado, contract: Option(symbol='NVDA', lastTradeDateOrContractMonth='20270319', strike=222.5, right='C', exchange='SMART')
2026-08-25 21:52:35,282 [ERROR] ib_insync.wrapper: Error 200, reqId 608: No se encuentra definici\u00f3n del activo solicitado, contract: Option(symbol='NVDA', lastTradeDateOrContractMonth='20270319', strike=221.0, right='C', exchange='SMART')
2026-08-25 21:52:35,282 [ERROR] ib_insync.wrapper: Error 200, reqId 611: No se encuentra definici\u00f3n del activo solicitado, contract: Option(symbol='NVDA', lastTradeDateOrContractMonth='20270319', strike=223.0, right='C', exchange='SMART')
2026-08-25 21:52:35,282 [ERROR] ib_insync.wrapper: Error 200, reqId 612: No se encuentra definici\u00f3n del activo solicitado, contract: Option(symbol='NVDA', lastTradeDateOrContractMonth='20270319', strike=224.0, right='C', exchange='SMART')
2026-08-25 21:52:35,300 [ERROR] ib_insync.wrapper: Error 200, reqId 614: No se encuentra definici\u00f3n del activo solicitado, contract: Option(symbol='NVDA', lastTradeDateOrContractMonth='20270319', strike=226.0, right='C', exchange='SMART')
2026-08-25 21:52:35,300 [ERROR] ib_insync.wrapper: Error 200, reqId 615: No se encuentra definici\u00f3n del activo solicitado, contract: Option(symbol='NVDA', lastTradeDateOrContractMonth='20270319', strike=227.0, right='C', exchange='SMART')
2026-08-25 21:52:35,302 [ERROR] ib_insync.wrapper: Error 200, reqId 616: No se encuentra definici\u00f3n del activo solicitado, contract: Option(symbol='NVDA', lastTradeDateOrContractMonth='20270319', strike=227.5, right='C', exchange='SMART')
2026-08-25 21:52:35,306 [ERROR] ib_insync.wrapper: Error 200, reqId 617: No se encuentra definici\u00f3n del activo solicitado, contract: Option(symbol='NVDA', lastTradeDateOrContractMonth='20270319', strike=228.0, right='C', exchange='SMART')
2026-08-25 21:52:35,306 [ERROR] ib_insync.wrapper: Error 200, reqId 619: No se encuentra definici\u00f3n del activo solicitado, contract: Option(symbol='NVDA', lastTradeDateOrContractMonth='20270319', strike=186.0, right='P', exchange='SMART')
2026-08-25 21:52:35,306 [ERROR] ib_insync.wrapper: Error 200, reqId 620: No se encuentra definici\u00f3n del activo solicitado, contract: Option(symbol='NVDA', lastTradeDateOrContractMonth='20270319', strike=187.0, right='P', exchange='SMART')
2026-08-25 21:52:35,377 [ERROR] ib_insync.wrapper: Error 200, reqId 621: No se encuentra definici\u00f3n del activo solicitado, contract: Option(symbol='NVDA', lastTradeDateOrContractMonth='20270319', strike=187.5, right='P', exchange='SMART')
2026-08-25 21:52:35,377 [ERROR] ib_insync.wrapper: Error 200, reqId 623: No se encuentra definici\u00f3n del activo solicitado, contract: Option(symbol='NVDA', lastTradeDateOrContractMonth='20270319', strike=189.0, right='P', exchange='SMART')
2026-08-25 21:52:35,378 [ERROR] ib_insync.wrapper: Error 200, reqId 622: No se encuentra definici\u00f3n del activo solicitado, contract: Option(symbol='NVDA', lastTradeDateOrContractMonth='20270319', strike=188.0, right='P', exchange='SMART')
2026-08-25 21:52:35,440 [ERROR] ib_insync.wrapper: Error 200, reqId 626: No se encuentra definici\u00f3n del activo solicitado, contract: Option(symbol='NVDA', lastTradeDateOrContractMonth='20270319', strike=192.0, right='P', exchange='SMART')
2026-08-25 21:52:35,440 [ERROR] ib_insync.wrapper: Error 200, reqId 625: No se encuentra definici\u00f3n del activo solicitado, contract: Option(symbol='NVDA', lastTradeDateOrContractMonth='20270319', strike=191.0, right='P', exchange='SMART')
2026-08-25 21:52:35,441 [ERROR] ib_insync.wrapper: Error 200, reqId 627: No se encuentra definici\u00f3n del activo solicitado, contract: Option(symbol='NVDA', lastTradeDateOrContractMonth='20270319', strike=192.5, right='P', exchange='SMART')
2026-08-25 21:52:35,516 [ERROR] ib_insync.wrapper: Error 200, reqId 628: No se encuentra definici\u00f3n del activo solicitado, contract: Option(symbol='NVDA', lastTradeDateOrContractMonth='20270319', strike=193.0, right='P', exchange='SMART')
2026-08-25 21:52:35,588 [ERROR] ib_insync.wrapper: Error 200, reqId 629: No se encuentra definici\u00f3n del activo solicitado, contract: Option(symbol='NVDA', lastTradeDateOrContractMonth='20270319', strike=194.0, right='P', exchange='SMART')
2026-08-25 21:52:35,589 [ERROR] ib_insync.wrapper: Error 200, reqId 631: No se encuentra definici\u00f3n del activo solicitado, contract: Option(symbol='NVDA', lastTradeDateOrContractMonth='20270319', strike=197.5, right='P', exchange='SMART')
2026-08-25 21:52:35,717 [ERROR] ib_insync.wrapper: Error 200, reqId 633: No se encuentra definici\u00f3n del activo solicitado, contract: Option(symbol='NVDA', lastTradeDateOrContractMonth='20270319', strike=202.5, right='P', exchange='SMART')
2026-08-25 21:52:35,932 [ERROR] ib_insync.wrapper: Error 200, reqId 635: No se encuentra definici\u00f3n del activo solicitado, contract: Option(symbol='NVDA', lastTradeDateOrContractMonth='20270319', strike=207.5, right='P', exchange='SMART')
2026-08-25 21:52:36,116 [ERROR] ib_insync.wrapper: Error 200, reqId 637: No se encuentra definici\u00f3n del activo solicitado, contract: Option(symbol='NVDA', lastTradeDateOrContractMonth='20270319', strike=212.0, right='P', exchange='SMART')
2026-08-25 21:52:36,217 [ERROR] ib_insync.wrapper: Error 200, reqId 638: No se encuentra definici\u00f3n del activo solicitado, contract: Option(symbol='NVDA', lastTradeDateOrContractMonth='20270319', strike=212.5, right='P', exchange='SMART')
2026-08-25 21:52:36,231 [WARNING] ib_insync.ib: Unknown contract: Option(symbol='NVDA', lastTradeDateOrContractMonth='20270319', strike=213.0, right='C', exchange='SMART')
2026-08-25 21:52:36,231 [WARNING] ib_insync.ib: Unknown contract: Option(symbol='NVDA', lastTradeDateOrContractMonth='20270319', strike=214.0, right='C', exchange='SMART')
2026-08-25 21:52:36,232 [WARNING] ib_insync.ib: Unknown contract: Option(symbol='NVDA', lastTradeDateOrContractMonth='20270319', strike=216.0, right='C', exchange='SMART')
2026-08-25 21:52:36,232 [WARNING] ib_insync.ib: Unknown contract: Option(symbol='NVDA', lastTradeDateOrContractMonth='20270319', strike=217.0, right='C', exchange='SMART')
2026-08-25 21:52:36,233 [WARNING] ib_insync.ib: Unknown contract: Option(symbol='NVDA', lastTradeDateOrContractMonth='20270319', strike=217.5, right='C', exchange='SMART')
2026-08-25 21:52:36,233 [WARNING] ib_insync.ib: Unknown contract: Option(symbol='NVDA', lastTradeDateOrContractMonth='20270319', strike=218.0, right='C', exchange='SMART')
2026-08-25 21:52:36,233 [WARNING] ib_insync.ib: Unknown contract: Option(symbol='NVDA', lastTradeDateOrContractMonth='20270319', strike=219.0, right='C', exchange='SMART')
2026-08-25 21:52:36,233 [WARNING] ib_insync.ib: Unknown contract: Option(symbol='NVDA', lastTradeDateOrContractMonth='20270319', strike=221.0, right='C', exchange='SMART')
2026-08-25 21:52:36,233 [WARNING] ib_insync.ib: Unknown contract: Option(symbol='NVDA', lastTradeDateOrContractMonth='20270319', strike=222.0, right='C', exchange='SMART')
2026-08-25 21:52:36,233 [WARNING] ib_insync.ib: Unknown contract: Option(symbol='NVDA', lastTradeDateOrContractMonth='20270319', strike=222.5, right='C', exchange='SMART')
2026-08-25 21:52:36,233 [WARNING] ib_insync.ib: Unknown contract: Option(symbol='NVDA', lastTradeDateOrContractMonth='20270319', strike=223.0, right='C', exchange='SMART')
2026-08-25 21:52:36,233 [WARNING] ib_insync.ib: Unknown contract: Option(symbol='NVDA', lastTradeDateOrContractMonth='20270319', strike=224.0, right='C', exchange='SMART')
2026-08-25 21:52:36,233 [WARNING] ib_insync.ib: Unknown contract: Option(symbol='NVDA', lastTradeDateOrContractMonth='20270319', strike=226.0, right='C', exchange='SMART')
2026-08-25 21:52:36,233 [WARNING] ib_insync.ib: Unknown contract: Option(symbol='NVDA', lastTradeDateOrContractMonth='20270319', strike=227.0, right='C', exchange='SMART')
2026-08-25 21:52:36,233 [WARNING] ib_insync.ib: Unknown contract: Option(symbol='NVDA', lastTradeDateOrContractMonth='20270319', strike=227.5, right='C', exchange='SMART')
2026-08-25 21:52:36,233 [WARNING] ib_insync.ib: Unknown contract: Option(symbol='NVDA', lastTradeDateOrContractMonth='20270319', strike=228.0, right='C', exchange='SMART')
2026-08-25 21:52:36,233 [WARNING] ib_insync.ib: Unknown contract: Option(symbol='NVDA', lastTradeDateOrContractMonth='20270319', strike=186.0, right='P', exchange='SMART')
2026-08-25 21:52:36,233 [WARNING] ib_insync.ib: Unknown contract: Option(symbol='NVDA', lastTradeDateOrContractMonth='20270319', strike=187.0, right='P', exchange='SMART')
2026-08-25 21:52:36,233 [WARNING] ib_insync.ib: Unknown contract: Option(symbol='NVDA', lastTradeDateOrContractMonth='20270319', strike=187.5, right='P', exchange='SMART')
2026-08-25 21:52:36,233 [WARNING] ib_insync.ib: Unknown contract: Option(symbol='NVDA', lastTradeDateOrContractMonth='20270319', strike=188.0, right='P', exchange='SMART')
2026-08-25 21:52:36,233 [WARNING] ib_insync.ib: Unknown contract: Option(symbol='NVDA', lastTradeDateOrContractMonth='20270319', strike=189.0, right='P', exchange='SMART')
2026-08-25 21:52:36,233 [WARNING] ib_insync.ib: Unknown contract: Option(symbol='NVDA', lastTradeDateOrContractMonth='20270319', strike=191.0, right='P', exchange='SMART')
2026-08-25 21:52:36,233 [WARNING] ib_insync.ib: Unknown contract: Option(symbol='NVDA', lastTradeDateOrContractMonth='20270319', strike=192.0, right='P', exchange='SMART')
2026-08-25 21:52:36,233 [WARNING] ib_insync.ib: Unknown contract: Option(symbol='NVDA', lastTradeDateOrContractMonth='20270319', strike=192.5, right='P', exchange='SMART')
2026-08-25 21:52:36,233 [WARNING] ib_insync.ib: Unknown contract: Option(symbol='NVDA', lastTradeDateOrContractMonth='20270319', strike=193.0, right='P', exchange='SMART')
2026-08-25 21:52:36,233 [WARNING] ib_insync.ib: Unknown contract: Option(symbol='NVDA', lastTradeDateOrContractMonth='20270319', strike=194.0, right='P', exchange='SMART')
2026-08-25 21:52:36,233 [WARNING] ib_insync.ib: Unknown contract: Option(symbol='NVDA', lastTradeDateOrContractMonth='20270319', strike=197.5, right='P', exchange='SMART')
2026-08-25 21:52:36,233 [WARNING] ib_insync.ib: Unknown contract: Option(symbol='NVDA', lastTradeDateOrContractMonth='20270319', strike=202.5, right='P', exchange='SMART')
2026-08-25 21:52:36,233 [WARNING] ib_insync.ib: Unknown contract: Option(symbol='NVDA', lastTradeDateOrContractMonth='20270319', strike=207.5, right='P', exchange='SMART')
2026-08-25 21:52:36,233 [WARNING] ib_insync.ib: Unknown contract: Option(symbol='NVDA', lastTradeDateOrContractMonth='20270319', strike=212.0, right='P', exchange='SMART')
2026-08-25 21:52:36,233 [WARNING] ib_insync.ib: Unknown contract: Option(symbol='NVDA', lastTradeDateOrContractMonth='20270319', strike=212.5, right='P', exchange='SMART')
2026-08-25 21:52:37,272 [ERROR] ib_insync.wrapper: Error 200, reqId 648: No se encuentra definici\u00f3n del activo solicitado, contract: Option(symbol='NVDA', lastTradeDateOrContractMonth='20270617', strike=213.0, right='C', exchange='SMART')
2026-08-25 21:52:37,385 [ERROR] ib_insync.wrapper: Error 200, reqId 649: No se encuentra definici\u00f3n del activo solicitado, contract: Option(symbol='NVDA', lastTradeDateOrContractMonth='20270617', strike=214.0, right='C', exchange='SMART')
2026-08-25 21:52:37,400 [ERROR] ib_insync.wrapper: Error 200, reqId 651: No se encuentra definici\u00f3n del activo solicitado, contract: Option(symbol='NVDA', lastTradeDateOrContractMonth='20270617', strike=216.0, right='C', exchange='SMART')
2026-08-25 21:52:37,400 [ERROR] ib_insync.wrapper: Error 200, reqId 654: No se encuentra definici\u00f3n del activo solicitado, contract: Option(symbol='NVDA', lastTradeDateOrContractMonth='20270617', strike=218.0, right='C', exchange='SMART')
2026-08-25 21:52:37,415 [ERROR] ib_insync.wrapper: Error 200, reqId 652: No se encuentra definici\u00f3n del activo solicitado, contract: Option(symbol='NVDA', lastTradeDateOrContractMonth='20270617', strike=217.0, right='C', exchange='SMART')
2026-08-25 21:52:37,415 [ERROR] ib_insync.wrapper: Error 200, reqId 653: No se encuentra definici\u00f3n del activo solicitado, contract: Option(symbol='NVDA', lastTradeDateOrContractMonth='20270617', strike=217.5, right='C', exchange='SMART')
2026-08-25 21:52:37,415 [ERROR] ib_insync.wrapper: Error 200, reqId 655: No se encuentra definici\u00f3n del activo solicitado, contract: Option(symbol='NVDA', lastTradeDateOrContractMonth='20270617', strike=219.0, right='C', exchange='SMART')
2026-08-25 21:52:37,416 [ERROR] ib_insync.wrapper: Error 200, reqId 658: No se encuentra definici\u00f3n del activo solicitado, contract: Option(symbol='NVDA', lastTradeDateOrContractMonth='20270617', strike=222.0, right='C', exchange='SMART')
2026-08-25 21:52:37,416 [ERROR] ib_insync.wrapper: Error 200, reqId 657: No se encuentra definici\u00f3n del activo solicitado, contract: Option(symbol='NVDA', lastTradeDateOrContractMonth='20270617', strike=221.0, right='C', exchange='SMART')
2026-08-25 21:52:37,416 [ERROR] ib_insync.wrapper: Error 200, reqId 659: No se encuentra definici\u00f3n del activo solicitado, contract: Option(symbol='NVDA', lastTradeDateOrContractMonth='20270617', strike=222.5, right='C', exchange='SMART')
2026-08-25 21:52:37,500 [ERROR] ib_insync.wrapper: Error 200, reqId 661: No se encuentra definici\u00f3n del activo solicitado, contract: Option(symbol='NVDA', lastTradeDateOrContractMonth='20270617', strike=224.0, right='C', exchange='SMART')
2026-08-25 21:52:37,500 [ERROR] ib_insync.wrapper: Error 200, reqId 660: No se encuentra definici\u00f3n del activo solicitado, contract: Option(symbol='NVDA', lastTradeDateOrContractMonth='20270617', strike=223.0, right='C', exchange='SMART')
2026-08-25 21:52:37,500 [ERROR] ib_insync.wrapper: Error 200, reqId 663: No se encuentra definici\u00f3n del activo solicitado, contract: Option(symbol='NVDA', lastTradeDateOrContractMonth='20270617', strike=226.0, right='C', exchange='SMART')
2026-08-25 21:52:37,500 [ERROR] ib_insync.wrapper: Error 200, reqId 664: No se encuentra definici\u00f3n del activo solicitado, contract: Option(symbol='NVDA', lastTradeDateOrContractMonth='20270617', strike=227.0, right='C', exchange='SMART')
2026-08-25 21:52:37,500 [ERROR] ib_insync.wrapper: Error 200, reqId 665: No se encuentra definici\u00f3n del activo solicitado, contract: Option(symbol='NVDA', lastTradeDateOrContractMonth='20270617', strike=227.5, right='C', exchange='SMART')
2026-08-25 21:52:37,500 [ERROR] ib_insync.wrapper: Error 200, reqId 666: No se encuentra definici\u00f3n del activo solicitado, contract: Option(symbol='NVDA', lastTradeDateOrContractMonth='20270617', strike=228.0, right='C', exchange='SMART')
2026-08-25 21:52:37,516 [ERROR] ib_insync.wrapper: Error 200, reqId 669: No se encuentra definici\u00f3n del activo solicitado, contract: Option(symbol='NVDA', lastTradeDateOrContractMonth='20270617', strike=187.0, right='P', exchange='SMART')
2026-08-25 21:52:37,516 [ERROR] ib_insync.wrapper: Error 200, reqId 668: No se encuentra definici\u00f3n del activo solicitado, contract: Option(symbol='NVDA', lastTradeDateOrContractMonth='20270617', strike=186.0, right='P', exchange='SMART')
2026-08-25 21:52:37,516 [ERROR] ib_insync.wrapper: Error 200, reqId 670: No se encuentra definici\u00f3n del activo solicitado, contract: Option(symbol='NVDA', lastTradeDateOrContractMonth='20270617', strike=187.5, right='P', exchange='SMART')
2026-08-25 21:52:37,516 [ERROR] ib_insync.wrapper: Error 200, reqId 671: No se encuentra definici\u00f3n del activo solicitado, contract: Option(symbol='NVDA', lastTradeDateOrContractMonth='20270617', strike=188.0, right='P', exchange='SMART')
2026-08-25 21:52:37,516 [ERROR] ib_insync.wrapper: Error 200, reqId 672: No se encuentra definici\u00f3n del activo solicitado, contract: Option(symbol='NVDA', lastTradeDateOrContractMonth='20270617', strike=189.0, right='P', exchange='SMART')
2026-08-25 21:52:37,516 [ERROR] ib_insync.wrapper: Error 200, reqId 674: No se encuentra definici\u00f3n del activo solicitado, contract: Option(symbol='NVDA', lastTradeDateOrContractMonth='20270617', strike=191.0, right='P', exchange='SMART')
2026-08-25 21:52:37,585 [ERROR] ib_insync.wrapper: Error 200, reqId 675: No se encuentra definici\u00f3n del activo solicitado, contract: Option(symbol='NVDA', lastTradeDateOrContractMonth='20270617', strike=192.0, right='P', exchange='SMART')
2026-08-25 21:52:37,596 [ERROR] ib_insync.wrapper: Error 200, reqId 677: No se encuentra definici\u00f3n del activo solicitado, contract: Option(symbol='NVDA', lastTradeDateOrContractMonth='20270617', strike=193.0, right='P', exchange='SMART')
2026-08-25 21:52:37,602 [ERROR] ib_insync.wrapper: Error 200, reqId 676: No se encuentra definici\u00f3n del activo solicitado, contract: Option(symbol='NVDA', lastTradeDateOrContractMonth='20270617', strike=192.5, right='P', exchange='SMART')
2026-08-25 21:52:37,604 [ERROR] ib_insync.wrapper: Error 200, reqId 680: No se encuentra definici\u00f3n del activo solicitado, contract: Option(symbol='NVDA', lastTradeDateOrContractMonth='20270617', strike=197.5, right='P', exchange='SMART')
2026-08-25 21:52:37,604 [ERROR] ib_insync.wrapper: Error 200, reqId 678: No se encuentra definici\u00f3n del activo solicitado, contract: Option(symbol='NVDA', lastTradeDateOrContractMonth='20270617', strike=194.0, right='P', exchange='SMART')
2026-08-25 21:52:37,717 [ERROR] ib_insync.wrapper: Error 200, reqId 682: No se encuentra definici\u00f3n del activo solicitado, contract: Option(symbol='NVDA', lastTradeDateOrContractMonth='20270617', strike=202.5, right='P', exchange='SMART')
2026-08-25 21:52:37,952 [ERROR] ib_insync.wrapper: Error 200, reqId 684: No se encuentra definici\u00f3n del activo solicitado, contract: Option(symbol='NVDA', lastTradeDateOrContractMonth='20270617', strike=207.5, right='P', exchange='SMART')
2026-08-25 21:52:38,239 [ERROR] ib_insync.wrapper: Error 200, reqId 686: No se encuentra definici\u00f3n del activo solicitado, contract: Option(symbol='NVDA', lastTradeDateOrContractMonth='20270617', strike=212.0, right='P', exchange='SMART')
2026-08-25 21:52:38,402 [ERROR] ib_insync.wrapper: Error 200, reqId 687: No se encuentra definici\u00f3n del activo solicitado, contract: Option(symbol='NVDA', lastTradeDateOrContractMonth='20270617', strike=212.5, right='P', exchange='SMART')
2026-08-25 21:52:38,402 [WARNING] ib_insync.ib: Unknown contract: Option(symbol='NVDA', lastTradeDateOrContractMonth='20270617', strike=213.0, right='C', exchange='SMART')
2026-08-25 21:52:38,402 [WARNING] ib_insync.ib: Unknown contract: Option(symbol='NVDA', lastTradeDateOrContractMonth='20270617', strike=214.0, right='C', exchange='SMART')
2026-08-25 21:52:38,402 [WARNING] ib_insync.ib: Unknown contract: Option(symbol='NVDA', lastTradeDateOrContractMonth='20270617', strike=216.0, right='C', exchange='SMART')
2026-08-25 21:52:38,402 [WARNING] ib_insync.ib: Unknown contract: Option(symbol='NVDA', lastTradeDateOrContractMonth='20270617', strike=217.0, right='C', exchange='SMART')
2026-08-25 21:52:38,402 [WARNING] ib_insync.ib: Unknown contract: Option(symbol='NVDA', lastTradeDateOrContractMonth='20270617', strike=217.5, right='C', exchange='SMART')
2026-08-25 21:52:38,402 [WARNING] ib_insync.ib: Unknown contract: Option(symbol='NVDA', lastTradeDateOrContractMonth='20270617', strike=218.0, right='C', exchange='SMART')
2026-08-25 21:52:38,402 [WARNING] ib_insync.ib: Unknown contract: Option(symbol='NVDA', lastTradeDateOrContractMonth='20270617', strike=219.0, right='C', exchange='SMART')
2026-08-25 21:52:38,402 [WARNING] ib_insync.ib: Unknown contract: Option(symbol='NVDA', lastTradeDateOrContractMonth='20270617', strike=221.0, right='C', exchange='SMART')
2026-08-25 21:52:38,402 [WARNING] ib_insync.ib: Unknown contract: Option(symbol='NVDA', lastTradeDateOrContractMonth='20270617', strike=222.0, right='C', exchange='SMART')
2026-08-25 21:52:38,402 [WARNING] ib_insync.ib: Unknown contract: Option(symbol='NVDA', lastTradeDateOrContractMonth='20270617', strike=222.5, right='C', exchange='SMART')
2026-08-25 21:52:38,402 [WARNING] ib_insync.ib: Unknown contract: Option(symbol='NVDA', lastTradeDateOrContractMonth='20270617', strike=223.0, right='C', exchange='SMART')
2026-08-25 21:52:38,402 [WARNING] ib_insync.ib: Unknown contract: Option(symbol='NVDA', lastTradeDateOrContractMonth='20270617', strike=224.0, right='C', exchange='SMART')
2026-08-25 21:52:38,402 [WARNING] ib_insync.ib: Unknown contract: Option(symbol='NVDA', lastTradeDateOrContractMonth='20270617', strike=226.0, right='C', exchange='SMART')
2026-08-25 21:52:38,402 [WARNING] ib_insync.ib: Unknown contract: Option(symbol='NVDA', lastTradeDateOrContractMonth='20270617', strike=227.0, right='C', exchange='SMART')
2026-08-25 21:52:38,402 [WARNING] ib_insync.ib: Unknown contract: Option(symbol='NVDA', lastTradeDateOrContractMonth='20270617', strike=227.5, right='C', exchange='SMART')
2026-08-25 21:52:38,402 [WARNING] ib_insync.ib: Unknown contract: Option(symbol='NVDA', lastTradeDateOrContractMonth='20270617', strike=228.0, right='C', exchange='SMART')
2026-08-25 21:52:38,402 [WARNING] ib_insync.ib: Unknown contract: Option(symbol='NVDA', lastTradeDateOrContractMonth='20270617', strike=186.0, right='P', exchange='SMART')
2026-08-25 21:52:38,402 [WARNING] ib_insync.ib: Unknown contract: Option(symbol='NVDA', lastTradeDateOrContractMonth='20270617', strike=187.0, right='P', exchange='SMART')
2026-08-25 21:52:38,402 [WARNING] ib_insync.ib: Unknown contract: Option(symbol='NVDA', lastTradeDateOrContractMonth='20270617', strike=187.5, right='P', exchange='SMART')
2026-08-25 21:52:38,402 [WARNING] ib_insync.ib: Unknown contract: Option(symbol='NVDA', lastTradeDateOrContractMonth='20270617', strike=188.0, right='P', exchange='SMART')
2026-08-25 21:52:38,402 [WARNING] ib_insync.ib: Unknown contract: Option(symbol='NVDA', lastTradeDateOrContractMonth='20270617', strike=189.0, right='P', exchange='SMART')
2026-08-25 21:52:38,402 [WARNING] ib_insync.ib: Unknown contract: Option(symbol='NVDA', lastTradeDateOrContractMonth='20270617', strike=191.0, right='P', exchange='SMART')
2026-08-25 21:52:38,402 [WARNING] ib_insync.ib: Unknown contract: Option(symbol='NVDA', lastTradeDateOrContractMonth='20270617', strike=192.0, right='P', exchange='SMART')
2026-08-25 21:52:38,414 [WARNING] ib_insync.ib: Unknown contract: Option(symbol='NVDA', lastTradeDateOrContractMonth='20270617', strike=192.5, right='P', exchange='SMART')
2026-08-25 21:52:38,414 [WARNING] ib_insync.ib: Unknown contract: Option(symbol='NVDA', lastTradeDateOrContractMonth='20270617', strike=193.0, right='P', exchange='SMART')
2026-08-25 21:52:38,415 [WARNING] ib_insync.ib: Unknown contract: Option(symbol='NVDA', lastTradeDateOrContractMonth='20270617', strike=194.0, right='P', exchange='SMART')
2026-08-25 21:52:38,415 [WARNING] ib_insync.ib: Unknown contract: Option(symbol='NVDA', lastTradeDateOrContractMonth='20270617', strike=197.5, right='P', exchange='SMART')
2026-08-25 21:52:38,416 [WARNING] ib_insync.ib: Unknown contract: Option(symbol='NVDA', lastTradeDateOrContractMonth='20270617', strike=202.5, right='P', exchange='SMART')
2026-08-25 21:52:38,416 [WARNING] ib_insync.ib: Unknown contract: Option(symbol='NVDA', lastTradeDateOrContractMonth='20270617', strike=207.5, right='P', exchange='SMART')
2026-08-25 21:52:38,416 [WARNING] ib_insync.ib: Unknown contract: Option(symbol='NVDA', lastTradeDateOrContractMonth='20270617', strike=212.0, right='P', exchange='SMART')
2026-08-25 21:52:38,417 [WARNING] ib_insync.ib: Unknown contract: Option(symbol='NVDA', lastTradeDateOrContractMonth='20270617', strike=212.5, right='P', exchange='SMART')
2026-08-25 21:52:38,781 [ERROR] ib_insync.wrapper: Error 200, reqId 697: No se encuentra definici\u00f3n del activo solicitado, contract: Option(symbol='NVDA', lastTradeDateOrContractMonth='20270917', strike=213.0, right='C', exchange='SMART')
2026-08-25 21:52:39,098 [ERROR] ib_insync.wrapper: Error 200, reqId 698: No se encuentra definici\u00f3n del activo solicitado, contract: Option(symbol='NVDA', lastTradeDateOrContractMonth='20270917', strike=214.0, right='C', exchange='SMART')
2026-08-25 21:52:39,234 [ERROR] ib_insync.wrapper: Error 200, reqId 700: No se encuentra definici\u00f3n del activo solicitado, contract: Option(symbol='NVDA', lastTradeDateOrContractMonth='20270917', strike=216.0, right='C', exchange='SMART')
2026-08-25 21:52:39,416 [ERROR] ib_insync.wrapper: Error 200, reqId 701: No se encuentra definici\u00f3n del activo solicitado, contract: Option(symbol='NVDA', lastTradeDateOrContractMonth='20270917', strike=217.0, right='C', exchange='SMART')
2026-08-25 21:52:39,499 [ERROR] ib_insync.wrapper: Error 200, reqId 702: No se encuentra definici\u00f3n del activo solicitado, contract: Option(symbol='NVDA', lastTradeDateOrContractMonth='20270917', strike=217.5, right='C', exchange='SMART')
2026-08-25 21:52:39,585 [ERROR] ib_insync.wrapper: Error 200, reqId 703: No se encuentra definici\u00f3n del activo solicitado, contract: Option(symbol='NVDA', lastTradeDateOrContractMonth='20270917', strike=218.0, right='C', exchange='SMART')
2026-08-25 21:52:39,682 [ERROR] ib_insync.wrapper: Error 200, reqId 704: No se encuentra definici\u00f3n del activo solicitado, contract: Option(symbol='NVDA', lastTradeDateOrContractMonth='20270917', strike=219.0, right='C', exchange='SMART')
2026-08-25 21:52:39,700 [ERROR] ib_insync.wrapper: Error 200, reqId 707: No se encuentra definici\u00f3n del activo solicitado, contract: Option(symbol='NVDA', lastTradeDateOrContractMonth='20270917', strike=222.0, right='C', exchange='SMART')
2026-08-25 21:52:39,700 [ERROR] ib_insync.wrapper: Error 200, reqId 708: No se encuentra definici\u00f3n del activo solicitado, contract: Option(symbol='NVDA', lastTradeDateOrContractMonth='20270917', strike=222.5, right='C', exchange='SMART')
2026-08-25 21:52:39,717 [ERROR] ib_insync.wrapper: Error 200, reqId 706: No se encuentra definici\u00f3n del activo solicitado, contract: Option(symbol='NVDA', lastTradeDateOrContractMonth='20270917', strike=221.0, right='C', exchange='SMART')
2026-08-25 21:52:39,717 [ERROR] ib_insync.wrapper: Error 200, reqId 709: No se encuentra definici\u00f3n del activo solicitado, contract: Option(symbol='NVDA', lastTradeDateOrContractMonth='20270917', strike=223.0, right='C', exchange='SMART')
2026-08-25 21:52:39,717 [ERROR] ib_insync.wrapper: Error 200, reqId 710: No se encuentra definici\u00f3n del activo solicitado, contract: Option(symbol='NVDA', lastTradeDateOrContractMonth='20270917', strike=224.0, right='C', exchange='SMART')
2026-08-25 21:52:39,717 [ERROR] ib_insync.wrapper: Error 200, reqId 714: No se encuentra definici\u00f3n del activo solicitado, contract: Option(symbol='NVDA', lastTradeDateOrContractMonth='20270917', strike=227.5, right='C', exchange='SMART')
2026-08-25 21:52:39,717 [ERROR] ib_insync.wrapper: Error 200, reqId 712: No se encuentra definici\u00f3n del activo solicitado, contract: Option(symbol='NVDA', lastTradeDateOrContractMonth='20270917', strike=226.0, right='C', exchange='SMART')
2026-08-25 21:52:39,717 [ERROR] ib_insync.wrapper: Error 200, reqId 713: No se encuentra definici\u00f3n del activo solicitado, contract: Option(symbol='NVDA', lastTradeDateOrContractMonth='20270917', strike=227.0, right='C', exchange='SMART')
2026-08-25 21:52:39,717 [ERROR] ib_insync.wrapper: Error 200, reqId 717: No se encuentra definici\u00f3n del activo solicitado, contract: Option(symbol='NVDA', lastTradeDateOrContractMonth='20270917', strike=186.0, right='P', exchange='SMART')
2026-08-25 21:52:39,717 [ERROR] ib_insync.wrapper: Error 200, reqId 715: No se encuentra definici\u00f3n del activo solicitado, contract: Option(symbol='NVDA', lastTradeDateOrContractMonth='20270917', strike=228.0, right='C', exchange='SMART')
2026-08-25 21:52:39,731 [ERROR] ib_insync.wrapper: Error 200, reqId 718: No se encuentra definici\u00f3n del activo solicitado, contract: Option(symbol='NVDA', lastTradeDateOrContractMonth='20270917', strike=187.0, right='P', exchange='SMART')
2026-08-25 21:52:39,783 [ERROR] ib_insync.wrapper: Error 200, reqId 720: No se encuentra definici\u00f3n del activo solicitado, contract: Option(symbol='NVDA', lastTradeDateOrContractMonth='20270917', strike=188.0, right='P', exchange='SMART')
2026-08-25 21:52:39,783 [ERROR] ib_insync.wrapper: Error 200, reqId 721: No se encuentra definici\u00f3n del activo solicitado, contract: Option(symbol='NVDA', lastTradeDateOrContractMonth='20270917', strike=189.0, right='P', exchange='SMART')
2026-08-25 21:52:39,801 [ERROR] ib_insync.wrapper: Error 200, reqId 724: No se encuentra definici\u00f3n del activo solicitado, contract: Option(symbol='NVDA', lastTradeDateOrContractMonth='20270917', strike=192.0, right='P', exchange='SMART')
2026-08-25 21:52:39,801 [ERROR] ib_insync.wrapper: Error 200, reqId 723: No se encuentra definici\u00f3n del activo solicitado, contract: Option(symbol='NVDA', lastTradeDateOrContractMonth='20270917', strike=191.0, right='P', exchange='SMART')
2026-08-25 21:52:39,801 [ERROR] ib_insync.wrapper: Error 200, reqId 719: No se encuentra definici\u00f3n del activo solicitado, contract: Option(symbol='NVDA', lastTradeDateOrContractMonth='20270917', strike=187.5, right='P', exchange='SMART')
2026-08-25 21:52:39,801 [ERROR] ib_insync.wrapper: Error 200, reqId 725: No se encuentra definici\u00f3n del activo solicitado, contract: Option(symbol='NVDA', lastTradeDateOrContractMonth='20270917', strike=192.5, right='P', exchange='SMART')
2026-08-25 21:52:39,901 [ERROR] ib_insync.wrapper: Error 200, reqId 727: No se encuentra definici\u00f3n del activo solicitado, contract: Option(symbol='NVDA', lastTradeDateOrContractMonth='20270917', strike=194.0, right='P', exchange='SMART')
2026-08-25 21:52:39,901 [ERROR] ib_insync.wrapper: Error 200, reqId 726: No se encuentra definici\u00f3n del activo solicitado, contract: Option(symbol='NVDA', lastTradeDateOrContractMonth='20270917', strike=193.0, right='P', exchange='SMART')
2026-08-25 21:52:39,901 [ERROR] ib_insync.wrapper: Error 200, reqId 729: No se encuentra definici\u00f3n del activo solicitado, contract: Option(symbol='NVDA', lastTradeDateOrContractMonth='20270917', strike=197.5, right='P', exchange='SMART')
2026-08-25 21:52:40,017 [ERROR] ib_insync.wrapper: Error 200, reqId 731: No se encuentra definici\u00f3n del activo solicitado, contract: Option(symbol='NVDA', lastTradeDateOrContractMonth='20270917', strike=202.5, right='P', exchange='SMART')
2026-08-25 21:52:40,217 [ERROR] ib_insync.wrapper: Error 200, reqId 733: No se encuentra definici\u00f3n del activo solicitado, contract: Option(symbol='NVDA', lastTradeDateOrContractMonth='20270917', strike=207.5, right='P', exchange='SMART')
2026-08-25 21:52:40,441 [ERROR] ib_insync.wrapper: Error 200, reqId 735: No se encuentra definici\u00f3n del activo solicitado, contract: Option(symbol='NVDA', lastTradeDateOrContractMonth='20270917', strike=212.0, right='P', exchange='SMART')
2026-08-25 21:52:40,565 [ERROR] ib_insync.wrapper: Error 200, reqId 736: No se encuentra definici\u00f3n del activo solicitado, contract: Option(symbol='NVDA', lastTradeDateOrContractMonth='20270917', strike=212.5, right='P', exchange='SMART')
2026-08-25 21:52:40,566 [WARNING] ib_insync.ib: Unknown contract: Option(symbol='NVDA', lastTradeDateOrContractMonth='20270917', strike=213.0, right='C', exchange='SMART')
2026-08-25 21:52:40,566 [WARNING] ib_insync.ib: Unknown contract: Option(symbol='NVDA', lastTradeDateOrContractMonth='20270917', strike=214.0, right='C', exchange='SMART')
2026-08-25 21:52:40,566 [WARNING] ib_insync.ib: Unknown contract: Option(symbol='NVDA', lastTradeDateOrContractMonth='20270917', strike=216.0, right='C', exchange='SMART')
2026-08-25 21:52:40,567 [WARNING] ib_insync.ib: Unknown contract: Option(symbol='NVDA', lastTradeDateOrContractMonth='20270917', strike=217.0, right='C', exchange='SMART')
2026-08-25 21:52:40,567 [WARNING] ib_insync.ib: Unknown contract: Option(symbol='NVDA', lastTradeDateOrContractMonth='20270917', strike=217.5, right='C', exchange='SMART')
2026-08-25 21:52:40,568 [WARNING] ib_insync.ib: Unknown contract: Option(symbol='NVDA', lastTradeDateOrContractMonth='20270917', strike=218.0, right='C', exchange='SMART')
2026-08-25 21:52:40,568 [WARNING] ib_insync.ib: Unknown contract: Option(symbol='NVDA', lastTradeDateOrContractMonth='20270917', strike=219.0, right='C', exchange='SMART')
2026-08-25 21:52:40,568 [WARNING] ib_insync.ib: Unknown contract: Option(symbol='NVDA', lastTradeDateOrContractMonth='20270917', strike=221.0, right='C', exchange='SMART')
2026-08-25 21:52:40,568 [WARNING] ib_insync.ib: Unknown contract: Option(symbol='NVDA', lastTradeDateOrContractMonth='20270917', strike=222.0, right='C', exchange='SMART')
2026-08-25 21:52:40,568 [WARNING] ib_insync.ib: Unknown contract: Option(symbol='NVDA', lastTradeDateOrContractMonth='20270917', strike=222.5, right='C', exchange='SMART')
2026-08-25 21:52:40,568 [WARNING] ib_insync.ib: Unknown contract: Option(symbol='NVDA', lastTradeDateOrContractMonth='20270917', strike=223.0, right='C', exchange='SMART')
2026-08-25 21:52:40,568 [WARNING] ib_insync.ib: Unknown contract: Option(symbol='NVDA', lastTradeDateOrContractMonth='20270917', strike=224.0, right='C', exchange='SMART')
2026-08-25 21:52:40,568 [WARNING] ib_insync.ib: Unknown contract: Option(symbol='NVDA', lastTradeDateOrContractMonth='20270917', strike=226.0, right='C', exchange='SMART')
2026-08-25 21:52:40,568 [WARNING] ib_insync.ib: Unknown contract: Option(symbol='NVDA', lastTradeDateOrContractMonth='20270917', strike=227.0, right='C', exchange='SMART')
2026-08-25 21:52:40,568 [WARNING] ib_insync.ib: Unknown contract: Option(symbol='NVDA', lastTradeDateOrContractMonth='20270917', strike=227.5, right='C', exchange='SMART')
2026-08-25 21:52:40,568 [WARNING] ib_insync.ib: Unknown contract: Option(symbol='NVDA', lastTradeDateOrContractMonth='20270917', strike=228.0, right='C', exchange='SMART')
2026-08-25 21:52:40,568 [WARNING] ib_insync.ib: Unknown contract: Option(symbol='NVDA', lastTradeDateOrContractMonth='20270917', strike=186.0, right='P', exchange='SMART')
2026-08-25 21:52:40,568 [WARNING] ib_insync.ib: Unknown contract: Option(symbol='NVDA', lastTradeDateOrContractMonth='20270917', strike=187.0, right='P', exchange='SMART')
2026-08-25 21:52:40,568 [WARNING] ib_insync.ib: Unknown contract: Option(symbol='NVDA', lastTradeDateOrContractMonth='20270917', strike=187.5, right='P', exchange='SMART')
2026-08-25 21:52:40,568 [WARNING] ib_insync.ib: Unknown contract: Option(symbol='NVDA', lastTradeDateOrContractMonth='20270917', strike=188.0, right='P', exchange='SMART')
2026-08-25 21:52:40,568 [WARNING] ib_insync.ib: Unknown contract: Option(symbol='NVDA', lastTradeDateOrContractMonth='20270917', strike=189.0, right='P', exchange='SMART')
2026-08-25 21:52:40,568 [WARNING] ib_insync.ib: Unknown contract: Option(symbol='NVDA', lastTradeDateOrContractMonth='20270917', strike=191.0, right='P', exchange='SMART')
2026-08-25 21:52:40,568 [WARNING] ib_insync.ib: Unknown contract: Option(symbol='NVDA', lastTradeDateOrContractMonth='20270917', strike=192.0, right='P', exchange='SMART')
2026-08-25 21:52:40,568 [WARNING] ib_insync.ib: Unknown contract: Option(symbol='NVDA', lastTradeDateOrContractMonth='20270917', strike=192.5, right='P', exchange='SMART')
2026-08-25 21:52:40,568 [WARNING] ib_insync.ib: Unknown contract: Option(symbol='NVDA', lastTradeDateOrContractMonth='20270917', strike=193.0, right='P', exchange='SMART')
2026-08-25 21:52:40,568 [WARNING] ib_insync.ib: Unknown contract: Option(symbol='NVDA', lastTradeDateOrContractMonth='20270917', strike=194.0, right='P', exchange='SMART')
2026-08-25 21:52:40,568 [WARNING] ib_insync.ib: Unknown contract: Option(symbol='NVDA', lastTradeDateOrContractMonth='20270917', strike=197.5, right='P', exchange='SMART')
2026-08-25 21:52:40,568 [WARNING] ib_insync.ib: Unknown contract: Option(symbol='NVDA', lastTradeDateOrContractMonth='20270917', strike=202.5, right='P', exchange='SMART')
2026-08-25 21:52:40,568 [WARNING] ib_insync.ib: Unknown contract: Option(symbol='NVDA', lastTradeDateOrContractMonth='20270917', strike=207.5, right='P', exchange='SMART')
2026-08-25 21:52:40,568 [WARNING] ib_insync.ib: Unknown contract: Option(symbol='NVDA', lastTradeDateOrContractMonth='20270917', strike=212.0, right='P', exchange='SMART')
2026-08-25 21:52:40,568 [WARNING] ib_insync.ib: Unknown contract: Option(symbol='NVDA', lastTradeDateOrContractMonth='20270917', strike=212.5, right='P', exchange='SMART')
2026-08-25 21:53:52,348 [INFO] ib_insync.wrapper: updatePortfolio: PortfolioItem(contract=Stock(conId=4815747, symbol='NVDA', right='0', primaryExchange='NASDAQ', currency='USD', localSymbol='NVDA', tradingClass='NMS'), position=100.0, marketPrice=212.74401855, marketValue=21274.4, averageCost=207.20798, unrealizedPNL=553.6, realizedPNL=0.0, account='DUP435978')
2026-08-25 21:53:52,348 [INFO] ib_insync.wrapper: updatePortfolio: PortfolioItem(contract=Stock(conId=76792991, symbol='TSLA', right='0', primaryExchange='NASDAQ', currency='USD', localSymbol='TSLA', tradingClass='NMS'), position=3.0, marketPrice=350.72735595, marketValue=1052.18, averageCost=393.97333335, unrealizedPNL=-129.74, realizedPNL=0.0, account='DUP435978')
2026-08-25 21:55:37,512 [INFO] trading_bot: Shutting down terminal safely...
2026-08-25 21:55:37,512 [INFO] ib_insync.ib: Disconnecting from 127.0.0.1:4002, 65.7 kB sent in 989 messages, 9.19 MB received in 139580 messages, session time 211 s.
2026-08-25 21:55:37,512 [INFO] ib_insync.client: Disconnecting
2026-08-25 21:55:43,113 [INFO] trading_bot: Connecting to IBKR at 127.0.0.1:4002 (client_id=20)...
2026-08-25 21:55:43,113 [INFO] ib_insync.client: Connecting to 127.0.0.1:4002 with clientId 20...
2026-08-25 21:55:43,113 [INFO] ib_insync.client: Connected
2026-08-25 21:55:43,128 [INFO] ib_insync.client: Logged on to server version 176
2026-08-25 21:55:43,133 [INFO] ib_insync.wrapper: Warning 2104, reqId -1: La conexi\u00f3n al centro de datos funciona correctamente:eufarm
2026-08-25 21:55:43,133 [INFO] ib_insync.wrapper: Warning 2104, reqId -1: La conexi\u00f3n al centro de datos funciona correctamente:usopt
2026-08-25 21:55:43,133 [INFO] ib_insync.wrapper: Warning 2104, reqId -1: La conexi\u00f3n al centro de datos funciona correctamente:usfarm
2026-08-25 21:55:43,134 [INFO] ib_insync.wrapper: Warning 2106, reqId -1: La conexi\u00f3n al centro de datos HMDS funciona correctamente:euhmds
2026-08-25 21:55:43,134 [INFO] ib_insync.wrapper: Warning 2106, reqId -1: La conexi\u00f3n al centro de datos HMDS funciona correctamente:ushmds
2026-08-25 21:55:43,134 [INFO] ib_insync.wrapper: Warning 2158, reqId -1: La conexi\u00f3n de la granja de datos "sec-def" funciona correctamente:secdefeu
2026-08-25 21:55:43,134 [INFO] ib_insync.client: API connection ready
2026-08-25 21:55:43,136 [INFO] ib_insync.wrapper: position: Position(account='DUP435978', contract=Stock(conId=4815747, symbol='NVDA', exchange='NASDAQ', currency='USD', localSymbol='NVDA', tradingClass='NMS'), position=100.0, avgCost=207.20798)
2026-08-25 21:55:43,136 [INFO] ib_insync.wrapper: position: Position(account='DUP435978', contract=Stock(conId=76792991, symbol='TSLA', exchange='NASDAQ', currency='USD', localSymbol='TSLA', tradingClass='NMS'), position=3.0, avgCost=393.97333335)
2026-08-25 21:55:43,237 [INFO] ib_insync.wrapper: updatePortfolio: PortfolioItem(contract=Stock(conId=4815747, symbol='NVDA', right='0', primaryExchange='NASDAQ', currency='USD', localSymbol='NVDA', tradingClass='NMS'), position=100.0, marketPrice=212.74401855, marketValue=21274.4, averageCost=207.20798, unrealizedPNL=553.6, realizedPNL=0.0, account='DUP435978')
2026-08-25 21:55:43,237 [INFO] ib_insync.wrapper: updatePortfolio: PortfolioItem(contract=Stock(conId=76792991, symbol='TSLA', right='0', primaryExchange='NASDAQ', currency='USD', localSymbol='TSLA', tradingClass='NMS'), position=3.0, marketPrice=350.72735595, marketValue=1052.18, averageCost=393.97333335, unrealizedPNL=-129.74, realizedPNL=0.0, account='DUP435978')
2026-08-25 21:55:43,237 [INFO] ib_insync.ib: Synchronization complete
2026-08-25 21:55:43,237 [INFO] trading_bot: Successfully connected to IBKR and initialized subsystems.
2026-08-25 21:55:46,763 [ERROR] ib_insync.wrapper: Error 200, reqId 13: No se encuentra definici\u00f3n del activo solicitado, contract: Option(symbol='NVDA', lastTradeDateOrContractMonth='20260904', strike=213.0, right='C', exchange='SMART')
2026-08-25 21:55:46,764 [ERROR] ib_insync.wrapper: Error 200, reqId 14: No se encuentra definici\u00f3n del activo solicitado, contract: Option(symbol='NVDA', lastTradeDateOrContractMonth='20260904', strike=214.0, right='C', exchange='SMART')
2026-08-25 21:55:46,768 [ERROR] ib_insync.wrapper: Error 200, reqId 16: No se encuentra definici\u00f3n del activo solicitado, contract: Option(symbol='NVDA', lastTradeDateOrContractMonth='20260904', strike=216.0, right='C', exchange='SMART')
2026-08-25 21:55:46,768 [ERROR] ib_insync.wrapper: Error 200, reqId 17: No se encuentra definici\u00f3n del activo solicitado, contract: Option(symbol='NVDA', lastTradeDateOrContractMonth='20260904', strike=217.0, right='C', exchange='SMART')
2026-08-25 21:55:46,768 [ERROR] ib_insync.wrapper: Error 200, reqId 19: No se encuentra definici\u00f3n del activo solicitado, contract: Option(symbol='NVDA', lastTradeDateOrContractMonth='20260904', strike=218.0, right='C', exchange='SMART')
2026-08-25 21:55:46,768 [ERROR] ib_insync.wrapper: Error 200, reqId 20: No se encuentra definici\u00f3n del activo solicitado, contract: Option(symbol='NVDA', lastTradeDateOrContractMonth='20260904', strike=219.0, right='C', exchange='SMART')
2026-08-25 21:55:46,768 [ERROR] ib_insync.wrapper: Error 200, reqId 22: No se encuentra definici\u00f3n del activo solicitado, contract: Option(symbol='NVDA', lastTradeDateOrContractMonth='20260904', strike=221.0, right='C', exchange='SMART')
2026-08-25 21:55:46,818 [ERROR] ib_insync.wrapper: Error 200, reqId 23: No se encuentra definici\u00f3n del activo solicitado, contract: Option(symbol='NVDA', lastTradeDateOrContractMonth='20260904', strike=222.0, right='C', exchange='SMART')
2026-08-25 21:55:46,818 [ERROR] ib_insync.wrapper: Error 200, reqId 25: No se encuentra definici\u00f3n del activo solicitado, contract: Option(symbol='NVDA', lastTradeDateOrContractMonth='20260904', strike=223.0, right='C', exchange='SMART')
2026-08-25 21:55:46,818 [ERROR] ib_insync.wrapper: Error 200, reqId 26: No se encuentra definici\u00f3n del activo solicitado, contract: Option(symbol='NVDA', lastTradeDateOrContractMonth='20260904', strike=224.0, right='C', exchange='SMART')
2026-08-25 21:55:46,818 [ERROR] ib_insync.wrapper: Error 200, reqId 28: No se encuentra definici\u00f3n del activo solicitado, contract: Option(symbol='NVDA', lastTradeDateOrContractMonth='20260904', strike=226.0, right='C', exchange='SMART')
2026-08-25 21:55:46,818 [ERROR] ib_insync.wrapper: Error 200, reqId 29: No se encuentra definici\u00f3n del activo solicitado, contract: Option(symbol='NVDA', lastTradeDateOrContractMonth='20260904', strike=227.0, right='C', exchange='SMART')
2026-08-25 21:55:46,839 [ERROR] ib_insync.wrapper: Error 200, reqId 31: No se encuentra definici\u00f3n del activo solicitado, contract: Option(symbol='NVDA', lastTradeDateOrContractMonth='20260904', strike=228.0, right='C', exchange='SMART')
2026-08-25 21:55:46,856 [ERROR] ib_insync.wrapper: Error 200, reqId 33: No se encuentra definici\u00f3n del activo solicitado, contract: Option(symbol='NVDA', lastTradeDateOrContractMonth='20260904', strike=186.0, right='P', exchange='SMART')
2026-08-25 21:55:46,856 [ERROR] ib_insync.wrapper: Error 200, reqId 34: No se encuentra definici\u00f3n del activo solicitado, contract: Option(symbol='NVDA', lastTradeDateOrContractMonth='20260904', strike=187.0, right='P', exchange='SMART')
2026-08-25 21:55:46,868 [ERROR] ib_insync.wrapper: Error 200, reqId 36: No se encuentra definici\u00f3n del activo solicitado, contract: Option(symbol='NVDA', lastTradeDateOrContractMonth='20260904', strike=188.0, right='P', exchange='SMART')
2026-08-25 21:55:46,868 [ERROR] ib_insync.wrapper: Error 200, reqId 37: No se encuentra definici\u00f3n del activo solicitado, contract: Option(symbol='NVDA', lastTradeDateOrContractMonth='20260904', strike=189.0, right='P', exchange='SMART')
2026-08-25 21:55:46,946 [ERROR] ib_insync.wrapper: Error 200, reqId 39: No se encuentra definici\u00f3n del activo solicitado, contract: Option(symbol='NVDA', lastTradeDateOrContractMonth='20260904', strike=191.0, right='P', exchange='SMART')
2026-08-25 21:55:46,947 [ERROR] ib_insync.wrapper: Error 200, reqId 40: No se encuentra definici\u00f3n del activo solicitado, contract: Option(symbol='NVDA', lastTradeDateOrContractMonth='20260904', strike=192.0, right='P', exchange='SMART')
2026-08-25 21:55:46,947 [ERROR] ib_insync.wrapper: Error 200, reqId 42: No se encuentra definici\u00f3n del activo solicitado, contract: Option(symbol='NVDA', lastTradeDateOrContractMonth='20260904', strike=193.0, right='P', exchange='SMART')
2026-08-25 21:55:46,978 [ERROR] ib_insync.wrapper: Error 200, reqId 43: No se encuentra definici\u00f3n del activo solicitado, contract: Option(symbol='NVDA', lastTradeDateOrContractMonth='20260904', strike=194.0, right='P', exchange='SMART')
2026-08-25 21:55:47,243 [ERROR] ib_insync.wrapper: Error 200, reqId 51: No se encuentra definici\u00f3n del activo solicitado, contract: Option(symbol='NVDA', lastTradeDateOrContractMonth='20260904', strike=212.0, right='P', exchange='SMART')
2026-08-25 21:55:47,244 [WARNING] ib_insync.ib: Unknown contract: Option(symbol='NVDA', lastTradeDateOrContractMonth='20260904', strike=213.0, right='C', exchange='SMART')
2026-08-25 21:55:47,244 [WARNING] ib_insync.ib: Unknown contract: Option(symbol='NVDA', lastTradeDateOrContractMonth='20260904', strike=214.0, right='C', exchange='SMART')
2026-08-25 21:55:47,244 [WARNING] ib_insync.ib: Unknown contract: Option(symbol='NVDA', lastTradeDateOrContractMonth='20260904', strike=216.0, right='C', exchange='SMART')
2026-08-25 21:55:47,245 [WARNING] ib_insync.ib: Unknown contract: Option(symbol='NVDA', lastTradeDateOrContractMonth='20260904', strike=217.0, right='C', exchange='SMART')
2026-08-25 21:55:47,245 [WARNING] ib_insync.ib: Unknown contract: Option(symbol='NVDA', lastTradeDateOrContractMonth='20260904', strike=218.0, right='C', exchange='SMART')
2026-08-25 21:55:47,245 [WARNING] ib_insync.ib: Unknown contract: Option(symbol='NVDA', lastTradeDateOrContractMonth='20260904', strike=219.0, right='C', exchange='SMART')
2026-08-25 21:55:47,245 [WARNING] ib_insync.ib: Unknown contract: Option(symbol='NVDA', lastTradeDateOrContractMonth='20260904', strike=221.0, right='C', exchange='SMART')
2026-08-25 21:55:47,245 [WARNING] ib_insync.ib: Unknown contract: Option(symbol='NVDA', lastTradeDateOrContractMonth='20260904', strike=222.0, right='C', exchange='SMART')
2026-08-25 21:55:47,245 [WARNING] ib_insync.ib: Unknown contract: Option(symbol='NVDA', lastTradeDateOrContractMonth='20260904', strike=223.0, right='C', exchange='SMART')
2026-08-25 21:55:47,245 [WARNING] ib_insync.ib: Unknown contract: Option(symbol='NVDA', lastTradeDateOrContractMonth='20260904', strike=224.0, right='C', exchange='SMART')
2026-08-25 21:55:47,245 [WARNING] ib_insync.ib: Unknown contract: Option(symbol='NVDA', lastTradeDateOrContractMonth='20260904', strike=226.0, right='C', exchange='SMART')
2026-08-25 21:55:47,246 [WARNING] ib_insync.ib: Unknown contract: Option(symbol='NVDA', lastTradeDateOrContractMonth='20260904', strike=227.0, right='C', exchange='SMART')
2026-08-25 21:55:47,246 [WARNING] ib_insync.ib: Unknown contract: Option(symbol='NVDA', lastTradeDateOrContractMonth='20260904', strike=228.0, right='C', exchange='SMART')
2026-08-25 21:55:47,246 [WARNING] ib_insync.ib: Unknown contract: Option(symbol='NVDA', lastTradeDateOrContractMonth='20260904', strike=186.0, right='P', exchange='SMART')
2026-08-25 21:55:47,246 [WARNING] ib_insync.ib: Unknown contract: Option(symbol='NVDA', lastTradeDateOrContractMonth='20260904', strike=187.0, right='P', exchange='SMART')
2026-08-25 21:55:47,246 [WARNING] ib_insync.ib: Unknown contract: Option(symbol='NVDA', lastTradeDateOrContractMonth='20260904', strike=188.0, right='P', exchange='SMART')
2026-08-25 21:55:47,246 [WARNING] ib_insync.ib: Unknown contract: Option(symbol='NVDA', lastTradeDateOrContractMonth='20260904', strike=189.0, right='P', exchange='SMART')
2026-08-25 21:55:47,246 [WARNING] ib_insync.ib: Unknown contract: Option(symbol='NVDA', lastTradeDateOrContractMonth='20260904', strike=191.0, right='P', exchange='SMART')
2026-08-25 21:55:47,246 [WARNING] ib_insync.ib: Unknown contract: Option(symbol='NVDA', lastTradeDateOrContractMonth='20260904', strike=192.0, right='P', exchange='SMART')
2026-08-25 21:55:47,247 [WARNING] ib_insync.ib: Unknown contract: Option(symbol='NVDA', lastTradeDateOrContractMonth='20260904', strike=193.0, right='P', exchange='SMART')
2026-08-25 21:55:47,247 [WARNING] ib_insync.ib: Unknown contract: Option(symbol='NVDA', lastTradeDateOrContractMonth='20260904', strike=194.0, right='P', exchange='SMART')
2026-08-25 21:55:47,247 [WARNING] ib_insync.ib: Unknown contract: Option(symbol='NVDA', lastTradeDateOrContractMonth='20260904', strike=212.0, right='P', exchange='SMART')
2026-08-25 21:55:48,234 [ERROR] ib_insync.wrapper: Error 200, reqId 71: No se encuentra definici\u00f3n del activo solicitado, contract: Option(symbol='NVDA', lastTradeDateOrContractMonth='20260909', strike=213.0, right='C', exchange='SMART')
2026-08-25 21:55:48,534 [ERROR] ib_insync.wrapper: Error 200, reqId 72: No se encuentra definici\u00f3n del activo solicitado, contract: Option(symbol='NVDA', lastTradeDateOrContractMonth='20260909', strike=214.0, right='C', exchange='SMART')
2026-08-25 21:55:48,760 [ERROR] ib_insync.wrapper: Error 200, reqId 74: No se encuentra definici\u00f3n del activo solicitado, contract: Option(symbol='NVDA', lastTradeDateOrContractMonth='20260909', strike=216.0, right='C', exchange='SMART')
2026-08-25 21:55:48,768 [ERROR] ib_insync.wrapper: Error 200, reqId 75: No se encuentra definici\u00f3n del activo solicitado, contract: Option(symbol='NVDA', lastTradeDateOrContractMonth='20260909', strike=217.0, right='C', exchange='SMART')
2026-08-25 21:55:48,768 [ERROR] ib_insync.wrapper: Error 200, reqId 76: No se encuentra definici\u00f3n del activo solicitado, contract: Option(symbol='NVDA', lastTradeDateOrContractMonth='20260909', strike=217.5, right='C', exchange='SMART')
2026-08-25 21:55:48,768 [ERROR] ib_insync.wrapper: Error 200, reqId 77: No se encuentra definici\u00f3n del activo solicitado, contract: Option(symbol='NVDA', lastTradeDateOrContractMonth='20260909', strike=218.0, right='C', exchange='SMART')
2026-08-25 21:55:48,768 [ERROR] ib_insync.wrapper: Error 200, reqId 78: No se encuentra definici\u00f3n del activo solicitado, contract: Option(symbol='NVDA', lastTradeDateOrContractMonth='20260909', strike=219.0, right='C', exchange='SMART')
2026-08-25 21:55:48,773 [ERROR] ib_insync.wrapper: Error 200, reqId 80: No se encuentra definici\u00f3n del activo solicitado, contract: Option(symbol='NVDA', lastTradeDateOrContractMonth='20260909', strike=221.0, right='C', exchange='SMART')
2026-08-25 21:55:48,773 [ERROR] ib_insync.wrapper: Error 200, reqId 81: No se encuentra definici\u00f3n del activo solicitado, contract: Option(symbol='NVDA', lastTradeDateOrContractMonth='20260909', strike=222.0, right='C', exchange='SMART')
2026-08-25 21:55:48,773 [ERROR] ib_insync.wrapper: Error 200, reqId 82: No se encuentra definici\u00f3n del activo solicitado, contract: Option(symbol='NVDA', lastTradeDateOrContractMonth='20260909', strike=222.5, right='C', exchange='SMART')
2026-08-25 21:55:48,773 [ERROR] ib_insync.wrapper: Error 200, reqId 83: No se encuentra definici\u00f3n del activo solicitado, contract: Option(symbol='NVDA', lastTradeDateOrContractMonth='20260909', strike=223.0, right='C', exchange='SMART')
2026-08-25 21:55:48,868 [ERROR] ib_insync.wrapper: Error 200, reqId 84: No se encuentra definici\u00f3n del activo solicitado, contract: Option(symbol='NVDA', lastTradeDateOrContractMonth='20260909', strike=224.0, right='C', exchange='SMART')
2026-08-25 21:55:48,916 [ERROR] ib_insync.wrapper: Error 200, reqId 86: No se encuentra definici\u00f3n del activo solicitado, contract: Option(symbol='NVDA', lastTradeDateOrContractMonth='20260909', strike=226.0, right='C', exchange='SMART')
2026-08-25 21:55:48,916 [ERROR] ib_insync.wrapper: Error 200, reqId 87: No se encuentra definici\u00f3n del activo solicitado, contract: Option(symbol='NVDA', lastTradeDateOrContractMonth='20260909', strike=227.0, right='C', exchange='SMART')
2026-08-25 21:55:48,916 [ERROR] ib_insync.wrapper: Error 200, reqId 88: No se encuentra definici\u00f3n del activo solicitado, contract: Option(symbol='NVDA', lastTradeDateOrContractMonth='20260909', strike=227.5, right='C', exchange='SMART')
2026-08-25 21:55:48,917 [ERROR] ib_insync.wrapper: Error 200, reqId 89: No se encuentra definici\u00f3n del activo solicitado, contract: Option(symbol='NVDA', lastTradeDateOrContractMonth='20260909', strike=228.0, right='C', exchange='SMART')
2026-08-25 21:55:48,935 [ERROR] ib_insync.wrapper: Error 200, reqId 91: No se encuentra definici\u00f3n del activo solicitado, contract: Option(symbol='NVDA', lastTradeDateOrContractMonth='20260909', strike=186.0, right='P', exchange='SMART')
2026-08-25 21:55:48,982 [ERROR] ib_insync.wrapper: Error 200, reqId 92: No se encuentra definici\u00f3n del activo solicitado, contract: Option(symbol='NVDA', lastTradeDateOrContractMonth='20260909', strike=187.0, right='P', exchange='SMART')
2026-08-25 21:55:49,020 [ERROR] ib_insync.wrapper: Error 200, reqId 93: No se encuentra definici\u00f3n del activo solicitado, contract: Option(symbol='NVDA', lastTradeDateOrContractMonth='20260909', strike=187.5, right='P', exchange='SMART')
2026-08-25 21:55:49,020 [ERROR] ib_insync.wrapper: Error 200, reqId 94: No se encuentra definici\u00f3n del activo solicitado, contract: Option(symbol='NVDA', lastTradeDateOrContractMonth='20260909', strike=188.0, right='P', exchange='SMART')
2026-08-25 21:55:49,020 [ERROR] ib_insync.wrapper: Error 200, reqId 95: No se encuentra definici\u00f3n del activo solicitado, contract: Option(symbol='NVDA', lastTradeDateOrContractMonth='20260909', strike=189.0, right='P', exchange='SMART')
2026-08-25 21:55:49,117 [ERROR] ib_insync.wrapper: Error 200, reqId 97: No se encuentra definici\u00f3n del activo solicitado, contract: Option(symbol='NVDA', lastTradeDateOrContractMonth='20260909', strike=191.0, right='P', exchange='SMART')
2026-08-25 21:55:49,117 [ERROR] ib_insync.wrapper: Error 200, reqId 98: No se encuentra definici\u00f3n del activo solicitado, contract: Option(symbol='NVDA', lastTradeDateOrContractMonth='20260909', strike=192.0, right='P', exchange='SMART')
2026-08-25 21:55:49,118 [ERROR] ib_insync.wrapper: Error 200, reqId 99: No se encuentra definici\u00f3n del activo solicitado, contract: Option(symbol='NVDA', lastTradeDateOrContractMonth='20260909', strike=192.5, right='P', exchange='SMART')
2026-08-25 21:55:49,118 [ERROR] ib_insync.wrapper: Error 200, reqId 100: No se encuentra definici\u00f3n del activo solicitado, contract: Option(symbol='NVDA', lastTradeDateOrContractMonth='20260909', strike=193.0, right='P', exchange='SMART')
2026-08-25 21:55:49,184 [ERROR] ib_insync.wrapper: Error 200, reqId 101: No se encuentra definici\u00f3n del activo solicitado, contract: Option(symbol='NVDA', lastTradeDateOrContractMonth='20260909', strike=194.0, right='P', exchange='SMART')
2026-08-25 21:55:49,252 [ERROR] ib_insync.wrapper: Error 200, reqId 103: No se encuentra definici\u00f3n del activo solicitado, contract: Option(symbol='NVDA', lastTradeDateOrContractMonth='20260909', strike=197.5, right='P', exchange='SMART')
2026-08-25 21:55:49,487 [ERROR] ib_insync.wrapper: Error 200, reqId 105: No se encuentra definici\u00f3n del activo solicitado, contract: Option(symbol='NVDA', lastTradeDateOrContractMonth='20260909', strike=202.5, right='P', exchange='SMART')
2026-08-25 21:55:49,700 [ERROR] ib_insync.wrapper: Error 200, reqId 107: No se encuentra definici\u00f3n del activo solicitado, contract: Option(symbol='NVDA', lastTradeDateOrContractMonth='20260909', strike=207.5, right='P', exchange='SMART')
2026-08-25 21:55:49,919 [ERROR] ib_insync.wrapper: Error 200, reqId 109: No se encuentra definici\u00f3n del activo solicitado, contract: Option(symbol='NVDA', lastTradeDateOrContractMonth='20260909', strike=212.0, right='P', exchange='SMART')
2026-08-25 21:55:50,023 [ERROR] ib_insync.wrapper: Error 200, reqId 110: No se encuentra definici\u00f3n del activo solicitado, contract: Option(symbol='NVDA', lastTradeDateOrContractMonth='20260909', strike=212.5, right='P', exchange='SMART')
2026-08-25 21:55:50,023 [WARNING] ib_insync.ib: Unknown contract: Option(symbol='NVDA', lastTradeDateOrContractMonth='20260909', strike=213.0, right='C', exchange='SMART')
2026-08-25 21:55:50,023 [WARNING] ib_insync.ib: Unknown contract: Option(symbol='NVDA', lastTradeDateOrContractMonth='20260909', strike=214.0, right='C', exchange='SMART')
2026-08-25 21:55:50,023 [WARNING] ib_insync.ib: Unknown contract: Option(symbol='NVDA', lastTradeDateOrContractMonth='20260909', strike=216.0, right='C', exchange='SMART')
2026-08-25 21:55:50,023 [WARNING] ib_insync.ib: Unknown contract: Option(symbol='NVDA', lastTradeDateOrContractMonth='20260909', strike=217.0, right='C', exchange='SMART')
2026-08-25 21:55:50,023 [WARNING] ib_insync.ib: Unknown contract: Option(symbol='NVDA', lastTradeDateOrContractMonth='20260909', strike=217.5, right='C', exchange='SMART')
2026-08-25 21:55:50,023 [WARNING] ib_insync.ib: Unknown contract: Option(symbol='NVDA', lastTradeDateOrContractMonth='20260909', strike=218.0, right='C', exchange='SMART')
2026-08-25 21:55:50,023 [WARNING] ib_insync.ib: Unknown contract: Option(symbol='NVDA', lastTradeDateOrContractMonth='20260909', strike=219.0, right='C', exchange='SMART')
2026-08-25 21:55:50,023 [WARNING] ib_insync.ib: Unknown contract: Option(symbol='NVDA', lastTradeDateOrContractMonth='20260909', strike=221.0, right='C', exchange='SMART')
2026-08-25 21:55:50,023 [WARNING] ib_insync.ib: Unknown contract: Option(symbol='NVDA', lastTradeDateOrContractMonth='20260909', strike=222.0, right='C', exchange='SMART')
2026-08-25 21:55:50,023 [WARNING] ib_insync.ib: Unknown contract: Option(symbol='NVDA', lastTradeDateOrContractMonth='20260909', strike=222.5, right='C', exchange='SMART')
2026-08-25 21:55:50,023 [WARNING] ib_insync.ib: Unknown contract: Option(symbol='NVDA', lastTradeDateOrContractMonth='20260909', strike=223.0, right='C', exchange='SMART')
2026-08-25 21:55:50,029 [WARNING] ib_insync.ib: Unknown contract: Option(symbol='NVDA', lastTradeDateOrContractMonth='20260909', strike=224.0, right='C', exchange='SMART')
2026-08-25 21:55:50,029 [WARNING] ib_insync.ib: Unknown contract: Option(symbol='NVDA', lastTradeDateOrContractMonth='20260909', strike=226.0, right='C', exchange='SMART')
2026-08-25 21:55:50,029 [WARNING] ib_insync.ib: Unknown contract: Option(symbol='NVDA', lastTradeDateOrContractMonth='20260909', strike=227.0, right='C', exchange='SMART')
2026-08-25 21:55:50,029 [WARNING] ib_insync.ib: Unknown contract: Option(symbol='NVDA', lastTradeDateOrContractMonth='20260909', strike=227.5, right='C', exchange='SMART')
2026-08-25 21:55:50,029 [WARNING] ib_insync.ib: Unknown contract: Option(symbol='NVDA', lastTradeDateOrContractMonth='20260909', strike=228.0, right='C', exchange='SMART')
2026-08-25 21:55:50,029 [WARNING] ib_insync.ib: Unknown contract: Option(symbol='NVDA', lastTradeDateOrContractMonth='20260909', strike=186.0, right='P', exchange='SMART')
2026-08-25 21:55:50,029 [WARNING] ib_insync.ib: Unknown contract: Option(symbol='NVDA', lastTradeDateOrContractMonth='20260909', strike=187.0, right='P', exchange='SMART')
2026-08-25 21:55:50,029 [WARNING] ib_insync.ib: Unknown contract: Option(symbol='NVDA', lastTradeDateOrContractMonth='20260909', strike=187.5, right='P', exchange='SMART')
2026-08-25 21:55:50,030 [WARNING] ib_insync.ib: Unknown contract: Option(symbol='NVDA', lastTradeDateOrContractMonth='20260909', strike=188.0, right='P', exchange='SMART')
2026-08-25 21:55:50,030 [WARNING] ib_insync.ib: Unknown contract: Option(symbol='NVDA', lastTradeDateOrContractMonth='20260909', strike=189.0, right='P', exchange='SMART')
2026-08-25 21:55:50,030 [WARNING] ib_insync.ib: Unknown contract: Option(symbol='NVDA', lastTradeDateOrContractMonth='20260909', strike=191.0, right='P', exchange='SMART')
2026-08-25 21:55:50,030 [WARNING] ib_insync.ib: Unknown contract: Option(symbol='NVDA', lastTradeDateOrContractMonth='20260909', strike=192.0, right='P', exchange='SMART')
2026-08-25 21:55:50,030 [WARNING] ib_insync.ib: Unknown contract: Option(symbol='NVDA', lastTradeDateOrContractMonth='20260909', strike=192.5, right='P', exchange='SMART')
2026-08-25 21:55:50,030 [WARNING] ib_insync.ib: Unknown contract: Option(symbol='NVDA', lastTradeDateOrContractMonth='20260909', strike=193.0, right='P', exchange='SMART')
2026-08-25 21:55:50,030 [WARNING] ib_insync.ib: Unknown contract: Option(symbol='NVDA', lastTradeDateOrContractMonth='20260909', strike=194.0, right='P', exchange='SMART')
2026-08-25 21:55:50,031 [WARNING] ib_insync.ib: Unknown contract: Option(symbol='NVDA', lastTradeDateOrContractMonth='20260909', strike=197.5, right='P', exchange='SMART')
2026-08-25 21:55:50,031 [WARNING] ib_insync.ib: Unknown contract: Option(symbol='NVDA', lastTradeDateOrContractMonth='20260909', strike=202.5, right='P', exchange='SMART')
2026-08-25 21:55:50,031 [WARNING] ib_insync.ib: Unknown contract: Option(symbol='NVDA', lastTradeDateOrContractMonth='20260909', strike=207.5, right='P', exchange='SMART')
2026-08-25 21:55:50,031 [WARNING] ib_insync.ib: Unknown contract: Option(symbol='NVDA', lastTradeDateOrContractMonth='20260909', strike=212.0, right='P', exchange='SMART')
2026-08-25 21:55:50,031 [WARNING] ib_insync.ib: Unknown contract: Option(symbol='NVDA', lastTradeDateOrContractMonth='20260909', strike=212.5, right='P', exchange='SMART')
2026-08-25 21:55:50,380 [ERROR] ib_insync.wrapper: Error 200, reqId 120: No se encuentra definici\u00f3n del activo solicitado, contract: Option(symbol='NVDA', lastTradeDateOrContractMonth='20260911', strike=213.0, right='C', exchange='SMART')
2026-08-25 21:55:50,636 [ERROR] ib_insync.wrapper: Error 200, reqId 121: No se encuentra definici\u00f3n del activo solicitado, contract: Option(symbol='NVDA', lastTradeDateOrContractMonth='20260911', strike=214.0, right='C', exchange='SMART')
2026-08-25 21:55:50,863 [ERROR] ib_insync.wrapper: Error 200, reqId 123: No se encuentra definici\u00f3n del activo solicitado, contract: Option(symbol='NVDA', lastTradeDateOrContractMonth='20260911', strike=216.0, right='C', exchange='SMART')
2026-08-25 21:55:51,012 [ERROR] ib_insync.wrapper: Error 200, reqId 124: No se encuentra definici\u00f3n del activo solicitado, contract: Option(symbol='NVDA', lastTradeDateOrContractMonth='20260911', strike=217.0, right='C', exchange='SMART')
2026-08-25 21:55:51,129 [ERROR] ib_insync.wrapper: Error 200, reqId 126: No se encuentra definici\u00f3n del activo solicitado, contract: Option(symbol='NVDA', lastTradeDateOrContractMonth='20260911', strike=218.0, right='C', exchange='SMART')
2026-08-25 21:55:51,235 [ERROR] ib_insync.wrapper: Error 200, reqId 127: No se encuentra definici\u00f3n del activo solicitado, contract: Option(symbol='NVDA', lastTradeDateOrContractMonth='20260911', strike=219.0, right='C', exchange='SMART')
2026-08-25 21:55:51,247 [ERROR] ib_insync.wrapper: Error 200, reqId 129: No se encuentra definici\u00f3n del activo solicitado, contract: Option(symbol='NVDA', lastTradeDateOrContractMonth='20260911', strike=221.0, right='C', exchange='SMART')
2026-08-25 21:55:51,263 [ERROR] ib_insync.wrapper: Error 200, reqId 130: No se encuentra definici\u00f3n del activo solicitado, contract: Option(symbol='NVDA', lastTradeDateOrContractMonth='20260911', strike=222.0, right='C', exchange='SMART')
2026-08-25 21:55:51,263 [ERROR] ib_insync.wrapper: Error 200, reqId 132: No se encuentra definici\u00f3n del activo solicitado, contract: Option(symbol='NVDA', lastTradeDateOrContractMonth='20260911', strike=223.0, right='C', exchange='SMART')
2026-08-25 21:55:51,263 [ERROR] ib_insync.wrapper: Error 200, reqId 133: No se encuentra definici\u00f3n del activo solicitado, contract: Option(symbol='NVDA', lastTradeDateOrContractMonth='20260911', strike=224.0, right='C', exchange='SMART')
2026-08-25 21:55:51,263 [ERROR] ib_insync.wrapper: Error 200, reqId 135: No se encuentra definici\u00f3n del activo solicitado, contract: Option(symbol='NVDA', lastTradeDateOrContractMonth='20260911', strike=226.0, right='C', exchange='SMART')
2026-08-25 21:55:51,313 [ERROR] ib_insync.wrapper: Error 200, reqId 136: No se encuentra definici\u00f3n del activo solicitado, contract: Option(symbol='NVDA', lastTradeDateOrContractMonth='20260911', strike=227.0, right='C', exchange='SMART')
2026-08-25 21:55:51,313 [ERROR] ib_insync.wrapper: Error 200, reqId 138: No se encuentra definici\u00f3n del activo solicitado, contract: Option(symbol='NVDA', lastTradeDateOrContractMonth='20260911', strike=228.0, right='C', exchange='SMART')
2026-08-25 21:55:51,313 [ERROR] ib_insync.wrapper: Error 200, reqId 140: No se encuentra definici\u00f3n del activo solicitado, contract: Option(symbol='NVDA', lastTradeDateOrContractMonth='20260911', strike=186.0, right='P', exchange='SMART')
2026-08-25 21:55:51,313 [ERROR] ib_insync.wrapper: Error 200, reqId 141: No se encuentra definici\u00f3n del activo solicitado, contract: Option(symbol='NVDA', lastTradeDateOrContractMonth='20260911', strike=187.0, right='P', exchange='SMART')
2026-08-25 21:55:51,413 [ERROR] ib_insync.wrapper: Error 200, reqId 142: No se encuentra definici\u00f3n del activo solicitado, contract: Option(symbol='NVDA', lastTradeDateOrContractMonth='20260911', strike=187.5, right='P', exchange='SMART')
2026-08-25 21:55:51,413 [ERROR] ib_insync.wrapper: Error 200, reqId 143: No se encuentra definici\u00f3n del activo solicitado, contract: Option(symbol='NVDA', lastTradeDateOrContractMonth='20260911', strike=188.0, right='P', exchange='SMART')
2026-08-25 21:55:51,413 [ERROR] ib_insync.wrapper: Error 200, reqId 144: No se encuentra definici\u00f3n del activo solicitado, contract: Option(symbol='NVDA', lastTradeDateOrContractMonth='20260911', strike=189.0, right='P', exchange='SMART')
2026-08-25 21:55:51,413 [ERROR] ib_insync.wrapper: Error 200, reqId 146: No se encuentra definici\u00f3n del activo solicitado, contract: Option(symbol='NVDA', lastTradeDateOrContractMonth='20260911', strike=191.0, right='P', exchange='SMART')
2026-08-25 21:55:51,413 [ERROR] ib_insync.wrapper: Error 200, reqId 147: No se encuentra definici\u00f3n del activo solicitado, contract: Option(symbol='NVDA', lastTradeDateOrContractMonth='20260911', strike=192.0, right='P', exchange='SMART')
2026-08-25 21:55:51,413 [ERROR] ib_insync.wrapper: Error 200, reqId 149: No se encuentra definici\u00f3n del activo solicitado, contract: Option(symbol='NVDA', lastTradeDateOrContractMonth='20260911', strike=193.0, right='P', exchange='SMART')
2026-08-25 21:55:51,413 [ERROR] ib_insync.wrapper: Error 200, reqId 150: No se encuentra definici\u00f3n del activo solicitado, contract: Option(symbol='NVDA', lastTradeDateOrContractMonth='20260911', strike=194.0, right='P', exchange='SMART')
2026-08-25 21:55:52,130 [ERROR] ib_insync.wrapper: Error 200, reqId 158: No se encuentra definici\u00f3n del activo solicitado, contract: Option(symbol='NVDA', lastTradeDateOrContractMonth='20260911', strike=212.0, right='P', exchange='SMART')
2026-08-25 21:55:52,131 [WARNING] ib_insync.ib: Unknown contract: Option(symbol='NVDA', lastTradeDateOrContractMonth='20260911', strike=213.0, right='C', exchange='SMART')
2026-08-25 21:55:52,131 [WARNING] ib_insync.ib: Unknown contract: Option(symbol='NVDA', lastTradeDateOrContractMonth='20260911', strike=214.0, right='C', exchange='SMART')
2026-08-25 21:55:52,132 [WARNING] ib_insync.ib: Unknown contract: Option(symbol='NVDA', lastTradeDateOrContractMonth='20260911', strike=216.0, right='C', exchange='SMART')
2026-08-25 21:55:52,132 [WARNING] ib_insync.ib: Unknown contract: Option(symbol='NVDA', lastTradeDateOrContractMonth='20260911', strike=217.0, right='C', exchange='SMART')
2026-08-25 21:55:52,132 [WARNING] ib_insync.ib: Unknown contract: Option(symbol='NVDA', lastTradeDateOrContractMonth='20260911', strike=218.0, right='C', exchange='SMART')
2026-08-25 21:55:52,132 [WARNING] ib_insync.ib: Unknown contract: Option(symbol='NVDA', lastTradeDateOrContractMonth='20260911', strike=219.0, right='C', exchange='SMART')
2026-08-25 21:55:52,133 [WARNING] ib_insync.ib: Unknown contract: Option(symbol='NVDA', lastTradeDateOrContractMonth='20260911', strike=221.0, right='C', exchange='SMART')
2026-08-25 21:55:52,133 [WARNING] ib_insync.ib: Unknown contract: Option(symbol='NVDA', lastTradeDateOrContractMonth='20260911', strike=222.0, right='C', exchange='SMART')
2026-08-25 21:55:52,133 [WARNING] ib_insync.ib: Unknown contract: Option(symbol='NVDA', lastTradeDateOrContractMonth='20260911', strike=223.0, right='C', exchange='SMART')
2026-08-25 21:55:52,133 [WARNING] ib_insync.ib: Unknown contract: Option(symbol='NVDA', lastTradeDateOrContractMonth='20260911', strike=224.0, right='C', exchange='SMART')
2026-08-25 21:55:52,134 [WARNING] ib_insync.ib: Unknown contract: Option(symbol='NVDA', lastTradeDateOrContractMonth='20260911', strike=226.0, right='C', exchange='SMART')
2026-08-25 21:55:52,134 [WARNING] ib_insync.ib: Unknown contract: Option(symbol='NVDA', lastTradeDateOrContractMonth='20260911', strike=227.0, right='C', exchange='SMART')
2026-08-25 21:55:52,134 [WARNING] ib_insync.ib: Unknown contract: Option(symbol='NVDA', lastTradeDateOrContractMonth='20260911', strike=228.0, right='C', exchange='SMART')
2026-08-25 21:55:52,134 [WARNING] ib_insync.ib: Unknown contract: Option(symbol='NVDA', lastTradeDateOrContractMonth='20260911', strike=186.0, right='P', exchange='SMART')
2026-08-25 21:55:52,134 [WARNING] ib_insync.ib: Unknown contract: Option(symbol='NVDA', lastTradeDateOrContractMonth='20260911', strike=187.0, right='P', exchange='SMART')
2026-08-25 21:55:52,135 [WARNING] ib_insync.ib: Unknown contract: Option(symbol='NVDA', lastTradeDateOrContractMonth='20260911', strike=187.5, right='P', exchange='SMART')
2026-08-25 21:55:52,135 [WARNING] ib_insync.ib: Unknown contract: Option(symbol='NVDA', lastTradeDateOrContractMonth='20260911', strike=188.0, right='P', exchange='SMART')
2026-08-25 21:55:52,136 [WARNING] ib_insync.ib: Unknown contract: Option(symbol='NVDA', lastTradeDateOrContractMonth='20260911', strike=189.0, right='P', exchange='SMART')
2026-08-25 21:55:52,136 [WARNING] ib_insync.ib: Unknown contract: Option(symbol='NVDA', lastTradeDateOrContractMonth='20260911', strike=191.0, right='P', exchange='SMART')
2026-08-25 21:55:52,136 [WARNING] ib_insync.ib: Unknown contract: Option(symbol='NVDA', lastTradeDateOrContractMonth='20260911', strike=192.0, right='P', exchange='SMART')
2026-08-25 21:55:52,136 [WARNING] ib_insync.ib: Unknown contract: Option(symbol='NVDA', lastTradeDateOrContractMonth='20260911', strike=193.0, right='P', exchange='SMART')
2026-08-25 21:55:52,136 [WARNING] ib_insync.ib: Unknown contract: Option(symbol='NVDA', lastTradeDateOrContractMonth='20260911', strike=194.0, right='P', exchange='SMART')
2026-08-25 21:55:52,136 [WARNING] ib_insync.ib: Unknown contract: Option(symbol='NVDA', lastTradeDateOrContractMonth='20260911', strike=212.0, right='P', exchange='SMART')
2026-08-25 21:55:52,796 [ERROR] ib_insync.wrapper: Error 200, reqId 177: No se encuentra definici\u00f3n del activo solicitado, contract: Option(symbol='NVDA', lastTradeDateOrContractMonth='20260918', strike=213.0, right='C', exchange='SMART')
2026-08-25 21:55:53,087 [ERROR] ib_insync.wrapper: Error 200, reqId 178: No se encuentra definici\u00f3n del activo solicitado, contract: Option(symbol='NVDA', lastTradeDateOrContractMonth='20260918', strike=214.0, right='C', exchange='SMART')
2026-08-25 21:55:53,224 [ERROR] ib_insync.wrapper: Error 200, reqId 180: No se encuentra definici\u00f3n del activo solicitado, contract: Option(symbol='NVDA', lastTradeDateOrContractMonth='20260918', strike=216.0, right='C', exchange='SMART')
2026-08-25 21:55:53,329 [ERROR] ib_insync.wrapper: Error 200, reqId 181: No se encuentra definici\u00f3n del activo solicitado, contract: Option(symbol='NVDA', lastTradeDateOrContractMonth='20260918', strike=217.0, right='C', exchange='SMART')
2026-08-25 21:55:53,329 [ERROR] ib_insync.wrapper: Error 200, reqId 183: No se encuentra definici\u00f3n del activo solicitado, contract: Option(symbol='NVDA', lastTradeDateOrContractMonth='20260918', strike=218.0, right='C', exchange='SMART')
2026-08-25 21:55:53,329 [ERROR] ib_insync.wrapper: Error 200, reqId 184: No se encuentra definici\u00f3n del activo solicitado, contract: Option(symbol='NVDA', lastTradeDateOrContractMonth='20260918', strike=219.0, right='C', exchange='SMART')
2026-08-25 21:55:53,397 [ERROR] ib_insync.wrapper: Error 200, reqId 186: No se encuentra definici\u00f3n del activo solicitado, contract: Option(symbol='NVDA', lastTradeDateOrContractMonth='20260918', strike=221.0, right='C', exchange='SMART')
2026-08-25 21:55:53,397 [ERROR] ib_insync.wrapper: Error 200, reqId 187: No se encuentra definici\u00f3n del activo solicitado, contract: Option(symbol='NVDA', lastTradeDateOrContractMonth='20260918', strike=222.0, right='C', exchange='SMART')
2026-08-25 21:55:53,398 [ERROR] ib_insync.wrapper: Error 200, reqId 189: No se encuentra definici\u00f3n del activo solicitado, contract: Option(symbol='NVDA', lastTradeDateOrContractMonth='20260918', strike=223.0, right='C', exchange='SMART')
2026-08-25 21:55:53,448 [ERROR] ib_insync.wrapper: Error 200, reqId 190: No se encuentra definici\u00f3n del activo solicitado, contract: Option(symbol='NVDA', lastTradeDateOrContractMonth='20260918', strike=224.0, right='C', exchange='SMART')
2026-08-25 21:55:53,448 [ERROR] ib_insync.wrapper: Error 200, reqId 192: No se encuentra definici\u00f3n del activo solicitado, contract: Option(symbol='NVDA', lastTradeDateOrContractMonth='20260918', strike=226.0, right='C', exchange='SMART')
2026-08-25 21:55:53,448 [ERROR] ib_insync.wrapper: Error 200, reqId 193: No se encuentra definici\u00f3n del activo solicitado, contract: Option(symbol='NVDA', lastTradeDateOrContractMonth='20260918', strike=227.0, right='C', exchange='SMART')
2026-08-25 21:55:53,477 [ERROR] ib_insync.wrapper: Error 200, reqId 195: No se encuentra definici\u00f3n del activo solicitado, contract: Option(symbol='NVDA', lastTradeDateOrContractMonth='20260918', strike=228.0, right='C', exchange='SMART')
2026-08-25 21:55:53,514 [ERROR] ib_insync.wrapper: Error 200, reqId 197: No se encuentra definici\u00f3n del activo solicitado, contract: Option(symbol='NVDA', lastTradeDateOrContractMonth='20260918', strike=186.0, right='P', exchange='SMART')
2026-08-25 21:55:53,514 [ERROR] ib_insync.wrapper: Error 200, reqId 198: No se encuentra definici\u00f3n del activo solicitado, contract: Option(symbol='NVDA', lastTradeDateOrContractMonth='20260918', strike=187.0, right='P', exchange='SMART')
2026-08-25 21:55:53,514 [ERROR] ib_insync.wrapper: Error 200, reqId 199: No se encuentra definici\u00f3n del activo solicitado, contract: Option(symbol='NVDA', lastTradeDateOrContractMonth='20260918', strike=187.5, right='P', exchange='SMART')
2026-08-25 21:55:53,596 [ERROR] ib_insync.wrapper: Error 200, reqId 200: No se encuentra definici\u00f3n del activo solicitado, contract: Option(symbol='NVDA', lastTradeDateOrContractMonth='20260918', strike=188.0, right='P', exchange='SMART')
2026-08-25 21:55:53,666 [ERROR] ib_insync.wrapper: Error 200, reqId 201: No se encuentra definici\u00f3n del activo solicitado, contract: Option(symbol='NVDA', lastTradeDateOrContractMonth='20260918', strike=189.0, right='P', exchange='SMART')
2026-08-25 21:55:53,746 [ERROR] ib_insync.wrapper: Error 200, reqId 203: No se encuentra definici\u00f3n del activo solicitado, contract: Option(symbol='NVDA', lastTradeDateOrContractMonth='20260918', strike=191.0, right='P', exchange='SMART')
2026-08-25 21:55:53,747 [ERROR] ib_insync.wrapper: Error 200, reqId 204: No se encuentra definici\u00f3n del activo solicitado, contract: Option(symbol='NVDA', lastTradeDateOrContractMonth='20260918', strike=192.0, right='P', exchange='SMART')
2026-08-25 21:55:53,914 [ERROR] ib_insync.wrapper: Error 200, reqId 206: No se encuentra definici\u00f3n del activo solicitado, contract: Option(symbol='NVDA', lastTradeDateOrContractMonth='20260918', strike=193.0, right='P', exchange='SMART')
2026-08-25 21:55:54,047 [ERROR] ib_insync.wrapper: Error 200, reqId 207: No se encuentra definici\u00f3n del activo solicitado, contract: Option(symbol='NVDA', lastTradeDateOrContractMonth='20260918', strike=194.0, right='P', exchange='SMART')
2026-08-25 21:55:54,613 [ERROR] ib_insync.wrapper: Error 200, reqId 215: No se encuentra definici\u00f3n del activo solicitado, contract: Option(symbol='NVDA', lastTradeDateOrContractMonth='20260918', strike=212.0, right='P', exchange='SMART')
2026-08-25 21:55:54,613 [WARNING] ib_insync.ib: Unknown contract: Option(symbol='NVDA', lastTradeDateOrContractMonth='20260918', strike=213.0, right='C', exchange='SMART')
2026-08-25 21:55:54,613 [WARNING] ib_insync.ib: Unknown contract: Option(symbol='NVDA', lastTradeDateOrContractMonth='20260918', strike=214.0, right='C', exchange='SMART')
2026-08-25 21:55:54,613 [WARNING] ib_insync.ib: Unknown contract: Option(symbol='NVDA', lastTradeDateOrContractMonth='20260918', strike=216.0, right='C', exchange='SMART')
2026-08-25 21:55:54,613 [WARNING] ib_insync.ib: Unknown contract: Option(symbol='NVDA', lastTradeDateOrContractMonth='20260918', strike=217.0, right='C', exchange='SMART')
2026-08-25 21:55:54,613 [WARNING] ib_insync.ib: Unknown contract: Option(symbol='NVDA', lastTradeDateOrContractMonth='20260918', strike=218.0, right='C', exchange='SMART')
2026-08-25 21:55:54,613 [WARNING] ib_insync.ib: Unknown contract: Option(symbol='NVDA', lastTradeDateOrContractMonth='20260918', strike=219.0, right='C', exchange='SMART')
2026-08-25 21:55:54,613 [WARNING] ib_insync.ib: Unknown contract: Option(symbol='NVDA', lastTradeDateOrContractMonth='20260918', strike=221.0, right='C', exchange='SMART')
2026-08-25 21:55:54,613 [WARNING] ib_insync.ib: Unknown contract: Option(symbol='NVDA', lastTradeDateOrContractMonth='20260918', strike=222.0, right='C', exchange='SMART')
2026-08-25 21:55:54,613 [WARNING] ib_insync.ib: Unknown contract: Option(symbol='NVDA', lastTradeDateOrContractMonth='20260918', strike=223.0, right='C', exchange='SMART')
2026-08-25 21:55:54,628 [WARNING] ib_insync.ib: Unknown contract: Option(symbol='NVDA', lastTradeDateOrContractMonth='20260918', strike=224.0, right='C', exchange='SMART')
2026-08-25 21:55:54,628 [WARNING] ib_insync.ib: Unknown contract: Option(symbol='NVDA', lastTradeDateOrContractMonth='20260918', strike=226.0, right='C', exchange='SMART')
2026-08-25 21:55:54,628 [WARNING] ib_insync.ib: Unknown contract: Option(symbol='NVDA', lastTradeDateOrContractMonth='20260918', strike=227.0, right='C', exchange='SMART')
2026-08-25 21:55:54,628 [WARNING] ib_insync.ib: Unknown contract: Option(symbol='NVDA', lastTradeDateOrContractMonth='20260918', strike=228.0, right='C', exchange='SMART')
2026-08-25 21:55:54,628 [WARNING] ib_insync.ib: Unknown contract: Option(symbol='NVDA', lastTradeDateOrContractMonth='20260918', strike=186.0, right='P', exchange='SMART')
2026-08-25 21:55:54,628 [WARNING] ib_insync.ib: Unknown contract: Option(symbol='NVDA', lastTradeDateOrContractMonth='20260918', strike=187.0, right='P', exchange='SMART')
2026-08-25 21:55:54,628 [WARNING] ib_insync.ib: Unknown contract: Option(symbol='NVDA', lastTradeDateOrContractMonth='20260918', strike=187.5, right='P', exchange='SMART')
2026-08-25 21:55:54,628 [WARNING] ib_insync.ib: Unknown contract: Option(symbol='NVDA', lastTradeDateOrContractMonth='20260918', strike=188.0, right='P', exchange='SMART')
2026-08-25 21:55:54,628 [WARNING] ib_insync.ib: Unknown contract: Option(symbol='NVDA', lastTradeDateOrContractMonth='20260918', strike=189.0, right='P', exchange='SMART')
2026-08-25 21:55:54,629 [WARNING] ib_insync.ib: Unknown contract: Option(symbol='NVDA', lastTradeDateOrContractMonth='20260918', strike=191.0, right='P', exchange='SMART')
2026-08-25 21:55:54,629 [WARNING] ib_insync.ib: Unknown contract: Option(symbol='NVDA', lastTradeDateOrContractMonth='20260918', strike=192.0, right='P', exchange='SMART')
2026-08-25 21:55:54,629 [WARNING] ib_insync.ib: Unknown contract: Option(symbol='NVDA', lastTradeDateOrContractMonth='20260918', strike=193.0, right='P', exchange='SMART')
2026-08-25 21:55:54,629 [WARNING] ib_insync.ib: Unknown contract: Option(symbol='NVDA', lastTradeDateOrContractMonth='20260918', strike=194.0, right='P', exchange='SMART')
2026-08-25 21:55:54,629 [WARNING] ib_insync.ib: Unknown contract: Option(symbol='NVDA', lastTradeDateOrContractMonth='20260918', strike=212.0, right='P', exchange='SMART')
2026-08-25 21:55:55,829 [ERROR] ib_insync.wrapper: Error 200, reqId 234: No se encuentra definici\u00f3n del activo solicitado, contract: Option(symbol='NVDA', lastTradeDateOrContractMonth='20260925', strike=213.0, right='C', exchange='SMART')
2026-08-25 21:55:55,829 [ERROR] ib_insync.wrapper: Error 200, reqId 235: No se encuentra definici\u00f3n del activo solicitado, contract: Option(symbol='NVDA', lastTradeDateOrContractMonth='20260925', strike=214.0, right='C', exchange='SMART')
2026-08-25 21:55:55,829 [ERROR] ib_insync.wrapper: Error 200, reqId 237: No se encuentra definici\u00f3n del activo solicitado, contract: Option(symbol='NVDA', lastTradeDateOrContractMonth='20260925', strike=216.0, right='C', exchange='SMART')
2026-08-25 21:55:55,913 [ERROR] ib_insync.wrapper: Error 200, reqId 238: No se encuentra definici\u00f3n del activo solicitado, contract: Option(symbol='NVDA', lastTradeDateOrContractMonth='20260925', strike=217.0, right='C', exchange='SMART')
2026-08-25 21:55:55,913 [ERROR] ib_insync.wrapper: Error 200, reqId 239: No se encuentra definici\u00f3n del activo solicitado, contract: Option(symbol='NVDA', lastTradeDateOrContractMonth='20260925', strike=217.5, right='C', exchange='SMART')
2026-08-25 21:55:55,913 [ERROR] ib_insync.wrapper: Error 200, reqId 240: No se encuentra definici\u00f3n del activo solicitado, contract: Option(symbol='NVDA', lastTradeDateOrContractMonth='20260925', strike=218.0, right='C', exchange='SMART')
2026-08-25 21:55:55,913 [ERROR] ib_insync.wrapper: Error 200, reqId 241: No se encuentra definici\u00f3n del activo solicitado, contract: Option(symbol='NVDA', lastTradeDateOrContractMonth='20260925', strike=219.0, right='C', exchange='SMART')
2026-08-25 21:55:55,935 [ERROR] ib_insync.wrapper: Error 200, reqId 243: No se encuentra definici\u00f3n del activo solicitado, contract: Option(symbol='NVDA', lastTradeDateOrContractMonth='20260925', strike=221.0, right='C', exchange='SMART')
2026-08-25 21:55:55,935 [ERROR] ib_insync.wrapper: Error 200, reqId 244: No se encuentra definici\u00f3n del activo solicitado, contract: Option(symbol='NVDA', lastTradeDateOrContractMonth='20260925', strike=222.0, right='C', exchange='SMART')
2026-08-25 21:55:55,935 [ERROR] ib_insync.wrapper: Error 200, reqId 245: No se encuentra definici\u00f3n del activo solicitado, contract: Option(symbol='NVDA', lastTradeDateOrContractMonth='20260925', strike=222.5, right='C', exchange='SMART')
2026-08-25 21:55:55,980 [ERROR] ib_insync.wrapper: Error 200, reqId 246: No se encuentra definici\u00f3n del activo solicitado, contract: Option(symbol='NVDA', lastTradeDateOrContractMonth='20260925', strike=223.0, right='C', exchange='SMART')
2026-08-25 21:55:55,981 [ERROR] ib_insync.wrapper: Error 200, reqId 247: No se encuentra definici\u00f3n del activo solicitado, contract: Option(symbol='NVDA', lastTradeDateOrContractMonth='20260925', strike=224.0, right='C', exchange='SMART')
2026-08-25 21:55:55,981 [ERROR] ib_insync.wrapper: Error 200, reqId 249: No se encuentra definici\u00f3n del activo solicitado, contract: Option(symbol='NVDA', lastTradeDateOrContractMonth='20260925', strike=226.0, right='C', exchange='SMART')
2026-08-25 21:55:55,982 [ERROR] ib_insync.wrapper: Error 200, reqId 250: No se encuentra definici\u00f3n del activo solicitado, contract: Option(symbol='NVDA', lastTradeDateOrContractMonth='20260925', strike=227.0, right='C', exchange='SMART')
2026-08-25 21:55:55,998 [ERROR] ib_insync.wrapper: Error 200, reqId 251: No se encuentra definici\u00f3n del activo solicitado, contract: Option(symbol='NVDA', lastTradeDateOrContractMonth='20260925', strike=227.5, right='C', exchange='SMART')
2026-08-25 21:55:56,054 [ERROR] ib_insync.wrapper: Error 200, reqId 252: No se encuentra definici\u00f3n del activo solicitado, contract: Option(symbol='NVDA', lastTradeDateOrContractMonth='20260925', strike=228.0, right='C', exchange='SMART')
2026-08-25 21:55:56,126 [ERROR] ib_insync.wrapper: Error 200, reqId 254: No se encuentra definici\u00f3n del activo solicitado, contract: Option(symbol='NVDA', lastTradeDateOrContractMonth='20260925', strike=186.0, right='P', exchange='SMART')
2026-08-25 21:55:56,126 [ERROR] ib_insync.wrapper: Error 200, reqId 255: No se encuentra definici\u00f3n del activo solicitado, contract: Option(symbol='NVDA', lastTradeDateOrContractMonth='20260925', strike=187.0, right='P', exchange='SMART')
2026-08-25 21:55:56,126 [ERROR] ib_insync.wrapper: Error 200, reqId 256: No se encuentra definici\u00f3n del activo solicitado, contract: Option(symbol='NVDA', lastTradeDateOrContractMonth='20260925', strike=187.5, right='P', exchange='SMART')
2026-08-25 21:55:56,126 [ERROR] ib_insync.wrapper: Error 200, reqId 257: No se encuentra definici\u00f3n del activo solicitado, contract: Option(symbol='NVDA', lastTradeDateOrContractMonth='20260925', strike=188.0, right='P', exchange='SMART')
2026-08-25 21:55:56,126 [ERROR] ib_insync.wrapper: Error 200, reqId 258: No se encuentra definici\u00f3n del activo solicitado, contract: Option(symbol='NVDA', lastTradeDateOrContractMonth='20260925', strike=189.0, right='P', exchange='SMART')
2026-08-25 21:55:56,261 [ERROR] ib_insync.wrapper: Error 200, reqId 260: No se encuentra definici\u00f3n del activo solicitado, contract: Option(symbol='NVDA', lastTradeDateOrContractMonth='20260925', strike=191.0, right='P', exchange='SMART')
2026-08-25 21:55:56,261 [ERROR] ib_insync.wrapper: Error 200, reqId 261: No se encuentra definici\u00f3n del activo solicitado, contract: Option(symbol='NVDA', lastTradeDateOrContractMonth='20260925', strike=192.0, right='P', exchange='SMART')
2026-08-25 21:55:56,408 [ERROR] ib_insync.wrapper: Error 200, reqId 262: No se encuentra definici\u00f3n del activo solicitado, contract: Option(symbol='NVDA', lastTradeDateOrContractMonth='20260925', strike=192.5, right='P', exchange='SMART')
2026-08-25 21:55:56,408 [ERROR] ib_insync.wrapper: Error 200, reqId 263: No se encuentra definici\u00f3n del activo solicitado, contract: Option(symbol='NVDA', lastTradeDateOrContractMonth='20260925', strike=193.0, right='P', exchange='SMART')
2026-08-25 21:55:56,484 [ERROR] ib_insync.wrapper: Error 200, reqId 264: No se encuentra definici\u00f3n del activo solicitado, contract: Option(symbol='NVDA', lastTradeDateOrContractMonth='20260925', strike=194.0, right='P', exchange='SMART')
2026-08-25 21:55:56,739 [ERROR] ib_insync.wrapper: Error 200, reqId 266: No se encuentra definici\u00f3n del activo solicitado, contract: Option(symbol='NVDA', lastTradeDateOrContractMonth='20260925', strike=197.5, right='P', exchange='SMART')
2026-08-25 21:55:56,830 [ERROR] ib_insync.wrapper: Error 200, reqId 268: No se encuentra definici\u00f3n del activo solicitado, contract: Option(symbol='NVDA', lastTradeDateOrContractMonth='20260925', strike=202.5, right='P', exchange='SMART')
2026-08-25 21:55:56,960 [ERROR] ib_insync.wrapper: Error 200, reqId 270: No se encuentra definici\u00f3n del activo solicitado, contract: Option(symbol='NVDA', lastTradeDateOrContractMonth='20260925', strike=207.5, right='P', exchange='SMART')
2026-08-25 21:55:57,035 [ERROR] ib_insync.wrapper: Error 200, reqId 272: No se encuentra definici\u00f3n del activo solicitado, contract: Option(symbol='NVDA', lastTradeDateOrContractMonth='20260925', strike=212.0, right='P', exchange='SMART')
2026-08-25 21:55:57,146 [ERROR] ib_insync.wrapper: Error 200, reqId 273: No se encuentra definici\u00f3n del activo solicitado, contract: Option(symbol='NVDA', lastTradeDateOrContractMonth='20260925', strike=212.5, right='P', exchange='SMART')
2026-08-25 21:55:57,147 [WARNING] ib_insync.ib: Unknown contract: Option(symbol='NVDA', lastTradeDateOrContractMonth='20260925', strike=213.0, right='C', exchange='SMART')
2026-08-25 21:55:57,147 [WARNING] ib_insync.ib: Unknown contract: Option(symbol='NVDA', lastTradeDateOrContractMonth='20260925', strike=214.0, right='C', exchange='SMART')
2026-08-25 21:55:57,147 [WARNING] ib_insync.ib: Unknown contract: Option(symbol='NVDA', lastTradeDateOrContractMonth='20260925', strike=216.0, right='C', exchange='SMART')
2026-08-25 21:55:57,147 [WARNING] ib_insync.ib: Unknown contract: Option(symbol='NVDA', lastTradeDateOrContractMonth='20260925', strike=217.0, right='C', exchange='SMART')
2026-08-25 21:55:57,147 [WARNING] ib_insync.ib: Unknown contract: Option(symbol='NVDA', lastTradeDateOrContractMonth='20260925', strike=217.5, right='C', exchange='SMART')
2026-08-25 21:55:57,147 [WARNING] ib_insync.ib: Unknown contract: Option(symbol='NVDA', lastTradeDateOrContractMonth='20260925', strike=218.0, right='C', exchange='SMART')
2026-08-25 21:55:57,148 [WARNING] ib_insync.ib: Unknown contract: Option(symbol='NVDA', lastTradeDateOrContractMonth='20260925', strike=219.0, right='C', exchange='SMART')
2026-08-25 21:55:57,148 [WARNING] ib_insync.ib: Unknown contract: Option(symbol='NVDA', lastTradeDateOrContractMonth='20260925', strike=221.0, right='C', exchange='SMART')
2026-08-25 21:55:57,148 [WARNING] ib_insync.ib: Unknown contract: Option(symbol='NVDA', lastTradeDateOrContractMonth='20260925', strike=222.0, right='C', exchange='SMART')
2026-08-25 21:55:57,148 [WARNING] ib_insync.ib: Unknown contract: Option(symbol='NVDA', lastTradeDateOrContractMonth='20260925', strike=222.5, right='C', exchange='SMART')
2026-08-25 21:55:57,148 [WARNING] ib_insync.ib: Unknown contract: Option(symbol='NVDA', lastTradeDateOrContractMonth='20260925', strike=223.0, right='C', exchange='SMART')
2026-08-25 21:55:57,148 [WARNING] ib_insync.ib: Unknown contract: Option(symbol='NVDA', lastTradeDateOrContractMonth='20260925', strike=224.0, right='C', exchange='SMART')
2026-08-25 21:55:57,148 [WARNING] ib_insync.ib: Unknown contract: Option(symbol='NVDA', lastTradeDateOrContractMonth='20260925', strike=226.0, right='C', exchange='SMART')
2026-08-25 21:55:57,148 [WARNING] ib_insync.ib: Unknown contract: Option(symbol='NVDA', lastTradeDateOrContractMonth='20260925', strike=227.0, right='C', exchange='SMART')
2026-08-25 21:55:57,148 [WARNING] ib_insync.ib: Unknown contract: Option(symbol='NVDA', lastTradeDateOrContractMonth='20260925', strike=227.5, right='C', exchange='SMART')
2026-08-25 21:55:57,148 [WARNING] ib_insync.ib: Unknown contract: Option(symbol='NVDA', lastTradeDateOrContractMonth='20260925', strike=228.0, right='C', exchange='SMART')
2026-08-25 21:55:57,148 [WARNING] ib_insync.ib: Unknown contract: Option(symbol='NVDA', lastTradeDateOrContractMonth='20260925', strike=186.0, right='P', exchange='SMART')
2026-08-25 21:55:57,148 [WARNING] ib_insync.ib: Unknown contract: Option(symbol='NVDA', lastTradeDateOrContractMonth='20260925', strike=187.0, right='P', exchange='SMART')
2026-08-25 21:55:57,148 [WARNING] ib_insync.ib: Unknown contract: Option(symbol='NVDA', lastTradeDateOrContractMonth='20260925', strike=187.5, right='P', exchange='SMART')
2026-08-25 21:55:57,148 [WARNING] ib_insync.ib: Unknown contract: Option(symbol='NVDA', lastTradeDateOrContractMonth='20260925', strike=188.0, right='P', exchange='SMART')
2026-08-25 21:55:57,148 [WARNING] ib_insync.ib: Unknown contract: Option(symbol='NVDA', lastTradeDateOrContractMonth='20260925', strike=189.0, right='P', exchange='SMART')
2026-08-25 21:55:57,148 [WARNING] ib_insync.ib: Unknown contract: Option(symbol='NVDA', lastTradeDateOrContractMonth='20260925', strike=191.0, right='P', exchange='SMART')
2026-08-25 21:55:57,148 [WARNING] ib_insync.ib: Unknown contract: Option(symbol='NVDA', lastTradeDateOrContractMonth='20260925', strike=192.0, right='P', exchange='SMART')
2026-08-25 21:55:57,148 [WARNING] ib_insync.ib: Unknown contract: Option(symbol='NVDA', lastTradeDateOrContractMonth='20260925', strike=192.5, right='P', exchange='SMART')
2026-08-25 21:55:57,148 [WARNING] ib_insync.ib: Unknown contract: Option(symbol='NVDA', lastTradeDateOrContractMonth='20260925', strike=193.0, right='P', exchange='SMART')
2026-08-25 21:55:57,148 [WARNING] ib_insync.ib: Unknown contract: Option(symbol='NVDA', lastTradeDateOrContractMonth='20260925', strike=194.0, right='P', exchange='SMART')
2026-08-25 21:55:57,148 [WARNING] ib_insync.ib: Unknown contract: Option(symbol='NVDA', lastTradeDateOrContractMonth='20260925', strike=197.5, right='P', exchange='SMART')
2026-08-25 21:55:57,148 [WARNING] ib_insync.ib: Unknown contract: Option(symbol='NVDA', lastTradeDateOrContractMonth='20260925', strike=202.5, right='P', exchange='SMART')
2026-08-25 21:55:57,148 [WARNING] ib_insync.ib: Unknown contract: Option(symbol='NVDA', lastTradeDateOrContractMonth='20260925', strike=207.5, right='P', exchange='SMART')
2026-08-25 21:55:57,148 [WARNING] ib_insync.ib: Unknown contract: Option(symbol='NVDA', lastTradeDateOrContractMonth='20260925', strike=212.0, right='P', exchange='SMART')
2026-08-25 21:55:57,148 [WARNING] ib_insync.ib: Unknown contract: Option(symbol='NVDA', lastTradeDateOrContractMonth='20260925', strike=212.5, right='P', exchange='SMART')
2026-08-25 21:55:57,503 [ERROR] ib_insync.wrapper: Error 200, reqId 283: No se encuentra definici\u00f3n del activo solicitado, contract: Option(symbol='NVDA', lastTradeDateOrContractMonth='20261002', strike=213.0, right='C', exchange='SMART')
2026-08-25 21:55:57,739 [ERROR] ib_insync.wrapper: Error 200, reqId 284: No se encuentra definici\u00f3n del activo solicitado, contract: Option(symbol='NVDA', lastTradeDateOrContractMonth='20261002', strike=214.0, right='C', exchange='SMART')
2026-08-25 21:55:57,973 [ERROR] ib_insync.wrapper: Error 200, reqId 286: No se encuentra definici\u00f3n del activo solicitado, contract: Option(symbol='NVDA', lastTradeDateOrContractMonth='20261002', strike=216.0, right='C', exchange='SMART')
2026-08-25 21:55:58,126 [ERROR] ib_insync.wrapper: Error 200, reqId 287: No se encuentra definici\u00f3n del activo solicitado, contract: Option(symbol='NVDA', lastTradeDateOrContractMonth='20261002', strike=217.0, right='C', exchange='SMART')
2026-08-25 21:55:58,200 [ERROR] ib_insync.wrapper: Error 200, reqId 288: No se encuentra definici\u00f3n del activo solicitado, contract: Option(symbol='NVDA', lastTradeDateOrContractMonth='20261002', strike=217.5, right='C', exchange='SMART')
2026-08-25 21:55:58,230 [ERROR] ib_insync.wrapper: Error 200, reqId 289: No se encuentra definici\u00f3n del activo solicitado, contract: Option(symbol='NVDA', lastTradeDateOrContractMonth='20261002', strike=218.0, right='C', exchange='SMART')
2026-08-25 21:55:58,329 [ERROR] ib_insync.wrapper: Error 200, reqId 290: No se encuentra definici\u00f3n del activo solicitado, contract: Option(symbol='NVDA', lastTradeDateOrContractMonth='20261002', strike=219.0, right='C', exchange='SMART')
2026-08-25 21:55:58,329 [ERROR] ib_insync.wrapper: Error 200, reqId 292: No se encuentra definici\u00f3n del activo solicitado, contract: Option(symbol='NVDA', lastTradeDateOrContractMonth='20261002', strike=221.0, right='C', exchange='SMART')
2026-08-25 21:55:58,398 [ERROR] ib_insync.wrapper: Error 200, reqId 293: No se encuentra definici\u00f3n del activo solicitado, contract: Option(symbol='NVDA', lastTradeDateOrContractMonth='20261002', strike=222.0, right='C', exchange='SMART')
2026-08-25 21:55:58,431 [ERROR] ib_insync.wrapper: Error 200, reqId 294: No se encuentra definici\u00f3n del activo solicitado, contract: Option(symbol='NVDA', lastTradeDateOrContractMonth='20261002', strike=222.5, right='C', exchange='SMART')
2026-08-25 21:55:58,431 [ERROR] ib_insync.wrapper: Error 200, reqId 295: No se encuentra definici\u00f3n del activo solicitado, contract: Option(symbol='NVDA', lastTradeDateOrContractMonth='20261002', strike=223.0, right='C', exchange='SMART')
2026-08-25 21:55:58,431 [ERROR] ib_insync.wrapper: Error 200, reqId 296: No se encuentra definici\u00f3n del activo solicitado, contract: Option(symbol='NVDA', lastTradeDateOrContractMonth='20261002', strike=224.0, right='C', exchange='SMART')
2026-08-25 21:55:58,431 [ERROR] ib_insync.wrapper: Error 200, reqId 298: No se encuentra definici\u00f3n del activo solicitado, contract: Option(symbol='NVDA', lastTradeDateOrContractMonth='20261002', strike=226.0, right='C', exchange='SMART')
2026-08-25 21:55:58,431 [ERROR] ib_insync.wrapper: Error 200, reqId 299: No se encuentra definici\u00f3n del activo solicitado, contract: Option(symbol='NVDA', lastTradeDateOrContractMonth='20261002', strike=227.0, right='C', exchange='SMART')
2026-08-25 21:55:58,448 [ERROR] ib_insync.wrapper: Error 200, reqId 300: No se encuentra definici\u00f3n del activo solicitado, contract: Option(symbol='NVDA', lastTradeDateOrContractMonth='20261002', strike=227.5, right='C', exchange='SMART')
2026-08-25 21:55:58,448 [ERROR] ib_insync.wrapper: Error 200, reqId 301: No se encuentra definici\u00f3n del activo solicitado, contract: Option(symbol='NVDA', lastTradeDateOrContractMonth='20261002', strike=228.0, right='C', exchange='SMART')
2026-08-25 21:55:58,448 [ERROR] ib_insync.wrapper: Error 200, reqId 303: No se encuentra definici\u00f3n del activo solicitado, contract: Option(symbol='NVDA', lastTradeDateOrContractMonth='20261002', strike=186.0, right='P', exchange='SMART')
2026-08-25 21:55:58,448 [ERROR] ib_insync.wrapper: Error 200, reqId 304: No se encuentra definici\u00f3n del activo solicitado, contract: Option(symbol='NVDA', lastTradeDateOrContractMonth='20261002', strike=187.0, right='P', exchange='SMART')
2026-08-25 21:55:58,448 [ERROR] ib_insync.wrapper: Error 200, reqId 305: No se encuentra definici\u00f3n del activo solicitado, contract: Option(symbol='NVDA', lastTradeDateOrContractMonth='20261002', strike=187.5, right='P', exchange='SMART')
2026-08-25 21:55:58,448 [ERROR] ib_insync.wrapper: Error 200, reqId 306: No se encuentra definici\u00f3n del activo solicitado, contract: Option(symbol='NVDA', lastTradeDateOrContractMonth='20261002', strike=188.0, right='P', exchange='SMART')
2026-08-25 21:55:58,519 [ERROR] ib_insync.wrapper: Error 200, reqId 307: No se encuentra definici\u00f3n del activo solicitado, contract: Option(symbol='NVDA', lastTradeDateOrContractMonth='20261002', strike=189.0, right='P', exchange='SMART')
2026-08-25 21:55:58,520 [ERROR] ib_insync.wrapper: Error 200, reqId 309: No se encuentra definici\u00f3n del activo solicitado, contract: Option(symbol='NVDA', lastTradeDateOrContractMonth='20261002', strike=191.0, right='P', exchange='SMART')
2026-08-25 21:55:58,520 [ERROR] ib_insync.wrapper: Error 200, reqId 310: No se encuentra definici\u00f3n del activo solicitado, contract: Option(symbol='NVDA', lastTradeDateOrContractMonth='20261002', strike=192.0, right='P', exchange='SMART')
2026-08-25 21:55:58,520 [ERROR] ib_insync.wrapper: Error 200, reqId 311: No se encuentra definici\u00f3n del activo solicitado, contract: Option(symbol='NVDA', lastTradeDateOrContractMonth='20261002', strike=192.5, right='P', exchange='SMART')
2026-08-25 21:55:58,740 [ERROR] ib_insync.wrapper: Error 200, reqId 312: No se encuentra definici\u00f3n del activo solicitado, contract: Option(symbol='NVDA', lastTradeDateOrContractMonth='20261002', strike=193.0, right='P', exchange='SMART')
2026-08-25 21:55:58,740 [ERROR] ib_insync.wrapper: Error 200, reqId 313: No se encuentra definici\u00f3n del activo solicitado, contract: Option(symbol='NVDA', lastTradeDateOrContractMonth='20261002', strike=194.0, right='P', exchange='SMART')
2026-08-25 21:55:58,740 [ERROR] ib_insync.wrapper: Error 200, reqId 315: No se encuentra definici\u00f3n del activo solicitado, contract: Option(symbol='NVDA', lastTradeDateOrContractMonth='20261002', strike=197.5, right='P', exchange='SMART')
2026-08-25 21:55:58,991 [ERROR] ib_insync.wrapper: Error 200, reqId 317: No se encuentra definici\u00f3n del activo solicitado, contract: Option(symbol='NVDA', lastTradeDateOrContractMonth='20261002', strike=202.5, right='P', exchange='SMART')
2026-08-25 21:55:59,224 [ERROR] ib_insync.wrapper: Error 200, reqId 319: No se encuentra definici\u00f3n del activo solicitado, contract: Option(symbol='NVDA', lastTradeDateOrContractMonth='20261002', strike=207.5, right='P', exchange='SMART')
2026-08-25 21:55:59,360 [ERROR] ib_insync.wrapper: Error 200, reqId 321: No se encuentra definici\u00f3n del activo solicitado, contract: Option(symbol='NVDA', lastTradeDateOrContractMonth='20261002', strike=212.0, right='P', exchange='SMART')
2026-08-25 21:55:59,480 [ERROR] ib_insync.wrapper: Error 200, reqId 322: No se encuentra definici\u00f3n del activo solicitado, contract: Option(symbol='NVDA', lastTradeDateOrContractMonth='20261002', strike=212.5, right='P', exchange='SMART')
2026-08-25 21:55:59,480 [WARNING] ib_insync.ib: Unknown contract: Option(symbol='NVDA', lastTradeDateOrContractMonth='20261002', strike=213.0, right='C', exchange='SMART')
2026-08-25 21:55:59,480 [WARNING] ib_insync.ib: Unknown contract: Option(symbol='NVDA', lastTradeDateOrContractMonth='20261002', strike=214.0, right='C', exchange='SMART')
2026-08-25 21:55:59,480 [WARNING] ib_insync.ib: Unknown contract: Option(symbol='NVDA', lastTradeDateOrContractMonth='20261002', strike=216.0, right='C', exchange='SMART')
2026-08-25 21:55:59,480 [WARNING] ib_insync.ib: Unknown contract: Option(symbol='NVDA', lastTradeDateOrContractMonth='20261002', strike=217.0, right='C', exchange='SMART')
2026-08-25 21:55:59,480 [WARNING] ib_insync.ib: Unknown contract: Option(symbol='NVDA', lastTradeDateOrContractMonth='20261002', strike=217.5, right='C', exchange='SMART')
2026-08-25 21:55:59,480 [WARNING] ib_insync.ib: Unknown contract: Option(symbol='NVDA', lastTradeDateOrContractMonth='20261002', strike=218.0, right='C', exchange='SMART')
2026-08-25 21:55:59,480 [WARNING] ib_insync.ib: Unknown contract: Option(symbol='NVDA', lastTradeDateOrContractMonth='20261002', strike=219.0, right='C', exchange='SMART')
2026-08-25 21:55:59,480 [WARNING] ib_insync.ib: Unknown contract: Option(symbol='NVDA', lastTradeDateOrContractMonth='20261002', strike=221.0, right='C', exchange='SMART')
2026-08-25 21:55:59,480 [WARNING] ib_insync.ib: Unknown contract: Option(symbol='NVDA', lastTradeDateOrContractMonth='20261002', strike=222.0, right='C', exchange='SMART')
2026-08-25 21:55:59,480 [WARNING] ib_insync.ib: Unknown contract: Option(symbol='NVDA', lastTradeDateOrContractMonth='20261002', strike=222.5, right='C', exchange='SMART')
2026-08-25 21:55:59,480 [WARNING] ib_insync.ib: Unknown contract: Option(symbol='NVDA', lastTradeDateOrContractMonth='20261002', strike=223.0, right='C', exchange='SMART')
2026-08-25 21:55:59,480 [WARNING] ib_insync.ib: Unknown contract: Option(symbol='NVDA', lastTradeDateOrContractMonth='20261002', strike=224.0, right='C', exchange='SMART')
2026-08-25 21:55:59,480 [WARNING] ib_insync.ib: Unknown contract: Option(symbol='NVDA', lastTradeDateOrContractMonth='20261002', strike=226.0, right='C', exchange='SMART')
2026-08-25 21:55:59,480 [WARNING] ib_insync.ib: Unknown contract: Option(symbol='NVDA', lastTradeDateOrContractMonth='20261002', strike=227.0, right='C', exchange='SMART')
2026-08-25 21:55:59,480 [WARNING] ib_insync.ib: Unknown contract: Option(symbol='NVDA', lastTradeDateOrContractMonth='20261002', strike=227.5, right='C', exchange='SMART')
2026-08-25 21:55:59,480 [WARNING] ib_insync.ib: Unknown contract: Option(symbol='NVDA', lastTradeDateOrContractMonth='20261002', strike=228.0, right='C', exchange='SMART')
2026-08-25 21:55:59,480 [WARNING] ib_insync.ib: Unknown contract: Option(symbol='NVDA', lastTradeDateOrContractMonth='20261002', strike=186.0, right='P', exchange='SMART')
2026-08-25 21:55:59,480 [WARNING] ib_insync.ib: Unknown contract: Option(symbol='NVDA', lastTradeDateOrContractMonth='20261002', strike=187.0, right='P', exchange='SMART')
2026-08-25 21:55:59,480 [WARNING] ib_insync.ib: Unknown contract: Option(symbol='NVDA', lastTradeDateOrContractMonth='20261002', strike=187.5, right='P', exchange='SMART')
2026-08-25 21:55:59,480 [WARNING] ib_insync.ib: Unknown contract: Option(symbol='NVDA', lastTradeDateOrContractMonth='20261002', strike=188.0, right='P', exchange='SMART')
2026-08-25 21:55:59,480 [WARNING] ib_insync.ib: Unknown contract: Option(symbol='NVDA', lastTradeDateOrContractMonth='20261002', strike=189.0, right='P', exchange='SMART')
2026-08-25 21:55:59,480 [WARNING] ib_insync.ib: Unknown contract: Option(symbol='NVDA', lastTradeDateOrContractMonth='20261002', strike=191.0, right='P', exchange='SMART')
2026-08-25 21:55:59,480 [WARNING] ib_insync.ib: Unknown contract: Option(symbol='NVDA', lastTradeDateOrContractMonth='20261002', strike=192.0, right='P', exchange='SMART')
2026-08-25 21:55:59,480 [WARNING] ib_insync.ib: Unknown contract: Option(symbol='NVDA', lastTradeDateOrContractMonth='20261002', strike=192.5, right='P', exchange='SMART')
2026-08-25 21:55:59,480 [WARNING] ib_insync.ib: Unknown contract: Option(symbol='NVDA', lastTradeDateOrContractMonth='20261002', strike=193.0, right='P', exchange='SMART')
2026-08-25 21:55:59,480 [WARNING] ib_insync.ib: Unknown contract: Option(symbol='NVDA', lastTradeDateOrContractMonth='20261002', strike=194.0, right='P', exchange='SMART')
2026-08-25 21:55:59,480 [WARNING] ib_insync.ib: Unknown contract: Option(symbol='NVDA', lastTradeDateOrContractMonth='20261002', strike=197.5, right='P', exchange='SMART')
2026-08-25 21:55:59,480 [WARNING] ib_insync.ib: Unknown contract: Option(symbol='NVDA', lastTradeDateOrContractMonth='20261002', strike=202.5, right='P', exchange='SMART')
2026-08-25 21:55:59,480 [WARNING] ib_insync.ib: Unknown contract: Option(symbol='NVDA', lastTradeDateOrContractMonth='20261002', strike=207.5, right='P', exchange='SMART')
2026-08-25 21:55:59,480 [WARNING] ib_insync.ib: Unknown contract: Option(symbol='NVDA', lastTradeDateOrContractMonth='20261002', strike=212.0, right='P', exchange='SMART')
2026-08-25 21:55:59,480 [WARNING] ib_insync.ib: Unknown contract: Option(symbol='NVDA', lastTradeDateOrContractMonth='20261002', strike=212.5, right='P', exchange='SMART')
2026-08-25 21:55:59,853 [ERROR] ib_insync.wrapper: Error 200, reqId 332: No se encuentra definici\u00f3n del activo solicitado, contract: Option(symbol='NVDA', lastTradeDateOrContractMonth='20261016', strike=213.0, right='C', exchange='SMART')
2026-08-25 21:56:00,152 [ERROR] ib_insync.wrapper: Error 200, reqId 333: No se encuentra definici\u00f3n del activo solicitado, contract: Option(symbol='NVDA', lastTradeDateOrContractMonth='20261016', strike=214.0, right='C', exchange='SMART')
2026-08-25 21:56:00,278 [ERROR] ib_insync.wrapper: Error 200, reqId 335: No se encuentra definici\u00f3n del activo solicitado, contract: Option(symbol='NVDA', lastTradeDateOrContractMonth='20261016', strike=216.0, right='C', exchange='SMART')
2026-08-25 21:56:00,411 [ERROR] ib_insync.wrapper: Error 200, reqId 336: No se encuentra definici\u00f3n del activo solicitado, contract: Option(symbol='NVDA', lastTradeDateOrContractMonth='20261016', strike=217.0, right='C', exchange='SMART')
2026-08-25 21:56:00,544 [ERROR] ib_insync.wrapper: Error 200, reqId 337: No se encuentra definici\u00f3n del activo solicitado, contract: Option(symbol='NVDA', lastTradeDateOrContractMonth='20261016', strike=217.5, right='C', exchange='SMART')
2026-08-25 21:56:00,567 [ERROR] ib_insync.wrapper: Error 200, reqId 338: No se encuentra definici\u00f3n del activo solicitado, contract: Option(symbol='NVDA', lastTradeDateOrContractMonth='20261016', strike=218.0, right='C', exchange='SMART')
2026-08-25 21:56:00,657 [ERROR] ib_insync.wrapper: Error 200, reqId 339: No se encuentra definici\u00f3n del activo solicitado, contract: Option(symbol='NVDA', lastTradeDateOrContractMonth='20261016', strike=219.0, right='C', exchange='SMART')
2026-08-25 21:56:00,697 [ERROR] ib_insync.wrapper: Error 200, reqId 341: No se encuentra definici\u00f3n del activo solicitado, contract: Option(symbol='NVDA', lastTradeDateOrContractMonth='20261016', strike=221.0, right='C', exchange='SMART')
2026-08-25 21:56:00,719 [ERROR] ib_insync.wrapper: Error 200, reqId 342: No se encuentra definici\u00f3n del activo solicitado, contract: Option(symbol='NVDA', lastTradeDateOrContractMonth='20261016', strike=222.0, right='C', exchange='SMART')
2026-08-25 21:56:00,719 [ERROR] ib_insync.wrapper: Error 200, reqId 343: No se encuentra definici\u00f3n del activo solicitado, contract: Option(symbol='NVDA', lastTradeDateOrContractMonth='20261016', strike=222.5, right='C', exchange='SMART')
2026-08-25 21:56:00,719 [ERROR] ib_insync.wrapper: Error 200, reqId 344: No se encuentra definici\u00f3n del activo solicitado, contract: Option(symbol='NVDA', lastTradeDateOrContractMonth='20261016', strike=223.0, right='C', exchange='SMART')
2026-08-25 21:56:00,719 [ERROR] ib_insync.wrapper: Error 200, reqId 345: No se encuentra definici\u00f3n del activo solicitado, contract: Option(symbol='NVDA', lastTradeDateOrContractMonth='20261016', strike=224.0, right='C', exchange='SMART')
2026-08-25 21:56:00,763 [ERROR] ib_insync.wrapper: Error 200, reqId 347: No se encuentra definici\u00f3n del activo solicitado, contract: Option(symbol='NVDA', lastTradeDateOrContractMonth='20261016', strike=226.0, right='C', exchange='SMART')
2026-08-25 21:56:00,786 [ERROR] ib_insync.wrapper: Error 200, reqId 348: No se encuentra definici\u00f3n del activo solicitado, contract: Option(symbol='NVDA', lastTradeDateOrContractMonth='20261016', strike=227.0, right='C', exchange='SMART')
2026-08-25 21:56:00,786 [ERROR] ib_insync.wrapper: Error 200, reqId 349: No se encuentra definici\u00f3n del activo solicitado, contract: Option(symbol='NVDA', lastTradeDateOrContractMonth='20261016', strike=227.5, right='C', exchange='SMART')
2026-08-25 21:56:00,786 [ERROR] ib_insync.wrapper: Error 200, reqId 350: No se encuentra definici\u00f3n del activo solicitado, contract: Option(symbol='NVDA', lastTradeDateOrContractMonth='20261016', strike=228.0, right='C', exchange='SMART')
2026-08-25 21:56:00,786 [ERROR] ib_insync.wrapper: Error 200, reqId 352: No se encuentra definici\u00f3n del activo solicitado, contract: Option(symbol='NVDA', lastTradeDateOrContractMonth='20261016', strike=186.0, right='P', exchange='SMART')
2026-08-25 21:56:00,786 [ERROR] ib_insync.wrapper: Error 200, reqId 353: No se encuentra definici\u00f3n del activo solicitado, contract: Option(symbol='NVDA', lastTradeDateOrContractMonth='20261016', strike=187.0, right='P', exchange='SMART')
2026-08-25 21:56:00,850 [ERROR] ib_insync.wrapper: Error 200, reqId 354: No se encuentra definici\u00f3n del activo solicitado, contract: Option(symbol='NVDA', lastTradeDateOrContractMonth='20261016', strike=187.5, right='P', exchange='SMART')
2026-08-25 21:56:00,850 [ERROR] ib_insync.wrapper: Error 200, reqId 355: No se encuentra definici\u00f3n del activo solicitado, contract: Option(symbol='NVDA', lastTradeDateOrContractMonth='20261016', strike=188.0, right='P', exchange='SMART')
2026-08-25 21:56:00,850 [ERROR] ib_insync.wrapper: Error 200, reqId 356: No se encuentra definici\u00f3n del activo solicitado, contract: Option(symbol='NVDA', lastTradeDateOrContractMonth='20261016', strike=189.0, right='P', exchange='SMART')
2026-08-25 21:56:00,896 [ERROR] ib_insync.wrapper: Error 200, reqId 358: No se encuentra definici\u00f3n del activo solicitado, contract: Option(symbol='NVDA', lastTradeDateOrContractMonth='20261016', strike=191.0, right='P', exchange='SMART')
2026-08-25 21:56:00,915 [ERROR] ib_insync.wrapper: Error 200, reqId 359: No se encuentra definici\u00f3n del activo solicitado, contract: Option(symbol='NVDA', lastTradeDateOrContractMonth='20261016', strike=192.0, right='P', exchange='SMART')
2026-08-25 21:56:00,915 [ERROR] ib_insync.wrapper: Error 200, reqId 360: No se encuentra definici\u00f3n del activo solicitado, contract: Option(symbol='NVDA', lastTradeDateOrContractMonth='20261016', strike=192.5, right='P', exchange='SMART')
2026-08-25 21:56:00,968 [ERROR] ib_insync.wrapper: Error 200, reqId 361: No se encuentra definici\u00f3n del activo solicitado, contract: Option(symbol='NVDA', lastTradeDateOrContractMonth='20261016', strike=193.0, right='P', exchange='SMART')
2026-08-25 21:56:00,973 [ERROR] ib_insync.wrapper: Error 200, reqId 362: No se encuentra definici\u00f3n del activo solicitado, contract: Option(symbol='NVDA', lastTradeDateOrContractMonth='20261016', strike=194.0, right='P', exchange='SMART')
2026-08-25 21:56:00,973 [ERROR] ib_insync.wrapper: Error 200, reqId 364: No se encuentra definici\u00f3n del activo solicitado, contract: Option(symbol='NVDA', lastTradeDateOrContractMonth='20261016', strike=197.5, right='P', exchange='SMART')
2026-08-25 21:56:01,095 [ERROR] ib_insync.wrapper: Error 200, reqId 366: No se encuentra definici\u00f3n del activo solicitado, contract: Option(symbol='NVDA', lastTradeDateOrContractMonth='20261016', strike=202.5, right='P', exchange='SMART')
2026-08-25 21:56:01,286 [ERROR] ib_insync.wrapper: Error 200, reqId 368: No se encuentra definici\u00f3n del activo solicitado, contract: Option(symbol='NVDA', lastTradeDateOrContractMonth='20261016', strike=207.5, right='P', exchange='SMART')
2026-08-25 21:56:01,476 [ERROR] ib_insync.wrapper: Error 200, reqId 370: No se encuentra definici\u00f3n del activo solicitado, contract: Option(symbol='NVDA', lastTradeDateOrContractMonth='20261016', strike=212.0, right='P', exchange='SMART')
2026-08-25 21:56:01,598 [ERROR] ib_insync.wrapper: Error 200, reqId 371: No se encuentra definici\u00f3n del activo solicitado, contract: Option(symbol='NVDA', lastTradeDateOrContractMonth='20261016', strike=212.5, right='P', exchange='SMART')
2026-08-25 21:56:01,598 [WARNING] ib_insync.ib: Unknown contract: Option(symbol='NVDA', lastTradeDateOrContractMonth='20261016', strike=213.0, right='C', exchange='SMART')
2026-08-25 21:56:01,598 [WARNING] ib_insync.ib: Unknown contract: Option(symbol='NVDA', lastTradeDateOrContractMonth='20261016', strike=214.0, right='C', exchange='SMART')
2026-08-25 21:56:01,598 [WARNING] ib_insync.ib: Unknown contract: Option(symbol='NVDA', lastTradeDateOrContractMonth='20261016', strike=216.0, right='C', exchange='SMART')
2026-08-25 21:56:01,598 [WARNING] ib_insync.ib: Unknown contract: Option(symbol='NVDA', lastTradeDateOrContractMonth='20261016', strike=217.0, right='C', exchange='SMART')
2026-08-25 21:56:01,598 [WARNING] ib_insync.ib: Unknown contract: Option(symbol='NVDA', lastTradeDateOrContractMonth='20261016', strike=217.5, right='C', exchange='SMART')
2026-08-25 21:56:01,598 [WARNING] ib_insync.ib: Unknown contract: Option(symbol='NVDA', lastTradeDateOrContractMonth='20261016', strike=218.0, right='C', exchange='SMART')
2026-08-25 21:56:01,598 [WARNING] ib_insync.ib: Unknown contract: Option(symbol='NVDA', lastTradeDateOrContractMonth='20261016', strike=219.0, right='C', exchange='SMART')
2026-08-25 21:56:01,598 [WARNING] ib_insync.ib: Unknown contract: Option(symbol='NVDA', lastTradeDateOrContractMonth='20261016', strike=221.0, right='C', exchange='SMART')
2026-08-25 21:56:01,598 [WARNING] ib_insync.ib: Unknown contract: Option(symbol='NVDA', lastTradeDateOrContractMonth='20261016', strike=222.0, right='C', exchange='SMART')
2026-08-25 21:56:01,598 [WARNING] ib_insync.ib: Unknown contract: Option(symbol='NVDA', lastTradeDateOrContractMonth='20261016', strike=222.5, right='C', exchange='SMART')
2026-08-25 21:56:01,598 [WARNING] ib_insync.ib: Unknown contract: Option(symbol='NVDA', lastTradeDateOrContractMonth='20261016', strike=223.0, right='C', exchange='SMART')
2026-08-25 21:56:01,598 [WARNING] ib_insync.ib: Unknown contract: Option(symbol='NVDA', lastTradeDateOrContractMonth='20261016', strike=224.0, right='C', exchange='SMART')
2026-08-25 21:56:01,598 [WARNING] ib_insync.ib: Unknown contract: Option(symbol='NVDA', lastTradeDateOrContractMonth='20261016', strike=226.0, right='C', exchange='SMART')
2026-08-25 21:56:01,598 [WARNING] ib_insync.ib: Unknown contract: Option(symbol='NVDA', lastTradeDateOrContractMonth='20261016', strike=227.0, right='C', exchange='SMART')
2026-08-25 21:56:01,598 [WARNING] ib_insync.ib: Unknown contract: Option(symbol='NVDA', lastTradeDateOrContractMonth='20261016', strike=227.5, right='C', exchange='SMART')
2026-08-25 21:56:01,598 [WARNING] ib_insync.ib: Unknown contract: Option(symbol='NVDA', lastTradeDateOrContractMonth='20261016', strike=228.0, right='C', exchange='SMART')
2026-08-25 21:56:01,598 [WARNING] ib_insync.ib: Unknown contract: Option(symbol='NVDA', lastTradeDateOrContractMonth='20261016', strike=186.0, right='P', exchange='SMART')
2026-08-25 21:56:01,598 [WARNING] ib_insync.ib: Unknown contract: Option(symbol='NVDA', lastTradeDateOrContractMonth='20261016', strike=187.0, right='P', exchange='SMART')
2026-08-25 21:56:01,598 [WARNING] ib_insync.ib: Unknown contract: Option(symbol='NVDA', lastTradeDateOrContractMonth='20261016', strike=187.5, right='P', exchange='SMART')
2026-08-25 21:56:01,598 [WARNING] ib_insync.ib: Unknown contract: Option(symbol='NVDA', lastTradeDateOrContractMonth='20261016', strike=188.0, right='P', exchange='SMART')
2026-08-25 21:56:01,598 [WARNING] ib_insync.ib: Unknown contract: Option(symbol='NVDA', lastTradeDateOrContractMonth='20261016', strike=189.0, right='P', exchange='SMART')
2026-08-25 21:56:01,606 [WARNING] ib_insync.ib: Unknown contract: Option(symbol='NVDA', lastTradeDateOrContractMonth='20261016', strike=191.0, right='P', exchange='SMART')
2026-08-25 21:56:01,606 [WARNING] ib_insync.ib: Unknown contract: Option(symbol='NVDA', lastTradeDateOrContractMonth='20261016', strike=192.0, right='P', exchange='SMART')
2026-08-25 21:56:01,606 [WARNING] ib_insync.ib: Unknown contract: Option(symbol='NVDA', lastTradeDateOrContractMonth='20261016', strike=192.5, right='P', exchange='SMART')
2026-08-25 21:56:01,606 [WARNING] ib_insync.ib: Unknown contract: Option(symbol='NVDA', lastTradeDateOrContractMonth='20261016', strike=193.0, right='P', exchange='SMART')
2026-08-25 21:56:01,607 [WARNING] ib_insync.ib: Unknown contract: Option(symbol='NVDA', lastTradeDateOrContractMonth='20261016', strike=194.0, right='P', exchange='SMART')
2026-08-25 21:56:01,607 [WARNING] ib_insync.ib: Unknown contract: Option(symbol='NVDA', lastTradeDateOrContractMonth='20261016', strike=197.5, right='P', exchange='SMART')
2026-08-25 21:56:01,607 [WARNING] ib_insync.ib: Unknown contract: Option(symbol='NVDA', lastTradeDateOrContractMonth='20261016', strike=202.5, right='P', exchange='SMART')
2026-08-25 21:56:01,607 [WARNING] ib_insync.ib: Unknown contract: Option(symbol='NVDA', lastTradeDateOrContractMonth='20261016', strike=207.5, right='P', exchange='SMART')
2026-08-25 21:56:01,608 [WARNING] ib_insync.ib: Unknown contract: Option(symbol='NVDA', lastTradeDateOrContractMonth='20261016', strike=212.0, right='P', exchange='SMART')
2026-08-25 21:56:01,608 [WARNING] ib_insync.ib: Unknown contract: Option(symbol='NVDA', lastTradeDateOrContractMonth='20261016', strike=212.5, right='P', exchange='SMART')
2026-08-25 21:56:01,950 [ERROR] ib_insync.wrapper: Error 200, reqId 381: No se encuentra definici\u00f3n del activo solicitado, contract: Option(symbol='NVDA', lastTradeDateOrContractMonth='20261120', strike=213.0, right='C', exchange='SMART')
2026-08-25 21:56:02,207 [ERROR] ib_insync.wrapper: Error 200, reqId 382: No se encuentra definici\u00f3n del activo solicitado, contract: Option(symbol='NVDA', lastTradeDateOrContractMonth='20261120', strike=214.0, right='C', exchange='SMART')
2026-08-25 21:56:02,408 [ERROR] ib_insync.wrapper: Error 200, reqId 384: No se encuentra definici\u00f3n del activo solicitado, contract: Option(symbol='NVDA', lastTradeDateOrContractMonth='20261120', strike=216.0, right='C', exchange='SMART')
2026-08-25 21:56:02,623 [ERROR] ib_insync.wrapper: Error 200, reqId 385: No se encuentra definici\u00f3n del activo solicitado, contract: Option(symbol='NVDA', lastTradeDateOrContractMonth='20261120', strike=217.0, right='C', exchange='SMART')
2026-08-25 21:56:02,685 [ERROR] ib_insync.wrapper: Error 200, reqId 386: No se encuentra definici\u00f3n del activo solicitado, contract: Option(symbol='NVDA', lastTradeDateOrContractMonth='20261120', strike=217.5, right='C', exchange='SMART')
2026-08-25 21:56:02,755 [ERROR] ib_insync.wrapper: Error 200, reqId 387: No se encuentra definici\u00f3n del activo solicitado, contract: Option(symbol='NVDA', lastTradeDateOrContractMonth='20261120', strike=218.0, right='C', exchange='SMART')
2026-08-25 21:56:02,781 [ERROR] ib_insync.wrapper: Error 200, reqId 388: No se encuentra definici\u00f3n del activo solicitado, contract: Option(symbol='NVDA', lastTradeDateOrContractMonth='20261120', strike=219.0, right='C', exchange='SMART')
2026-08-25 21:56:02,781 [ERROR] ib_insync.wrapper: Error 200, reqId 390: No se encuentra definici\u00f3n del activo solicitado, contract: Option(symbol='NVDA', lastTradeDateOrContractMonth='20261120', strike=221.0, right='C', exchange='SMART')
2026-08-25 21:56:02,795 [ERROR] ib_insync.wrapper: Error 200, reqId 391: No se encuentra definici\u00f3n del activo solicitado, contract: Option(symbol='NVDA', lastTradeDateOrContractMonth='20261120', strike=222.0, right='C', exchange='SMART')
2026-08-25 21:56:02,797 [ERROR] ib_insync.wrapper: Error 200, reqId 392: No se encuentra definici\u00f3n del activo solicitado, contract: Option(symbol='NVDA', lastTradeDateOrContractMonth='20261120', strike=222.5, right='C', exchange='SMART')
2026-08-25 21:56:02,818 [ERROR] ib_insync.wrapper: Error 200, reqId 393: No se encuentra definici\u00f3n del activo solicitado, contract: Option(symbol='NVDA', lastTradeDateOrContractMonth='20261120', strike=223.0, right='C', exchange='SMART')
2026-08-25 21:56:02,818 [ERROR] ib_insync.wrapper: Error 200, reqId 394: No se encuentra definici\u00f3n del activo solicitado, contract: Option(symbol='NVDA', lastTradeDateOrContractMonth='20261120', strike=224.0, right='C', exchange='SMART')
2026-08-25 21:56:02,905 [ERROR] ib_insync.wrapper: Error 200, reqId 396: No se encuentra definici\u00f3n del activo solicitado, contract: Option(symbol='NVDA', lastTradeDateOrContractMonth='20261120', strike=226.0, right='C', exchange='SMART')
2026-08-25 21:56:02,905 [ERROR] ib_insync.wrapper: Error 200, reqId 397: No se encuentra definici\u00f3n del activo solicitado, contract: Option(symbol='NVDA', lastTradeDateOrContractMonth='20261120', strike=227.0, right='C', exchange='SMART')
2026-08-25 21:56:02,906 [ERROR] ib_insync.wrapper: Error 200, reqId 398: No se encuentra definici\u00f3n del activo solicitado, contract: Option(symbol='NVDA', lastTradeDateOrContractMonth='20261120', strike=227.5, right='C', exchange='SMART')
2026-08-25 21:56:02,906 [ERROR] ib_insync.wrapper: Error 200, reqId 399: No se encuentra definici\u00f3n del activo solicitado, contract: Option(symbol='NVDA', lastTradeDateOrContractMonth='20261120', strike=228.0, right='C', exchange='SMART')
2026-08-25 21:56:02,906 [ERROR] ib_insync.wrapper: Error 200, reqId 401: No se encuentra definici\u00f3n del activo solicitado, contract: Option(symbol='NVDA', lastTradeDateOrContractMonth='20261120', strike=186.0, right='P', exchange='SMART')
2026-08-25 21:56:02,907 [ERROR] ib_insync.wrapper: Error 200, reqId 402: No se encuentra definici\u00f3n del activo solicitado, contract: Option(symbol='NVDA', lastTradeDateOrContractMonth='20261120', strike=187.0, right='P', exchange='SMART')
2026-08-25 21:56:02,930 [ERROR] ib_insync.wrapper: Error 200, reqId 403: No se encuentra definici\u00f3n del activo solicitado, contract: Option(symbol='NVDA', lastTradeDateOrContractMonth='20261120', strike=187.5, right='P', exchange='SMART')
2026-08-25 21:56:02,930 [ERROR] ib_insync.wrapper: Error 200, reqId 404: No se encuentra definici\u00f3n del activo solicitado, contract: Option(symbol='NVDA', lastTradeDateOrContractMonth='20261120', strike=188.0, right='P', exchange='SMART')
2026-08-25 21:56:02,930 [ERROR] ib_insync.wrapper: Error 200, reqId 405: No se encuentra definici\u00f3n del activo solicitado, contract: Option(symbol='NVDA', lastTradeDateOrContractMonth='20261120', strike=189.0, right='P', exchange='SMART')
2026-08-25 21:56:03,013 [ERROR] ib_insync.wrapper: Error 200, reqId 407: No se encuentra definici\u00f3n del activo solicitado, contract: Option(symbol='NVDA', lastTradeDateOrContractMonth='20261120', strike=191.0, right='P', exchange='SMART')
2026-08-25 21:56:03,013 [ERROR] ib_insync.wrapper: Error 200, reqId 408: No se encuentra definici\u00f3n del activo solicitado, contract: Option(symbol='NVDA', lastTradeDateOrContractMonth='20261120', strike=192.0, right='P', exchange='SMART')
2026-08-25 21:56:03,013 [ERROR] ib_insync.wrapper: Error 200, reqId 409: No se encuentra definici\u00f3n del activo solicitado, contract: Option(symbol='NVDA', lastTradeDateOrContractMonth='20261120', strike=192.5, right='P', exchange='SMART')
2026-08-25 21:56:03,154 [ERROR] ib_insync.wrapper: Error 200, reqId 410: No se encuentra definici\u00f3n del activo solicitado, contract: Option(symbol='NVDA', lastTradeDateOrContractMonth='20261120', strike=193.0, right='P', exchange='SMART')
2026-08-25 21:56:03,154 [ERROR] ib_insync.wrapper: Error 200, reqId 411: No se encuentra definici\u00f3n del activo solicitado, contract: Option(symbol='NVDA', lastTradeDateOrContractMonth='20261120', strike=194.0, right='P', exchange='SMART')
2026-08-25 21:56:03,154 [ERROR] ib_insync.wrapper: Error 200, reqId 413: No se encuentra definici\u00f3n del activo solicitado, contract: Option(symbol='NVDA', lastTradeDateOrContractMonth='20261120', strike=197.5, right='P', exchange='SMART')
2026-08-25 21:56:03,223 [ERROR] ib_insync.wrapper: Error 200, reqId 415: No se encuentra definici\u00f3n del activo solicitado, contract: Option(symbol='NVDA', lastTradeDateOrContractMonth='20261120', strike=202.5, right='P', exchange='SMART')
2026-08-25 21:56:03,429 [ERROR] ib_insync.wrapper: Error 200, reqId 417: No se encuentra definici\u00f3n del activo solicitado, contract: Option(symbol='NVDA', lastTradeDateOrContractMonth='20261120', strike=207.5, right='P', exchange='SMART')
2026-08-25 21:56:03,656 [ERROR] ib_insync.wrapper: Error 200, reqId 419: No se encuentra definici\u00f3n del activo solicitado, contract: Option(symbol='NVDA', lastTradeDateOrContractMonth='20261120', strike=212.0, right='P', exchange='SMART')
2026-08-25 21:56:03,785 [ERROR] ib_insync.wrapper: Error 200, reqId 420: No se encuentra definici\u00f3n del activo solicitado, contract: Option(symbol='NVDA', lastTradeDateOrContractMonth='20261120', strike=212.5, right='P', exchange='SMART')
2026-08-25 21:56:03,785 [WARNING] ib_insync.ib: Unknown contract: Option(symbol='NVDA', lastTradeDateOrContractMonth='20261120', strike=213.0, right='C', exchange='SMART')
2026-08-25 21:56:03,786 [WARNING] ib_insync.ib: Unknown contract: Option(symbol='NVDA', lastTradeDateOrContractMonth='20261120', strike=214.0, right='C', exchange='SMART')
2026-08-25 21:56:03,786 [WARNING] ib_insync.ib: Unknown contract: Option(symbol='NVDA', lastTradeDateOrContractMonth='20261120', strike=216.0, right='C', exchange='SMART')
2026-08-25 21:56:03,786 [WARNING] ib_insync.ib: Unknown contract: Option(symbol='NVDA', lastTradeDateOrContractMonth='20261120', strike=217.0, right='C', exchange='SMART')
2026-08-25 21:56:03,786 [WARNING] ib_insync.ib: Unknown contract: Option(symbol='NVDA', lastTradeDateOrContractMonth='20261120', strike=217.5, right='C', exchange='SMART')
2026-08-25 21:56:03,786 [WARNING] ib_insync.ib: Unknown contract: Option(symbol='NVDA', lastTradeDateOrContractMonth='20261120', strike=218.0, right='C', exchange='SMART')
2026-08-25 21:56:03,786 [WARNING] ib_insync.ib: Unknown contract: Option(symbol='NVDA', lastTradeDateOrContractMonth='20261120', strike=219.0, right='C', exchange='SMART')
2026-08-25 21:56:03,786 [WARNING] ib_insync.ib: Unknown contract: Option(symbol='NVDA', lastTradeDateOrContractMonth='20261120', strike=221.0, right='C', exchange='SMART')
2026-08-25 21:56:03,786 [WARNING] ib_insync.ib: Unknown contract: Option(symbol='NVDA', lastTradeDateOrContractMonth='20261120', strike=222.0, right='C', exchange='SMART')
2026-08-25 21:56:03,786 [WARNING] ib_insync.ib: Unknown contract: Option(symbol='NVDA', lastTradeDateOrContractMonth='20261120', strike=222.5, right='C', exchange='SMART')
2026-08-25 21:56:03,787 [WARNING] ib_insync.ib: Unknown contract: Option(symbol='NVDA', lastTradeDateOrContractMonth='20261120', strike=223.0, right='C', exchange='SMART')
2026-08-25 21:56:03,787 [WARNING] ib_insync.ib: Unknown contract: Option(symbol='NVDA', lastTradeDateOrContractMonth='20261120', strike=224.0, right='C', exchange='SMART')
2026-08-25 21:56:03,787 [WARNING] ib_insync.ib: Unknown contract: Option(symbol='NVDA', lastTradeDateOrContractMonth='20261120', strike=226.0, right='C', exchange='SMART')
2026-08-25 21:56:03,787 [WARNING] ib_insync.ib: Unknown contract: Option(symbol='NVDA', lastTradeDateOrContractMonth='20261120', strike=227.0, right='C', exchange='SMART')
2026-08-25 21:56:03,787 [WARNING] ib_insync.ib: Unknown contract: Option(symbol='NVDA', lastTradeDateOrContractMonth='20261120', strike=227.5, right='C', exchange='SMART')
2026-08-25 21:56:03,787 [WARNING] ib_insync.ib: Unknown contract: Option(symbol='NVDA', lastTradeDateOrContractMonth='20261120', strike=228.0, right='C', exchange='SMART')
2026-08-25 21:56:03,787 [WARNING] ib_insync.ib: Unknown contract: Option(symbol='NVDA', lastTradeDateOrContractMonth='20261120', strike=186.0, right='P', exchange='SMART')
2026-08-25 21:56:03,787 [WARNING] ib_insync.ib: Unknown contract: Option(symbol='NVDA', lastTradeDateOrContractMonth='20261120', strike=187.0, right='P', exchange='SMART')
2026-08-25 21:56:03,787 [WARNING] ib_insync.ib: Unknown contract: Option(symbol='NVDA', lastTradeDateOrContractMonth='20261120', strike=187.5, right='P', exchange='SMART')
2026-08-25 21:56:03,788 [WARNING] ib_insync.ib: Unknown contract: Option(symbol='NVDA', lastTradeDateOrContractMonth='20261120', strike=188.0, right='P', exchange='SMART')
2026-08-25 21:56:03,788 [WARNING] ib_insync.ib: Unknown contract: Option(symbol='NVDA', lastTradeDateOrContractMonth='20261120', strike=189.0, right='P', exchange='SMART')
2026-08-25 21:56:03,788 [WARNING] ib_insync.ib: Unknown contract: Option(symbol='NVDA', lastTradeDateOrContractMonth='20261120', strike=191.0, right='P', exchange='SMART')
2026-08-25 21:56:03,788 [WARNING] ib_insync.ib: Unknown contract: Option(symbol='NVDA', lastTradeDateOrContractMonth='20261120', strike=192.0, right='P', exchange='SMART')
2026-08-25 21:56:03,788 [WARNING] ib_insync.ib: Unknown contract: Option(symbol='NVDA', lastTradeDateOrContractMonth='20261120', strike=192.5, right='P', exchange='SMART')
2026-08-25 21:56:03,788 [WARNING] ib_insync.ib: Unknown contract: Option(symbol='NVDA', lastTradeDateOrContractMonth='20261120', strike=193.0, right='P', exchange='SMART')
2026-08-25 21:56:03,788 [WARNING] ib_insync.ib: Unknown contract: Option(symbol='NVDA', lastTradeDateOrContractMonth='20261120', strike=194.0, right='P', exchange='SMART')
2026-08-25 21:56:03,788 [WARNING] ib_insync.ib: Unknown contract: Option(symbol='NVDA', lastTradeDateOrContractMonth='20261120', strike=197.5, right='P', exchange='SMART')
2026-08-25 21:56:03,788 [WARNING] ib_insync.ib: Unknown contract: Option(symbol='NVDA', lastTradeDateOrContractMonth='20261120', strike=202.5, right='P', exchange='SMART')
2026-08-25 21:56:03,788 [WARNING] ib_insync.ib: Unknown contract: Option(symbol='NVDA', lastTradeDateOrContractMonth='20261120', strike=207.5, right='P', exchange='SMART')
2026-08-25 21:56:03,788 [WARNING] ib_insync.ib: Unknown contract: Option(symbol='NVDA', lastTradeDateOrContractMonth='20261120', strike=212.0, right='P', exchange='SMART')
2026-08-25 21:56:03,788 [WARNING] ib_insync.ib: Unknown contract: Option(symbol='NVDA', lastTradeDateOrContractMonth='20261120', strike=212.5, right='P', exchange='SMART')
2026-08-25 21:56:04,997 [ERROR] ib_insync.wrapper: Error 200, reqId 435: No se encuentra definici\u00f3n del activo solicitado, contract: Option(symbol='NVDA', lastTradeDateOrContractMonth='20261218', strike=217.5, right='C', exchange='SMART')
2026-08-25 21:56:05,074 [ERROR] ib_insync.wrapper: Error 200, reqId 441: No se encuentra definici\u00f3n del activo solicitado, contract: Option(symbol='NVDA', lastTradeDateOrContractMonth='20261218', strike=222.5, right='C', exchange='SMART')
2026-08-25 21:56:05,079 [ERROR] ib_insync.wrapper: Error 200, reqId 447: No se encuentra definici\u00f3n del activo solicitado, contract: Option(symbol='NVDA', lastTradeDateOrContractMonth='20261218', strike=227.5, right='C', exchange='SMART')
2026-08-25 21:56:05,103 [ERROR] ib_insync.wrapper: Error 200, reqId 452: No se encuentra definici\u00f3n del activo solicitado, contract: Option(symbol='NVDA', lastTradeDateOrContractMonth='20261218', strike=187.5, right='P', exchange='SMART')
2026-08-25 21:56:05,281 [ERROR] ib_insync.wrapper: Error 200, reqId 458: No se encuentra definici\u00f3n del activo solicitado, contract: Option(symbol='NVDA', lastTradeDateOrContractMonth='20261218', strike=192.5, right='P', exchange='SMART')
2026-08-25 21:56:05,281 [ERROR] ib_insync.wrapper: Error 200, reqId 462: No se encuentra definici\u00f3n del activo solicitado, contract: Option(symbol='NVDA', lastTradeDateOrContractMonth='20261218', strike=197.5, right='P', exchange='SMART')
2026-08-25 21:56:05,432 [ERROR] ib_insync.wrapper: Error 200, reqId 464: No se encuentra definici\u00f3n del activo solicitado, contract: Option(symbol='NVDA', lastTradeDateOrContractMonth='20261218', strike=202.5, right='P', exchange='SMART')
2026-08-25 21:56:05,665 [ERROR] ib_insync.wrapper: Error 200, reqId 466: No se encuentra definici\u00f3n del activo solicitado, contract: Option(symbol='NVDA', lastTradeDateOrContractMonth='20261218', strike=207.5, right='P', exchange='SMART')
2026-08-25 21:56:05,747 [ERROR] ib_insync.wrapper: Error 200, reqId 469: No se encuentra definici\u00f3n del activo solicitado, contract: Option(symbol='NVDA', lastTradeDateOrContractMonth='20261218', strike=212.5, right='P', exchange='SMART')
2026-08-25 21:56:05,747 [WARNING] ib_insync.ib: Unknown contract: Option(symbol='NVDA', lastTradeDateOrContractMonth='20261218', strike=217.5, right='C', exchange='SMART')
2026-08-25 21:56:05,747 [WARNING] ib_insync.ib: Unknown contract: Option(symbol='NVDA', lastTradeDateOrContractMonth='20261218', strike=222.5, right='C', exchange='SMART')
2026-08-25 21:56:05,747 [WARNING] ib_insync.ib: Unknown contract: Option(symbol='NVDA', lastTradeDateOrContractMonth='20261218', strike=227.5, right='C', exchange='SMART')
2026-08-25 21:56:05,747 [WARNING] ib_insync.ib: Unknown contract: Option(symbol='NVDA', lastTradeDateOrContractMonth='20261218', strike=187.5, right='P', exchange='SMART')
2026-08-25 21:56:05,747 [WARNING] ib_insync.ib: Unknown contract: Option(symbol='NVDA', lastTradeDateOrContractMonth='20261218', strike=192.5, right='P', exchange='SMART')
2026-08-25 21:56:05,747 [WARNING] ib_insync.ib: Unknown contract: Option(symbol='NVDA', lastTradeDateOrContractMonth='20261218', strike=197.5, right='P', exchange='SMART')
2026-08-25 21:56:05,747 [WARNING] ib_insync.ib: Unknown contract: Option(symbol='NVDA', lastTradeDateOrContractMonth='20261218', strike=202.5, right='P', exchange='SMART')
2026-08-25 21:56:05,747 [WARNING] ib_insync.ib: Unknown contract: Option(symbol='NVDA', lastTradeDateOrContractMonth='20261218', strike=207.5, right='P', exchange='SMART')
2026-08-25 21:56:05,747 [WARNING] ib_insync.ib: Unknown contract: Option(symbol='NVDA', lastTradeDateOrContractMonth='20261218', strike=212.5, right='P', exchange='SMART')
2026-08-25 21:56:07,156 [ERROR] ib_insync.wrapper: Error 200, reqId 501: No se encuentra definici\u00f3n del activo solicitado, contract: Option(symbol='NVDA', lastTradeDateOrContractMonth='20270115', strike=213.0, right='C', exchange='SMART')
2026-08-25 21:56:07,361 [ERROR] ib_insync.wrapper: Error 200, reqId 502: No se encuentra definici\u00f3n del activo solicitado, contract: Option(symbol='NVDA', lastTradeDateOrContractMonth='20270115', strike=214.0, right='C', exchange='SMART')
2026-08-25 21:56:07,361 [ERROR] ib_insync.wrapper: Error 200, reqId 504: No se encuentra definici\u00f3n del activo solicitado, contract: Option(symbol='NVDA', lastTradeDateOrContractMonth='20270115', strike=216.0, right='C', exchange='SMART')
2026-08-25 21:56:07,362 [ERROR] ib_insync.wrapper: Error 200, reqId 505: No se encuentra definici\u00f3n del activo solicitado, contract: Option(symbol='NVDA', lastTradeDateOrContractMonth='20270115', strike=217.0, right='C', exchange='SMART')
2026-08-25 21:56:07,363 [ERROR] ib_insync.wrapper: Error 200, reqId 506: No se encuentra definici\u00f3n del activo solicitado, contract: Option(symbol='NVDA', lastTradeDateOrContractMonth='20270115', strike=217.5, right='C', exchange='SMART')
2026-08-25 21:56:07,401 [ERROR] ib_insync.wrapper: Error 200, reqId 507: No se encuentra definici\u00f3n del activo solicitado, contract: Option(symbol='NVDA', lastTradeDateOrContractMonth='20270115', strike=218.0, right='C', exchange='SMART')
2026-08-25 21:56:07,404 [ERROR] ib_insync.wrapper: Error 200, reqId 508: No se encuentra definici\u00f3n del activo solicitado, contract: Option(symbol='NVDA', lastTradeDateOrContractMonth='20270115', strike=219.0, right='C', exchange='SMART')
2026-08-25 21:56:07,406 [ERROR] ib_insync.wrapper: Error 200, reqId 510: No se encuentra definici\u00f3n del activo solicitado, contract: Option(symbol='NVDA', lastTradeDateOrContractMonth='20270115', strike=221.0, right='C', exchange='SMART')
2026-08-25 21:56:07,406 [ERROR] ib_insync.wrapper: Error 200, reqId 511: No se encuentra definici\u00f3n del activo solicitado, contract: Option(symbol='NVDA', lastTradeDateOrContractMonth='20270115', strike=222.0, right='C', exchange='SMART')
2026-08-25 21:56:07,482 [ERROR] ib_insync.wrapper: Error 200, reqId 512: No se encuentra definici\u00f3n del activo solicitado, contract: Option(symbol='NVDA', lastTradeDateOrContractMonth='20270115', strike=222.5, right='C', exchange='SMART')
2026-08-25 21:56:07,554 [ERROR] ib_insync.wrapper: Error 200, reqId 513: No se encuentra definici\u00f3n del activo solicitado, contract: Option(symbol='NVDA', lastTradeDateOrContractMonth='20270115', strike=223.0, right='C', exchange='SMART')
2026-08-25 21:56:07,554 [ERROR] ib_insync.wrapper: Error 200, reqId 514: No se encuentra definici\u00f3n del activo solicitado, contract: Option(symbol='NVDA', lastTradeDateOrContractMonth='20270115', strike=224.0, right='C', exchange='SMART')
2026-08-25 21:56:07,562 [ERROR] ib_insync.wrapper: Error 200, reqId 516: No se encuentra definici\u00f3n del activo solicitado, contract: Option(symbol='NVDA', lastTradeDateOrContractMonth='20270115', strike=226.0, right='C', exchange='SMART')
2026-08-25 21:56:07,564 [ERROR] ib_insync.wrapper: Error 200, reqId 517: No se encuentra definici\u00f3n del activo solicitado, contract: Option(symbol='NVDA', lastTradeDateOrContractMonth='20270115', strike=227.0, right='C', exchange='SMART')
2026-08-25 21:56:07,636 [ERROR] ib_insync.wrapper: Error 200, reqId 518: No se encuentra definici\u00f3n del activo solicitado, contract: Option(symbol='NVDA', lastTradeDateOrContractMonth='20270115', strike=227.5, right='C', exchange='SMART')
2026-08-25 21:56:07,764 [ERROR] ib_insync.wrapper: Error 200, reqId 519: No se encuentra definici\u00f3n del activo solicitado, contract: Option(symbol='NVDA', lastTradeDateOrContractMonth='20270115', strike=228.0, right='C', exchange='SMART')
2026-08-25 21:56:07,937 [ERROR] ib_insync.wrapper: Error 200, reqId 521: No se encuentra definici\u00f3n del activo solicitado, contract: Option(symbol='NVDA', lastTradeDateOrContractMonth='20270115', strike=186.0, right='P', exchange='SMART')
2026-08-25 21:56:07,951 [ERROR] ib_insync.wrapper: Error 200, reqId 522: No se encuentra definici\u00f3n del activo solicitado, contract: Option(symbol='NVDA', lastTradeDateOrContractMonth='20270115', strike=187.0, right='P', exchange='SMART')
2026-08-25 21:56:07,951 [ERROR] ib_insync.wrapper: Error 200, reqId 523: No se encuentra definici\u00f3n del activo solicitado, contract: Option(symbol='NVDA', lastTradeDateOrContractMonth='20270115', strike=187.5, right='P', exchange='SMART')
2026-08-25 21:56:07,952 [ERROR] ib_insync.wrapper: Error 200, reqId 524: No se encuentra definici\u00f3n del activo solicitado, contract: Option(symbol='NVDA', lastTradeDateOrContractMonth='20270115', strike=188.0, right='P', exchange='SMART')
2026-08-25 21:56:07,952 [ERROR] ib_insync.wrapper: Error 200, reqId 525: No se encuentra definici\u00f3n del activo solicitado, contract: Option(symbol='NVDA', lastTradeDateOrContractMonth='20270115', strike=189.0, right='P', exchange='SMART')
2026-08-25 21:56:07,952 [ERROR] ib_insync.wrapper: Error 200, reqId 527: No se encuentra definici\u00f3n del activo solicitado, contract: Option(symbol='NVDA', lastTradeDateOrContractMonth='20270115', strike=191.0, right='P', exchange='SMART')
2026-08-25 21:56:07,952 [ERROR] ib_insync.wrapper: Error 200, reqId 528: No se encuentra definici\u00f3n del activo solicitado, contract: Option(symbol='NVDA', lastTradeDateOrContractMonth='20270115', strike=192.0, right='P', exchange='SMART')
2026-08-25 21:56:07,952 [ERROR] ib_insync.wrapper: Error 200, reqId 529: No se encuentra definici\u00f3n del activo solicitado, contract: Option(symbol='NVDA', lastTradeDateOrContractMonth='20270115', strike=192.5, right='P', exchange='SMART')
2026-08-25 21:56:08,016 [ERROR] ib_insync.wrapper: Error 200, reqId 530: No se encuentra definici\u00f3n del activo solicitado, contract: Option(symbol='NVDA', lastTradeDateOrContractMonth='20270115', strike=193.0, right='P', exchange='SMART')
2026-08-25 21:56:08,080 [ERROR] ib_insync.wrapper: Error 200, reqId 531: No se encuentra definici\u00f3n del activo solicitado, contract: Option(symbol='NVDA', lastTradeDateOrContractMonth='20270115', strike=194.0, right='P', exchange='SMART')
2026-08-25 21:56:08,147 [ERROR] ib_insync.wrapper: Error 200, reqId 533: No se encuentra definici\u00f3n del activo solicitado, contract: Option(symbol='NVDA', lastTradeDateOrContractMonth='20270115', strike=197.5, right='P', exchange='SMART')
2026-08-25 21:56:08,147 [ERROR] ib_insync.wrapper: Error 200, reqId 535: No se encuentra definici\u00f3n del activo solicitado, contract: Option(symbol='NVDA', lastTradeDateOrContractMonth='20270115', strike=202.5, right='P', exchange='SMART')
2026-08-25 21:56:08,300 [ERROR] ib_insync.wrapper: Error 200, reqId 537: No se encuentra definici\u00f3n del activo solicitado, contract: Option(symbol='NVDA', lastTradeDateOrContractMonth='20270115', strike=207.5, right='P', exchange='SMART')
2026-08-25 21:56:08,300 [ERROR] ib_insync.wrapper: Error 200, reqId 539: No se encuentra definici\u00f3n del activo solicitado, contract: Option(symbol='NVDA', lastTradeDateOrContractMonth='20270115', strike=212.0, right='P', exchange='SMART')
2026-08-25 21:56:08,412 [ERROR] ib_insync.wrapper: Error 200, reqId 540: No se encuentra definici\u00f3n del activo solicitado, contract: Option(symbol='NVDA', lastTradeDateOrContractMonth='20270115', strike=212.5, right='P', exchange='SMART')
2026-08-25 21:56:08,428 [WARNING] ib_insync.ib: Unknown contract: Option(symbol='NVDA', lastTradeDateOrContractMonth='20270115', strike=213.0, right='C', exchange='SMART')
2026-08-25 21:56:08,428 [WARNING] ib_insync.ib: Unknown contract: Option(symbol='NVDA', lastTradeDateOrContractMonth='20270115', strike=214.0, right='C', exchange='SMART')
2026-08-25 21:56:08,428 [WARNING] ib_insync.ib: Unknown contract: Option(symbol='NVDA', lastTradeDateOrContractMonth='20270115', strike=216.0, right='C', exchange='SMART')
2026-08-25 21:56:08,428 [WARNING] ib_insync.ib: Unknown contract: Option(symbol='NVDA', lastTradeDateOrContractMonth='20270115', strike=217.0, right='C', exchange='SMART')
2026-08-25 21:56:08,428 [WARNING] ib_insync.ib: Unknown contract: Option(symbol='NVDA', lastTradeDateOrContractMonth='20270115', strike=217.5, right='C', exchange='SMART')
2026-08-25 21:56:08,428 [WARNING] ib_insync.ib: Unknown contract: Option(symbol='NVDA', lastTradeDateOrContractMonth='20270115', strike=218.0, right='C', exchange='SMART')
2026-08-25 21:56:08,428 [WARNING] ib_insync.ib: Unknown contract: Option(symbol='NVDA', lastTradeDateOrContractMonth='20270115', strike=219.0, right='C', exchange='SMART')
2026-08-25 21:56:08,428 [WARNING] ib_insync.ib: Unknown contract: Option(symbol='NVDA', lastTradeDateOrContractMonth='20270115', strike=221.0, right='C', exchange='SMART')
2026-08-25 21:56:08,428 [WARNING] ib_insync.ib: Unknown contract: Option(symbol='NVDA', lastTradeDateOrContractMonth='20270115', strike=222.0, right='C', exchange='SMART')
2026-08-25 21:56:08,428 [WARNING] ib_insync.ib: Unknown contract: Option(symbol='NVDA', lastTradeDateOrContractMonth='20270115', strike=222.5, right='C', exchange='SMART')
2026-08-25 21:56:08,428 [WARNING] ib_insync.ib: Unknown contract: Option(symbol='NVDA', lastTradeDateOrContractMonth='20270115', strike=223.0, right='C', exchange='SMART')
2026-08-25 21:56:08,428 [WARNING] ib_insync.ib: Unknown contract: Option(symbol='NVDA', lastTradeDateOrContractMonth='20270115', strike=224.0, right='C', exchange='SMART')
2026-08-25 21:56:08,428 [WARNING] ib_insync.ib: Unknown contract: Option(symbol='NVDA', lastTradeDateOrContractMonth='20270115', strike=226.0, right='C', exchange='SMART')
2026-08-25 21:56:08,428 [WARNING] ib_insync.ib: Unknown contract: Option(symbol='NVDA', lastTradeDateOrContractMonth='20270115', strike=227.0, right='C', exchange='SMART')
2026-08-25 21:56:08,428 [WARNING] ib_insync.ib: Unknown contract: Option(symbol='NVDA', lastTradeDateOrContractMonth='20270115', strike=227.5, right='C', exchange='SMART')
2026-08-25 21:56:08,428 [WARNING] ib_insync.ib: Unknown contract: Option(symbol='NVDA', lastTradeDateOrContractMonth='20270115', strike=228.0, right='C', exchange='SMART')
2026-08-25 21:56:08,428 [WARNING] ib_insync.ib: Unknown contract: Option(symbol='NVDA', lastTradeDateOrContractMonth='20270115', strike=186.0, right='P', exchange='SMART')
2026-08-25 21:56:08,428 [WARNING] ib_insync.ib: Unknown contract: Option(symbol='NVDA', lastTradeDateOrContractMonth='20270115', strike=187.0, right='P', exchange='SMART')
2026-08-25 21:56:08,428 [WARNING] ib_insync.ib: Unknown contract: Option(symbol='NVDA', lastTradeDateOrContractMonth='20270115', strike=187.5, right='P', exchange='SMART')
2026-08-25 21:56:08,428 [WARNING] ib_insync.ib: Unknown contract: Option(symbol='NVDA', lastTradeDateOrContractMonth='20270115', strike=188.0, right='P', exchange='SMART')
2026-08-25 21:56:08,428 [WARNING] ib_insync.ib: Unknown contract: Option(symbol='NVDA', lastTradeDateOrContractMonth='20270115', strike=189.0, right='P', exchange='SMART')
2026-08-25 21:56:08,428 [WARNING] ib_insync.ib: Unknown contract: Option(symbol='NVDA', lastTradeDateOrContractMonth='20270115', strike=191.0, right='P', exchange='SMART')
2026-08-25 21:56:08,428 [WARNING] ib_insync.ib: Unknown contract: Option(symbol='NVDA', lastTradeDateOrContractMonth='20270115', strike=192.0, right='P', exchange='SMART')
2026-08-25 21:56:08,428 [WARNING] ib_insync.ib: Unknown contract: Option(symbol='NVDA', lastTradeDateOrContractMonth='20270115', strike=192.5, right='P', exchange='SMART')
2026-08-25 21:56:08,428 [WARNING] ib_insync.ib: Unknown contract: Option(symbol='NVDA', lastTradeDateOrContractMonth='20270115', strike=193.0, right='P', exchange='SMART')
2026-08-25 21:56:08,428 [WARNING] ib_insync.ib: Unknown contract: Option(symbol='NVDA', lastTradeDateOrContractMonth='20270115', strike=194.0, right='P', exchange='SMART')
2026-08-25 21:56:08,428 [WARNING] ib_insync.ib: Unknown contract: Option(symbol='NVDA', lastTradeDateOrContractMonth='20270115', strike=197.5, right='P', exchange='SMART')
2026-08-25 21:56:08,428 [WARNING] ib_insync.ib: Unknown contract: Option(symbol='NVDA', lastTradeDateOrContractMonth='20270115', strike=202.5, right='P', exchange='SMART')
2026-08-25 21:56:08,428 [WARNING] ib_insync.ib: Unknown contract: Option(symbol='NVDA', lastTradeDateOrContractMonth='20270115', strike=207.5, right='P', exchange='SMART')
2026-08-25 21:56:08,428 [WARNING] ib_insync.ib: Unknown contract: Option(symbol='NVDA', lastTradeDateOrContractMonth='20270115', strike=212.0, right='P', exchange='SMART')
2026-08-25 21:56:08,428 [WARNING] ib_insync.ib: Unknown contract: Option(symbol='NVDA', lastTradeDateOrContractMonth='20270115', strike=212.5, right='P', exchange='SMART')
2026-08-25 21:56:09,712 [ERROR] ib_insync.wrapper: Error 200, reqId 550: No se encuentra definici\u00f3n del activo solicitado, contract: Option(symbol='NVDA', lastTradeDateOrContractMonth='20270219', strike=213.0, right='C', exchange='SMART')
2026-08-25 21:56:09,712 [ERROR] ib_insync.wrapper: Error 200, reqId 551: No se encuentra definici\u00f3n del activo solicitado, contract: Option(symbol='NVDA', lastTradeDateOrContractMonth='20270219', strike=214.0, right='C', exchange='SMART')
2026-08-25 21:56:09,712 [ERROR] ib_insync.wrapper: Error 200, reqId 553: No se encuentra definici\u00f3n del activo solicitado, contract: Option(symbol='NVDA', lastTradeDateOrContractMonth='20270219', strike=216.0, right='C', exchange='SMART')
2026-08-25 21:56:09,748 [ERROR] ib_insync.wrapper: Error 200, reqId 554: No se encuentra definici\u00f3n del activo solicitado, contract: Option(symbol='NVDA', lastTradeDateOrContractMonth='20270219', strike=217.0, right='C', exchange='SMART')
2026-08-25 21:56:09,748 [ERROR] ib_insync.wrapper: Error 200, reqId 555: No se encuentra definici\u00f3n del activo solicitado, contract: Option(symbol='NVDA', lastTradeDateOrContractMonth='20270219', strike=217.5, right='C', exchange='SMART')
2026-08-25 21:56:09,748 [ERROR] ib_insync.wrapper: Error 200, reqId 556: No se encuentra definici\u00f3n del activo solicitado, contract: Option(symbol='NVDA', lastTradeDateOrContractMonth='20270219', strike=218.0, right='C', exchange='SMART')
2026-08-25 21:56:09,748 [ERROR] ib_insync.wrapper: Error 200, reqId 557: No se encuentra definici\u00f3n del activo solicitado, contract: Option(symbol='NVDA', lastTradeDateOrContractMonth='20270219', strike=219.0, right='C', exchange='SMART')
2026-08-25 21:56:09,748 [ERROR] ib_insync.wrapper: Error 200, reqId 559: No se encuentra definici\u00f3n del activo solicitado, contract: Option(symbol='NVDA', lastTradeDateOrContractMonth='20270219', strike=221.0, right='C', exchange='SMART')
2026-08-25 21:56:09,748 [ERROR] ib_insync.wrapper: Error 200, reqId 560: No se encuentra definici\u00f3n del activo solicitado, contract: Option(symbol='NVDA', lastTradeDateOrContractMonth='20270219', strike=222.0, right='C', exchange='SMART')
2026-08-25 21:56:09,796 [ERROR] ib_insync.wrapper: Error 200, reqId 561: No se encuentra definici\u00f3n del activo solicitado, contract: Option(symbol='NVDA', lastTradeDateOrContractMonth='20270219', strike=222.5, right='C', exchange='SMART')
2026-08-25 21:56:09,796 [ERROR] ib_insync.wrapper: Error 200, reqId 562: No se encuentra definici\u00f3n del activo solicitado, contract: Option(symbol='NVDA', lastTradeDateOrContractMonth='20270219', strike=223.0, right='C', exchange='SMART')
2026-08-25 21:56:09,830 [ERROR] ib_insync.wrapper: Error 200, reqId 563: No se encuentra definici\u00f3n del activo solicitado, contract: Option(symbol='NVDA', lastTradeDateOrContractMonth='20270219', strike=224.0, right='C', exchange='SMART')
2026-08-25 21:56:09,830 [ERROR] ib_insync.wrapper: Error 200, reqId 565: No se encuentra definici\u00f3n del activo solicitado, contract: Option(symbol='NVDA', lastTradeDateOrContractMonth='20270219', strike=226.0, right='C', exchange='SMART')
2026-08-25 21:56:09,830 [ERROR] ib_insync.wrapper: Error 200, reqId 566: No se encuentra definici\u00f3n del activo solicitado, contract: Option(symbol='NVDA', lastTradeDateOrContractMonth='20270219', strike=227.0, right='C', exchange='SMART')
2026-08-25 21:56:09,830 [ERROR] ib_insync.wrapper: Error 200, reqId 567: No se encuentra definici\u00f3n del activo solicitado, contract: Option(symbol='NVDA', lastTradeDateOrContractMonth='20270219', strike=227.5, right='C', exchange='SMART')
2026-08-25 21:56:09,830 [ERROR] ib_insync.wrapper: Error 200, reqId 568: No se encuentra definici\u00f3n del activo solicitado, contract: Option(symbol='NVDA', lastTradeDateOrContractMonth='20270219', strike=228.0, right='C', exchange='SMART')
2026-08-25 21:56:09,830 [ERROR] ib_insync.wrapper: Error 200, reqId 570: No se encuentra definici\u00f3n del activo solicitado, contract: Option(symbol='NVDA', lastTradeDateOrContractMonth='20270219', strike=186.0, right='P', exchange='SMART')
2026-08-25 21:56:09,830 [ERROR] ib_insync.wrapper: Error 200, reqId 571: No se encuentra definici\u00f3n del activo solicitado, contract: Option(symbol='NVDA', lastTradeDateOrContractMonth='20270219', strike=187.0, right='P', exchange='SMART')
2026-08-25 21:56:09,830 [ERROR] ib_insync.wrapper: Error 200, reqId 572: No se encuentra definici\u00f3n del activo solicitado, contract: Option(symbol='NVDA', lastTradeDateOrContractMonth='20270219', strike=187.5, right='P', exchange='SMART')
2026-08-25 21:56:09,830 [ERROR] ib_insync.wrapper: Error 200, reqId 573: No se encuentra definici\u00f3n del activo solicitado, contract: Option(symbol='NVDA', lastTradeDateOrContractMonth='20270219', strike=188.0, right='P', exchange='SMART')
2026-08-25 21:56:09,830 [ERROR] ib_insync.wrapper: Error 200, reqId 574: No se encuentra definici\u00f3n del activo solicitado, contract: Option(symbol='NVDA', lastTradeDateOrContractMonth='20270219', strike=189.0, right='P', exchange='SMART')
2026-08-25 21:56:09,830 [ERROR] ib_insync.wrapper: Error 200, reqId 576: No se encuentra definici\u00f3n del activo solicitado, contract: Option(symbol='NVDA', lastTradeDateOrContractMonth='20270219', strike=191.0, right='P', exchange='SMART')
2026-08-25 21:56:09,830 [ERROR] ib_insync.wrapper: Error 200, reqId 577: No se encuentra definici\u00f3n del activo solicitado, contract: Option(symbol='NVDA', lastTradeDateOrContractMonth='20270219', strike=192.0, right='P', exchange='SMART')
2026-08-25 21:56:09,830 [ERROR] ib_insync.wrapper: Error 200, reqId 578: No se encuentra definici\u00f3n del activo solicitado, contract: Option(symbol='NVDA', lastTradeDateOrContractMonth='20270219', strike=192.5, right='P', exchange='SMART')
2026-08-25 21:56:10,009 [ERROR] ib_insync.wrapper: Error 200, reqId 579: No se encuentra definici\u00f3n del activo solicitado, contract: Option(symbol='NVDA', lastTradeDateOrContractMonth='20270219', strike=193.0, right='P', exchange='SMART')
2026-08-25 21:56:10,009 [ERROR] ib_insync.wrapper: Error 200, reqId 580: No se encuentra definici\u00f3n del activo solicitado, contract: Option(symbol='NVDA', lastTradeDateOrContractMonth='20270219', strike=194.0, right='P', exchange='SMART')
2026-08-25 21:56:10,009 [ERROR] ib_insync.wrapper: Error 200, reqId 582: No se encuentra definici\u00f3n del activo solicitado, contract: Option(symbol='NVDA', lastTradeDateOrContractMonth='20270219', strike=197.5, right='P', exchange='SMART')
2026-08-25 21:56:10,144 [ERROR] ib_insync.wrapper: Error 200, reqId 584: No se encuentra definici\u00f3n del activo solicitado, contract: Option(symbol='NVDA', lastTradeDateOrContractMonth='20270219', strike=202.5, right='P', exchange='SMART')
2026-08-25 21:56:10,375 [ERROR] ib_insync.wrapper: Error 200, reqId 586: No se encuentra definici\u00f3n del activo solicitado, contract: Option(symbol='NVDA', lastTradeDateOrContractMonth='20270219', strike=207.5, right='P', exchange='SMART')
2026-08-25 21:56:10,448 [ERROR] ib_insync.wrapper: Error 200, reqId 588: No se encuentra definici\u00f3n del activo solicitado, contract: Option(symbol='NVDA', lastTradeDateOrContractMonth='20270219', strike=212.0, right='P', exchange='SMART')
2026-08-25 21:56:10,578 [ERROR] ib_insync.wrapper: Error 200, reqId 589: No se encuentra definici\u00f3n del activo solicitado, contract: Option(symbol='NVDA', lastTradeDateOrContractMonth='20270219', strike=212.5, right='P', exchange='SMART')
2026-08-25 21:56:10,578 [WARNING] ib_insync.ib: Unknown contract: Option(symbol='NVDA', lastTradeDateOrContractMonth='20270219', strike=213.0, right='C', exchange='SMART')
2026-08-25 21:56:10,578 [WARNING] ib_insync.ib: Unknown contract: Option(symbol='NVDA', lastTradeDateOrContractMonth='20270219', strike=214.0, right='C', exchange='SMART')
2026-08-25 21:56:10,578 [WARNING] ib_insync.ib: Unknown contract: Option(symbol='NVDA', lastTradeDateOrContractMonth='20270219', strike=216.0, right='C', exchange='SMART')
2026-08-25 21:56:10,578 [WARNING] ib_insync.ib: Unknown contract: Option(symbol='NVDA', lastTradeDateOrContractMonth='20270219', strike=217.0, right='C', exchange='SMART')
2026-08-25 21:56:10,578 [WARNING] ib_insync.ib: Unknown contract: Option(symbol='NVDA', lastTradeDateOrContractMonth='20270219', strike=217.5, right='C', exchange='SMART')
2026-08-25 21:56:10,578 [WARNING] ib_insync.ib: Unknown contract: Option(symbol='NVDA', lastTradeDateOrContractMonth='20270219', strike=218.0, right='C', exchange='SMART')
2026-08-25 21:56:10,578 [WARNING] ib_insync.ib: Unknown contract: Option(symbol='NVDA', lastTradeDateOrContractMonth='20270219', strike=219.0, right='C', exchange='SMART')
2026-08-25 21:56:10,578 [WARNING] ib_insync.ib: Unknown contract: Option(symbol='NVDA', lastTradeDateOrContractMonth='20270219', strike=221.0, right='C', exchange='SMART')
2026-08-25 21:56:10,578 [WARNING] ib_insync.ib: Unknown contract: Option(symbol='NVDA', lastTradeDateOrContractMonth='20270219', strike=222.0, right='C', exchange='SMART')
2026-08-25 21:56:10,578 [WARNING] ib_insync.ib: Unknown contract: Option(symbol='NVDA', lastTradeDateOrContractMonth='20270219', strike=222.5, right='C', exchange='SMART')
2026-08-25 21:56:10,578 [WARNING] ib_insync.ib: Unknown contract: Option(symbol='NVDA', lastTradeDateOrContractMonth='20270219', strike=223.0, right='C', exchange='SMART')
2026-08-25 21:56:10,578 [WARNING] ib_insync.ib: Unknown contract: Option(symbol='NVDA', lastTradeDateOrContractMonth='20270219', strike=224.0, right='C', exchange='SMART')
2026-08-25 21:56:10,578 [WARNING] ib_insync.ib: Unknown contract: Option(symbol='NVDA', lastTradeDateOrContractMonth='20270219', strike=226.0, right='C', exchange='SMART')
2026-08-25 21:56:10,578 [WARNING] ib_insync.ib: Unknown contract: Option(symbol='NVDA', lastTradeDateOrContractMonth='20270219', strike=227.0, right='C', exchange='SMART')
2026-08-25 21:56:10,578 [WARNING] ib_insync.ib: Unknown contract: Option(symbol='NVDA', lastTradeDateOrContractMonth='20270219', strike=227.5, right='C', exchange='SMART')
2026-08-25 21:56:10,578 [WARNING] ib_insync.ib: Unknown contract: Option(symbol='NVDA', lastTradeDateOrContractMonth='20270219', strike=228.0, right='C', exchange='SMART')
2026-08-25 21:56:10,578 [WARNING] ib_insync.ib: Unknown contract: Option(symbol='NVDA', lastTradeDateOrContractMonth='20270219', strike=186.0, right='P', exchange='SMART')
2026-08-25 21:56:10,578 [WARNING] ib_insync.ib: Unknown contract: Option(symbol='NVDA', lastTradeDateOrContractMonth='20270219', strike=187.0, right='P', exchange='SMART')
2026-08-25 21:56:10,578 [WARNING] ib_insync.ib: Unknown contract: Option(symbol='NVDA', lastTradeDateOrContractMonth='20270219', strike=187.5, right='P', exchange='SMART')
2026-08-25 21:56:10,578 [WARNING] ib_insync.ib: Unknown contract: Option(symbol='NVDA', lastTradeDateOrContractMonth='20270219', strike=188.0, right='P', exchange='SMART')
2026-08-25 21:56:10,578 [WARNING] ib_insync.ib: Unknown contract: Option(symbol='NVDA', lastTradeDateOrContractMonth='20270219', strike=189.0, right='P', exchange='SMART')
2026-08-25 21:56:10,578 [WARNING] ib_insync.ib: Unknown contract: Option(symbol='NVDA', lastTradeDateOrContractMonth='20270219', strike=191.0, right='P', exchange='SMART')
2026-08-25 21:56:10,578 [WARNING] ib_insync.ib: Unknown contract: Option(symbol='NVDA', lastTradeDateOrContractMonth='20270219', strike=192.0, right='P', exchange='SMART')
2026-08-25 21:56:10,578 [WARNING] ib_insync.ib: Unknown contract: Option(symbol='NVDA', lastTradeDateOrContractMonth='20270219', strike=192.5, right='P', exchange='SMART')
2026-08-25 21:56:10,578 [WARNING] ib_insync.ib: Unknown contract: Option(symbol='NVDA', lastTradeDateOrContractMonth='20270219', strike=193.0, right='P', exchange='SMART')
2026-08-25 21:56:10,578 [WARNING] ib_insync.ib: Unknown contract: Option(symbol='NVDA', lastTradeDateOrContractMonth='20270219', strike=194.0, right='P', exchange='SMART')
2026-08-25 21:56:10,578 [WARNING] ib_insync.ib: Unknown contract: Option(symbol='NVDA', lastTradeDateOrContractMonth='20270219', strike=197.5, right='P', exchange='SMART')
2026-08-25 21:56:10,578 [WARNING] ib_insync.ib: Unknown contract: Option(symbol='NVDA', lastTradeDateOrContractMonth='20270219', strike=202.5, right='P', exchange='SMART')
2026-08-25 21:56:10,578 [WARNING] ib_insync.ib: Unknown contract: Option(symbol='NVDA', lastTradeDateOrContractMonth='20270219', strike=207.5, right='P', exchange='SMART')
2026-08-25 21:56:10,578 [WARNING] ib_insync.ib: Unknown contract: Option(symbol='NVDA', lastTradeDateOrContractMonth='20270219', strike=212.0, right='P', exchange='SMART')
2026-08-25 21:56:10,578 [WARNING] ib_insync.ib: Unknown contract: Option(symbol='NVDA', lastTradeDateOrContractMonth='20270219', strike=212.5, right='P', exchange='SMART')
2026-08-25 21:56:10,950 [ERROR] ib_insync.wrapper: Error 200, reqId 599: No se encuentra definici\u00f3n del activo solicitado, contract: Option(symbol='NVDA', lastTradeDateOrContractMonth='20270319', strike=213.0, right='C', exchange='SMART')
2026-08-25 21:56:11,222 [ERROR] ib_insync.wrapper: Error 200, reqId 600: No se encuentra definici\u00f3n del activo solicitado, contract: Option(symbol='NVDA', lastTradeDateOrContractMonth='20270319', strike=214.0, right='C', exchange='SMART')
2026-08-25 21:56:11,520 [ERROR] ib_insync.wrapper: Error 200, reqId 602: No se encuentra definici\u00f3n del activo solicitado, contract: Option(symbol='NVDA', lastTradeDateOrContractMonth='20270319', strike=216.0, right='C', exchange='SMART')
2026-08-25 21:56:11,612 [ERROR] ib_insync.wrapper: Error 200, reqId 603: No se encuentra definici\u00f3n del activo solicitado, contract: Option(symbol='NVDA', lastTradeDateOrContractMonth='20270319', strike=217.0, right='C', exchange='SMART')
2026-08-25 21:56:11,678 [ERROR] ib_insync.wrapper: Error 200, reqId 604: No se encuentra definici\u00f3n del activo solicitado, contract: Option(symbol='NVDA', lastTradeDateOrContractMonth='20270319', strike=217.5, right='C', exchange='SMART')
2026-08-25 21:56:11,755 [ERROR] ib_insync.wrapper: Error 200, reqId 605: No se encuentra definici\u00f3n del activo solicitado, contract: Option(symbol='NVDA', lastTradeDateOrContractMonth='20270319', strike=218.0, right='C', exchange='SMART')
2026-08-25 21:56:11,756 [ERROR] ib_insync.wrapper: Error 200, reqId 606: No se encuentra definici\u00f3n del activo solicitado, contract: Option(symbol='NVDA', lastTradeDateOrContractMonth='20270319', strike=219.0, right='C', exchange='SMART')
2026-08-25 21:56:11,766 [ERROR] ib_insync.wrapper: Error 200, reqId 608: No se encuentra definici\u00f3n del activo solicitado, contract: Option(symbol='NVDA', lastTradeDateOrContractMonth='20270319', strike=221.0, right='C', exchange='SMART')
2026-08-25 21:56:11,779 [ERROR] ib_insync.wrapper: Error 200, reqId 609: No se encuentra definici\u00f3n del activo solicitado, contract: Option(symbol='NVDA', lastTradeDateOrContractMonth='20270319', strike=222.0, right='C', exchange='SMART')
2026-08-25 21:56:11,779 [ERROR] ib_insync.wrapper: Error 200, reqId 610: No se encuentra definici\u00f3n del activo solicitado, contract: Option(symbol='NVDA', lastTradeDateOrContractMonth='20270319', strike=222.5, right='C', exchange='SMART')
2026-08-25 21:56:11,779 [ERROR] ib_insync.wrapper: Error 200, reqId 611: No se encuentra definici\u00f3n del activo solicitado, contract: Option(symbol='NVDA', lastTradeDateOrContractMonth='20270319', strike=223.0, right='C', exchange='SMART')
2026-08-25 21:56:11,779 [ERROR] ib_insync.wrapper: Error 200, reqId 612: No se encuentra definici\u00f3n del activo solicitado, contract: Option(symbol='NVDA', lastTradeDateOrContractMonth='20270319', strike=224.0, right='C', exchange='SMART')
2026-08-25 21:56:11,779 [ERROR] ib_insync.wrapper: Error 200, reqId 614: No se encuentra definici\u00f3n del activo solicitado, contract: Option(symbol='NVDA', lastTradeDateOrContractMonth='20270319', strike=226.0, right='C', exchange='SMART')
2026-08-25 21:56:11,779 [ERROR] ib_insync.wrapper: Error 200, reqId 615: No se encuentra definici\u00f3n del activo solicitado, contract: Option(symbol='NVDA', lastTradeDateOrContractMonth='20270319', strike=227.0, right='C', exchange='SMART')
2026-08-25 21:56:11,779 [ERROR] ib_insync.wrapper: Error 200, reqId 616: No se encuentra definici\u00f3n del activo solicitado, contract: Option(symbol='NVDA', lastTradeDateOrContractMonth='20270319', strike=227.5, right='C', exchange='SMART')
2026-08-25 21:56:11,779 [ERROR] ib_insync.wrapper: Error 200, reqId 617: No se encuentra definici\u00f3n del activo solicitado, contract: Option(symbol='NVDA', lastTradeDateOrContractMonth='20270319', strike=228.0, right='C', exchange='SMART')
2026-08-25 21:56:11,823 [ERROR] ib_insync.wrapper: Error 200, reqId 619: No se encuentra definici\u00f3n del activo solicitado, contract: Option(symbol='NVDA', lastTradeDateOrContractMonth='20270319', strike=186.0, right='P', exchange='SMART')
2026-08-25 21:56:11,893 [ERROR] ib_insync.wrapper: Error 200, reqId 620: No se encuentra definici\u00f3n del activo solicitado, contract: Option(symbol='NVDA', lastTradeDateOrContractMonth='20270319', strike=187.0, right='P', exchange='SMART')
2026-08-25 21:56:11,893 [ERROR] ib_insync.wrapper: Error 200, reqId 621: No se encuentra definici\u00f3n del activo solicitado, contract: Option(symbol='NVDA', lastTradeDateOrContractMonth='20270319', strike=187.5, right='P', exchange='SMART')
2026-08-25 21:56:11,893 [ERROR] ib_insync.wrapper: Error 200, reqId 622: No se encuentra definici\u00f3n del activo solicitado, contract: Option(symbol='NVDA', lastTradeDateOrContractMonth='20270319', strike=188.0, right='P', exchange='SMART')
2026-08-25 21:56:11,893 [ERROR] ib_insync.wrapper: Error 200, reqId 623: No se encuentra definici\u00f3n del activo solicitado, contract: Option(symbol='NVDA', lastTradeDateOrContractMonth='20270319', strike=189.0, right='P', exchange='SMART')
2026-08-25 21:56:12,023 [ERROR] ib_insync.wrapper: Error 200, reqId 625: No se encuentra definici\u00f3n del activo solicitado, contract: Option(symbol='NVDA', lastTradeDateOrContractMonth='20270319', strike=191.0, right='P', exchange='SMART')
2026-08-25 21:56:12,023 [ERROR] ib_insync.wrapper: Error 200, reqId 626: No se encuentra definici\u00f3n del activo solicitado, contract: Option(symbol='NVDA', lastTradeDateOrContractMonth='20270319', strike=192.0, right='P', exchange='SMART')
2026-08-25 21:56:12,130 [ERROR] ib_insync.wrapper: Error 200, reqId 627: No se encuentra definici\u00f3n del activo solicitado, contract: Option(symbol='NVDA', lastTradeDateOrContractMonth='20270319', strike=192.5, right='P', exchange='SMART')
2026-08-25 21:56:12,130 [ERROR] ib_insync.wrapper: Error 200, reqId 628: No se encuentra definici\u00f3n del activo solicitado, contract: Option(symbol='NVDA', lastTradeDateOrContractMonth='20270319', strike=193.0, right='P', exchange='SMART')
2026-08-25 21:56:12,130 [ERROR] ib_insync.wrapper: Error 200, reqId 629: No se encuentra definici\u00f3n del activo solicitado, contract: Option(symbol='NVDA', lastTradeDateOrContractMonth='20270319', strike=194.0, right='P', exchange='SMART')
2026-08-25 21:56:12,154 [ERROR] ib_insync.wrapper: Error 200, reqId 631: No se encuentra definici\u00f3n del activo solicitado, contract: Option(symbol='NVDA', lastTradeDateOrContractMonth='20270319', strike=197.5, right='P', exchange='SMART')
2026-08-25 21:56:12,198 [ERROR] ib_insync.wrapper: Error 200, reqId 633: No se encuentra definici\u00f3n del activo solicitado, contract: Option(symbol='NVDA', lastTradeDateOrContractMonth='20270319', strike=202.5, right='P', exchange='SMART')
2026-08-25 21:56:12,581 [ERROR] ib_insync.wrapper: Error 200, reqId 635: No se encuentra definici\u00f3n del activo solicitado, contract: Option(symbol='NVDA', lastTradeDateOrContractMonth='20270319', strike=207.5, right='P', exchange='SMART')
2026-08-25 21:56:12,581 [ERROR] ib_insync.wrapper: Error 200, reqId 637: No se encuentra definici\u00f3n del activo solicitado, contract: Option(symbol='NVDA', lastTradeDateOrContractMonth='20270319', strike=212.0, right='P', exchange='SMART')
2026-08-25 21:56:12,727 [ERROR] ib_insync.wrapper: Error 200, reqId 638: No se encuentra definici\u00f3n del activo solicitado, contract: Option(symbol='NVDA', lastTradeDateOrContractMonth='20270319', strike=212.5, right='P', exchange='SMART')
2026-08-25 21:56:12,727 [WARNING] ib_insync.ib: Unknown contract: Option(symbol='NVDA', lastTradeDateOrContractMonth='20270319', strike=213.0, right='C', exchange='SMART')
2026-08-25 21:56:12,727 [WARNING] ib_insync.ib: Unknown contract: Option(symbol='NVDA', lastTradeDateOrContractMonth='20270319', strike=214.0, right='C', exchange='SMART')
2026-08-25 21:56:12,727 [WARNING] ib_insync.ib: Unknown contract: Option(symbol='NVDA', lastTradeDateOrContractMonth='20270319', strike=216.0, right='C', exchange='SMART')
2026-08-25 21:56:12,727 [WARNING] ib_insync.ib: Unknown contract: Option(symbol='NVDA', lastTradeDateOrContractMonth='20270319', strike=217.0, right='C', exchange='SMART')
2026-08-25 21:56:12,727 [WARNING] ib_insync.ib: Unknown contract: Option(symbol='NVDA', lastTradeDateOrContractMonth='20270319', strike=217.5, right='C', exchange='SMART')
2026-08-25 21:56:12,727 [WARNING] ib_insync.ib: Unknown contract: Option(symbol='NVDA', lastTradeDateOrContractMonth='20270319', strike=218.0, right='C', exchange='SMART')
2026-08-25 21:56:12,727 [WARNING] ib_insync.ib: Unknown contract: Option(symbol='NVDA', lastTradeDateOrContractMonth='20270319', strike=219.0, right='C', exchange='SMART')
2026-08-25 21:56:12,727 [WARNING] ib_insync.ib: Unknown contract: Option(symbol='NVDA', lastTradeDateOrContractMonth='20270319', strike=221.0, right='C', exchange='SMART')
2026-08-25 21:56:12,727 [WARNING] ib_insync.ib: Unknown contract: Option(symbol='NVDA', lastTradeDateOrContractMonth='20270319', strike=222.0, right='C', exchange='SMART')
2026-08-25 21:56:12,727 [WARNING] ib_insync.ib: Unknown contract: Option(symbol='NVDA', lastTradeDateOrContractMonth='20270319', strike=222.5, right='C', exchange='SMART')
2026-08-25 21:56:12,727 [WARNING] ib_insync.ib: Unknown contract: Option(symbol='NVDA', lastTradeDateOrContractMonth='20270319', strike=223.0, right='C', exchange='SMART')
2026-08-25 21:56:12,727 [WARNING] ib_insync.ib: Unknown contract: Option(symbol='NVDA', lastTradeDateOrContractMonth='20270319', strike=224.0, right='C', exchange='SMART')
2026-08-25 21:56:12,727 [WARNING] ib_insync.ib: Unknown contract: Option(symbol='NVDA', lastTradeDateOrContractMonth='20270319', strike=226.0, right='C', exchange='SMART')
2026-08-25 21:56:12,727 [WARNING] ib_insync.ib: Unknown contract: Option(symbol='NVDA', lastTradeDateOrContractMonth='20270319', strike=227.0, right='C', exchange='SMART')
2026-08-25 21:56:12,727 [WARNING] ib_insync.ib: Unknown contract: Option(symbol='NVDA', lastTradeDateOrContractMonth='20270319', strike=227.5, right='C', exchange='SMART')
2026-08-25 21:56:12,727 [WARNING] ib_insync.ib: Unknown contract: Option(symbol='NVDA', lastTradeDateOrContractMonth='20270319', strike=228.0, right='C', exchange='SMART')
2026-08-25 21:56:12,727 [WARNING] ib_insync.ib: Unknown contract: Option(symbol='NVDA', lastTradeDateOrContractMonth='20270319', strike=186.0, right='P', exchange='SMART')
2026-08-25 21:56:12,727 [WARNING] ib_insync.ib: Unknown contract: Option(symbol='NVDA', lastTradeDateOrContractMonth='20270319', strike=187.0, right='P', exchange='SMART')
2026-08-25 21:56:12,727 [WARNING] ib_insync.ib: Unknown contract: Option(symbol='NVDA', lastTradeDateOrContractMonth='20270319', strike=187.5, right='P', exchange='SMART')
2026-08-25 21:56:12,727 [WARNING] ib_insync.ib: Unknown contract: Option(symbol='NVDA', lastTradeDateOrContractMonth='20270319', strike=188.0, right='P', exchange='SMART')
2026-08-25 21:56:12,727 [WARNING] ib_insync.ib: Unknown contract: Option(symbol='NVDA', lastTradeDateOrContractMonth='20270319', strike=189.0, right='P', exchange='SMART')
2026-08-25 21:56:12,727 [WARNING] ib_insync.ib: Unknown contract: Option(symbol='NVDA', lastTradeDateOrContractMonth='20270319', strike=191.0, right='P', exchange='SMART')
2026-08-25 21:56:12,727 [WARNING] ib_insync.ib: Unknown contract: Option(symbol='NVDA', lastTradeDateOrContractMonth='20270319', strike=192.0, right='P', exchange='SMART')
2026-08-25 21:56:12,727 [WARNING] ib_insync.ib: Unknown contract: Option(symbol='NVDA', lastTradeDateOrContractMonth='20270319', strike=192.5, right='P', exchange='SMART')
2026-08-25 21:56:12,727 [WARNING] ib_insync.ib: Unknown contract: Option(symbol='NVDA', lastTradeDateOrContractMonth='20270319', strike=193.0, right='P', exchange='SMART')
2026-08-25 21:56:12,727 [WARNING] ib_insync.ib: Unknown contract: Option(symbol='NVDA', lastTradeDateOrContractMonth='20270319', strike=194.0, right='P', exchange='SMART')
2026-08-25 21:56:12,727 [WARNING] ib_insync.ib: Unknown contract: Option(symbol='NVDA', lastTradeDateOrContractMonth='20270319', strike=197.5, right='P', exchange='SMART')
2026-08-25 21:56:12,727 [WARNING] ib_insync.ib: Unknown contract: Option(symbol='NVDA', lastTradeDateOrContractMonth='20270319', strike=202.5, right='P', exchange='SMART')
2026-08-25 21:56:12,727 [WARNING] ib_insync.ib: Unknown contract: Option(symbol='NVDA', lastTradeDateOrContractMonth='20270319', strike=207.5, right='P', exchange='SMART')
2026-08-25 21:56:12,727 [WARNING] ib_insync.ib: Unknown contract: Option(symbol='NVDA', lastTradeDateOrContractMonth='20270319', strike=212.0, right='P', exchange='SMART')
2026-08-25 21:56:12,727 [WARNING] ib_insync.ib: Unknown contract: Option(symbol='NVDA', lastTradeDateOrContractMonth='20270319', strike=212.5, right='P', exchange='SMART')
2026-08-25 21:56:13,234 [ERROR] ib_insync.wrapper: Error 200, reqId 648: No se encuentra definici\u00f3n del activo solicitado, contract: Option(symbol='NVDA', lastTradeDateOrContractMonth='20270617', strike=213.0, right='C', exchange='SMART')
2026-08-25 21:56:13,439 [ERROR] ib_insync.wrapper: Error 200, reqId 649: No se encuentra definici\u00f3n del activo solicitado, contract: Option(symbol='NVDA', lastTradeDateOrContractMonth='20270617', strike=214.0, right='C', exchange='SMART')
2026-08-25 21:56:13,662 [ERROR] ib_insync.wrapper: Error 200, reqId 651: No se encuentra definici\u00f3n del activo solicitado, contract: Option(symbol='NVDA', lastTradeDateOrContractMonth='20270617', strike=216.0, right='C', exchange='SMART')
2026-08-25 21:56:13,763 [ERROR] ib_insync.wrapper: Error 200, reqId 652: No se encuentra definici\u00f3n del activo solicitado, contract: Option(symbol='NVDA', lastTradeDateOrContractMonth='20270617', strike=217.0, right='C', exchange='SMART')
2026-08-25 21:56:13,820 [ERROR] ib_insync.wrapper: Error 200, reqId 653: No se encuentra definici\u00f3n del activo solicitado, contract: Option(symbol='NVDA', lastTradeDateOrContractMonth='20270617', strike=217.5, right='C', exchange='SMART')
2026-08-25 21:56:13,913 [ERROR] ib_insync.wrapper: Error 200, reqId 654: No se encuentra definici\u00f3n del activo solicitado, contract: Option(symbol='NVDA', lastTradeDateOrContractMonth='20270617', strike=218.0, right='C', exchange='SMART')
2026-08-25 21:56:13,913 [ERROR] ib_insync.wrapper: Error 200, reqId 655: No se encuentra definici\u00f3n del activo solicitado, contract: Option(symbol='NVDA', lastTradeDateOrContractMonth='20270617', strike=219.0, right='C', exchange='SMART')
2026-08-25 21:56:13,967 [ERROR] ib_insync.wrapper: Error 200, reqId 657: No se encuentra definici\u00f3n del activo solicitado, contract: Option(symbol='NVDA', lastTradeDateOrContractMonth='20270617', strike=221.0, right='C', exchange='SMART')
2026-08-25 21:56:13,983 [ERROR] ib_insync.wrapper: Error 200, reqId 658: No se encuentra definici\u00f3n del activo solicitado, contract: Option(symbol='NVDA', lastTradeDateOrContractMonth='20270617', strike=222.0, right='C', exchange='SMART')
2026-08-25 21:56:13,983 [ERROR] ib_insync.wrapper: Error 200, reqId 659: No se encuentra definici\u00f3n del activo solicitado, contract: Option(symbol='NVDA', lastTradeDateOrContractMonth='20270617', strike=222.5, right='C', exchange='SMART')
2026-08-25 21:56:13,999 [ERROR] ib_insync.wrapper: Error 200, reqId 660: No se encuentra definici\u00f3n del activo solicitado, contract: Option(symbol='NVDA', lastTradeDateOrContractMonth='20270617', strike=223.0, right='C', exchange='SMART')
2026-08-25 21:56:13,999 [ERROR] ib_insync.wrapper: Error 200, reqId 661: No se encuentra definici\u00f3n del activo solicitado, contract: Option(symbol='NVDA', lastTradeDateOrContractMonth='20270617', strike=224.0, right='C', exchange='SMART')
2026-08-25 21:56:13,999 [ERROR] ib_insync.wrapper: Error 200, reqId 663: No se encuentra definici\u00f3n del activo solicitado, contract: Option(symbol='NVDA', lastTradeDateOrContractMonth='20270617', strike=226.0, right='C', exchange='SMART')
2026-08-25 21:56:14,000 [ERROR] ib_insync.wrapper: Error 200, reqId 664: No se encuentra definici\u00f3n del activo solicitado, contract: Option(symbol='NVDA', lastTradeDateOrContractMonth='20270617', strike=227.0, right='C', exchange='SMART')
2026-08-25 21:56:14,046 [ERROR] ib_insync.wrapper: Error 200, reqId 665: No se encuentra definici\u00f3n del activo solicitado, contract: Option(symbol='NVDA', lastTradeDateOrContractMonth='20270617', strike=227.5, right='C', exchange='SMART')
2026-08-25 21:56:14,047 [ERROR] ib_insync.wrapper: Error 200, reqId 666: No se encuentra definici\u00f3n del activo solicitado, contract: Option(symbol='NVDA', lastTradeDateOrContractMonth='20270617', strike=228.0, right='C', exchange='SMART')
2026-08-25 21:56:14,047 [ERROR] ib_insync.wrapper: Error 200, reqId 668: No se encuentra definici\u00f3n del activo solicitado, contract: Option(symbol='NVDA', lastTradeDateOrContractMonth='20270617', strike=186.0, right='P', exchange='SMART')
2026-08-25 21:56:14,047 [ERROR] ib_insync.wrapper: Error 200, reqId 669: No se encuentra definici\u00f3n del activo solicitado, contract: Option(symbol='NVDA', lastTradeDateOrContractMonth='20270617', strike=187.0, right='P', exchange='SMART')
2026-08-25 21:56:14,047 [ERROR] ib_insync.wrapper: Error 200, reqId 670: No se encuentra definici\u00f3n del activo solicitado, contract: Option(symbol='NVDA', lastTradeDateOrContractMonth='20270617', strike=187.5, right='P', exchange='SMART')
2026-08-25 21:56:14,047 [ERROR] ib_insync.wrapper: Error 200, reqId 671: No se encuentra definici\u00f3n del activo solicitado, contract: Option(symbol='NVDA', lastTradeDateOrContractMonth='20270617', strike=188.0, right='P', exchange='SMART')
2026-08-25 21:56:14,080 [ERROR] ib_insync.wrapper: Error 200, reqId 672: No se encuentra definici\u00f3n del activo solicitado, contract: Option(symbol='NVDA', lastTradeDateOrContractMonth='20270617', strike=189.0, right='P', exchange='SMART')
2026-08-25 21:56:14,080 [ERROR] ib_insync.wrapper: Error 200, reqId 674: No se encuentra definici\u00f3n del activo solicitado, contract: Option(symbol='NVDA', lastTradeDateOrContractMonth='20270617', strike=191.0, right='P', exchange='SMART')
2026-08-25 21:56:14,080 [ERROR] ib_insync.wrapper: Error 200, reqId 675: No se encuentra definici\u00f3n del activo solicitado, contract: Option(symbol='NVDA', lastTradeDateOrContractMonth='20270617', strike=192.0, right='P', exchange='SMART')
2026-08-25 21:56:14,080 [ERROR] ib_insync.wrapper: Error 200, reqId 676: No se encuentra definici\u00f3n del activo solicitado, contract: Option(symbol='NVDA', lastTradeDateOrContractMonth='20270617', strike=192.5, right='P', exchange='SMART')
2026-08-25 21:56:14,275 [ERROR] ib_insync.wrapper: Error 200, reqId 677: No se encuentra definici\u00f3n del activo solicitado, contract: Option(symbol='NVDA', lastTradeDateOrContractMonth='20270617', strike=193.0, right='P', exchange='SMART')
2026-08-25 21:56:14,275 [ERROR] ib_insync.wrapper: Error 200, reqId 678: No se encuentra definici\u00f3n del activo solicitado, contract: Option(symbol='NVDA', lastTradeDateOrContractMonth='20270617', strike=194.0, right='P', exchange='SMART')
2026-08-25 21:56:14,364 [ERROR] ib_insync.wrapper: Error 200, reqId 680: No se encuentra definici\u00f3n del activo solicitado, contract: Option(symbol='NVDA', lastTradeDateOrContractMonth='20270617', strike=197.5, right='P', exchange='SMART')
2026-08-25 21:56:14,448 [ERROR] ib_insync.wrapper: Error 200, reqId 682: No se encuentra definici\u00f3n del activo solicitado, contract: Option(symbol='NVDA', lastTradeDateOrContractMonth='20270617', strike=202.5, right='P', exchange='SMART')
2026-08-25 21:56:14,738 [ERROR] ib_insync.wrapper: Error 200, reqId 684: No se encuentra definici\u00f3n del activo solicitado, contract: Option(symbol='NVDA', lastTradeDateOrContractMonth='20270617', strike=207.5, right='P', exchange='SMART')
2026-08-25 21:56:14,806 [ERROR] ib_insync.wrapper: Error 200, reqId 686: No se encuentra definici\u00f3n del activo solicitado, contract: Option(symbol='NVDA', lastTradeDateOrContractMonth='20270617', strike=212.0, right='P', exchange='SMART')
2026-08-25 21:56:14,914 [ERROR] ib_insync.wrapper: Error 200, reqId 687: No se encuentra definici\u00f3n del activo solicitado, contract: Option(symbol='NVDA', lastTradeDateOrContractMonth='20270617', strike=212.5, right='P', exchange='SMART')
2026-08-25 21:56:14,914 [WARNING] ib_insync.ib: Unknown contract: Option(symbol='NVDA', lastTradeDateOrContractMonth='20270617', strike=213.0, right='C', exchange='SMART')
2026-08-25 21:56:14,914 [WARNING] ib_insync.ib: Unknown contract: Option(symbol='NVDA', lastTradeDateOrContractMonth='20270617', strike=214.0, right='C', exchange='SMART')
2026-08-25 21:56:14,916 [WARNING] ib_insync.ib: Unknown contract: Option(symbol='NVDA', lastTradeDateOrContractMonth='20270617', strike=216.0, right='C', exchange='SMART')
2026-08-25 21:56:14,916 [WARNING] ib_insync.ib: Unknown contract: Option(symbol='NVDA', lastTradeDateOrContractMonth='20270617', strike=217.0, right='C', exchange='SMART')
2026-08-25 21:56:14,916 [WARNING] ib_insync.ib: Unknown contract: Option(symbol='NVDA', lastTradeDateOrContractMonth='20270617', strike=217.5, right='C', exchange='SMART')
2026-08-25 21:56:14,916 [WARNING] ib_insync.ib: Unknown contract: Option(symbol='NVDA', lastTradeDateOrContractMonth='20270617', strike=218.0, right='C', exchange='SMART')
2026-08-25 21:56:14,916 [WARNING] ib_insync.ib: Unknown contract: Option(symbol='NVDA', lastTradeDateOrContractMonth='20270617', strike=219.0, right='C', exchange='SMART')
2026-08-25 21:56:14,916 [WARNING] ib_insync.ib: Unknown contract: Option(symbol='NVDA', lastTradeDateOrContractMonth='20270617', strike=221.0, right='C', exchange='SMART')
2026-08-25 21:56:14,916 [WARNING] ib_insync.ib: Unknown contract: Option(symbol='NVDA', lastTradeDateOrContractMonth='20270617', strike=222.0, right='C', exchange='SMART')
2026-08-25 21:56:14,916 [WARNING] ib_insync.ib: Unknown contract: Option(symbol='NVDA', lastTradeDateOrContractMonth='20270617', strike=222.5, right='C', exchange='SMART')
2026-08-25 21:56:14,916 [WARNING] ib_insync.ib: Unknown contract: Option(symbol='NVDA', lastTradeDateOrContractMonth='20270617', strike=223.0, right='C', exchange='SMART')
2026-08-25 21:56:14,916 [WARNING] ib_insync.ib: Unknown contract: Option(symbol='NVDA', lastTradeDateOrContractMonth='20270617', strike=224.0, right='C', exchange='SMART')
2026-08-25 21:56:14,916 [WARNING] ib_insync.ib: Unknown contract: Option(symbol='NVDA', lastTradeDateOrContractMonth='20270617', strike=226.0, right='C', exchange='SMART')
2026-08-25 21:56:14,916 [WARNING] ib_insync.ib: Unknown contract: Option(symbol='NVDA', lastTradeDateOrContractMonth='20270617', strike=227.0, right='C', exchange='SMART')
2026-08-25 21:56:14,916 [WARNING] ib_insync.ib: Unknown contract: Option(symbol='NVDA', lastTradeDateOrContractMonth='20270617', strike=227.5, right='C', exchange='SMART')
2026-08-25 21:56:14,916 [WARNING] ib_insync.ib: Unknown contract: Option(symbol='NVDA', lastTradeDateOrContractMonth='20270617', strike=228.0, right='C', exchange='SMART')
2026-08-25 21:56:14,916 [WARNING] ib_insync.ib: Unknown contract: Option(symbol='NVDA', lastTradeDateOrContractMonth='20270617', strike=186.0, right='P', exchange='SMART')
2026-08-25 21:56:14,918 [WARNING] ib_insync.ib: Unknown contract: Option(symbol='NVDA', lastTradeDateOrContractMonth='20270617', strike=187.0, right='P', exchange='SMART')
2026-08-25 21:56:14,918 [WARNING] ib_insync.ib: Unknown contract: Option(symbol='NVDA', lastTradeDateOrContractMonth='20270617', strike=187.5, right='P', exchange='SMART')
2026-08-25 21:56:14,918 [WARNING] ib_insync.ib: Unknown contract: Option(symbol='NVDA', lastTradeDateOrContractMonth='20270617', strike=188.0, right='P', exchange='SMART')
2026-08-25 21:56:14,918 [WARNING] ib_insync.ib: Unknown contract: Option(symbol='NVDA', lastTradeDateOrContractMonth='20270617', strike=189.0, right='P', exchange='SMART')
2026-08-25 21:56:14,918 [WARNING] ib_insync.ib: Unknown contract: Option(symbol='NVDA', lastTradeDateOrContractMonth='20270617', strike=191.0, right='P', exchange='SMART')
2026-08-25 21:56:14,918 [WARNING] ib_insync.ib: Unknown contract: Option(symbol='NVDA', lastTradeDateOrContractMonth='20270617', strike=192.0, right='P', exchange='SMART')
2026-08-25 21:56:14,918 [WARNING] ib_insync.ib: Unknown contract: Option(symbol='NVDA', lastTradeDateOrContractMonth='20270617', strike=192.5, right='P', exchange='SMART')
2026-08-25 21:56:14,918 [WARNING] ib_insync.ib: Unknown contract: Option(symbol='NVDA', lastTradeDateOrContractMonth='20270617', strike=193.0, right='P', exchange='SMART')
2026-08-25 21:56:14,918 [WARNING] ib_insync.ib: Unknown contract: Option(symbol='NVDA', lastTradeDateOrContractMonth='20270617', strike=194.0, right='P', exchange='SMART')
2026-08-25 21:56:14,918 [WARNING] ib_insync.ib: Unknown contract: Option(symbol='NVDA', lastTradeDateOrContractMonth='20270617', strike=197.5, right='P', exchange='SMART')
2026-08-25 21:56:14,918 [WARNING] ib_insync.ib: Unknown contract: Option(symbol='NVDA', lastTradeDateOrContractMonth='20270617', strike=202.5, right='P', exchange='SMART')
2026-08-25 21:56:14,918 [WARNING] ib_insync.ib: Unknown contract: Option(symbol='NVDA', lastTradeDateOrContractMonth='20270617', strike=207.5, right='P', exchange='SMART')
2026-08-25 21:56:14,918 [WARNING] ib_insync.ib: Unknown contract: Option(symbol='NVDA', lastTradeDateOrContractMonth='20270617', strike=212.0, right='P', exchange='SMART')
2026-08-25 21:56:14,918 [WARNING] ib_insync.ib: Unknown contract: Option(symbol='NVDA', lastTradeDateOrContractMonth='20270617', strike=212.5, right='P', exchange='SMART')
2026-08-25 21:56:15,283 [ERROR] ib_insync.wrapper: Error 200, reqId 697: No se encuentra definici\u00f3n del activo solicitado, contract: Option(symbol='NVDA', lastTradeDateOrContractMonth='20270917', strike=213.0, right='C', exchange='SMART')
2026-08-25 21:56:15,684 [ERROR] ib_insync.wrapper: Error 200, reqId 698: No se encuentra definici\u00f3n del activo solicitado, contract: Option(symbol='NVDA', lastTradeDateOrContractMonth='20270917', strike=214.0, right='C', exchange='SMART')
2026-08-25 21:56:16,317 [ERROR] ib_insync.wrapper: Error 200, reqId 700: No se encuentra definici\u00f3n del activo solicitado, contract: Option(symbol='NVDA', lastTradeDateOrContractMonth='20270917', strike=216.0, right='C', exchange='SMART')
2026-08-25 21:56:16,317 [ERROR] ib_insync.wrapper: Error 200, reqId 701: No se encuentra definici\u00f3n del activo solicitado, contract: Option(symbol='NVDA', lastTradeDateOrContractMonth='20270917', strike=217.0, right='C', exchange='SMART')
2026-08-25 21:56:16,428 [ERROR] ib_insync.wrapper: Error 200, reqId 702: No se encuentra definici\u00f3n del activo solicitado, contract: Option(symbol='NVDA', lastTradeDateOrContractMonth='20270917', strike=217.5, right='C', exchange='SMART')
2026-08-25 21:56:16,428 [ERROR] ib_insync.wrapper: Error 200, reqId 703: No se encuentra definici\u00f3n del activo solicitado, contract: Option(symbol='NVDA', lastTradeDateOrContractMonth='20270917', strike=218.0, right='C', exchange='SMART')
2026-08-25 21:56:16,428 [ERROR] ib_insync.wrapper: Error 200, reqId 704: No se encuentra definici\u00f3n del activo solicitado, contract: Option(symbol='NVDA', lastTradeDateOrContractMonth='20270917', strike=219.0, right='C', exchange='SMART')
2026-08-25 21:56:16,428 [ERROR] ib_insync.wrapper: Error 200, reqId 706: No se encuentra definici\u00f3n del activo solicitado, contract: Option(symbol='NVDA', lastTradeDateOrContractMonth='20270917', strike=221.0, right='C', exchange='SMART')
2026-08-25 21:56:16,428 [ERROR] ib_insync.wrapper: Error 200, reqId 707: No se encuentra definici\u00f3n del activo solicitado, contract: Option(symbol='NVDA', lastTradeDateOrContractMonth='20270917', strike=222.0, right='C', exchange='SMART')
2026-08-25 21:56:16,428 [ERROR] ib_insync.wrapper: Error 200, reqId 708: No se encuentra definici\u00f3n del activo solicitado, contract: Option(symbol='NVDA', lastTradeDateOrContractMonth='20270917', strike=222.5, right='C', exchange='SMART')
2026-08-25 21:56:16,428 [ERROR] ib_insync.wrapper: Error 200, reqId 709: No se encuentra definici\u00f3n del activo solicitado, contract: Option(symbol='NVDA', lastTradeDateOrContractMonth='20270917', strike=223.0, right='C', exchange='SMART')
2026-08-25 21:56:16,428 [ERROR] ib_insync.wrapper: Error 200, reqId 710: No se encuentra definici\u00f3n del activo solicitado, contract: Option(symbol='NVDA', lastTradeDateOrContractMonth='20270917', strike=224.0, right='C', exchange='SMART')
2026-08-25 21:56:16,432 [ERROR] ib_insync.wrapper: Error 200, reqId 712: No se encuentra definici\u00f3n del activo solicitado, contract: Option(symbol='NVDA', lastTradeDateOrContractMonth='20270917', strike=226.0, right='C', exchange='SMART')
2026-08-25 21:56:16,432 [ERROR] ib_insync.wrapper: Error 200, reqId 713: No se encuentra definici\u00f3n del activo solicitado, contract: Option(symbol='NVDA', lastTradeDateOrContractMonth='20270917', strike=227.0, right='C', exchange='SMART')
2026-08-25 21:56:16,436 [ERROR] ib_insync.wrapper: Error 200, reqId 714: No se encuentra definici\u00f3n del activo solicitado, contract: Option(symbol='NVDA', lastTradeDateOrContractMonth='20270917', strike=227.5, right='C', exchange='SMART')
2026-08-25 21:56:16,512 [ERROR] ib_insync.wrapper: Error 200, reqId 715: No se encuentra definici\u00f3n del activo solicitado, contract: Option(symbol='NVDA', lastTradeDateOrContractMonth='20270917', strike=228.0, right='C', exchange='SMART')
2026-08-25 21:56:16,512 [ERROR] ib_insync.wrapper: Error 200, reqId 717: No se encuentra definici\u00f3n del activo solicitado, contract: Option(symbol='NVDA', lastTradeDateOrContractMonth='20270917', strike=186.0, right='P', exchange='SMART')
2026-08-25 21:56:16,512 [ERROR] ib_insync.wrapper: Error 200, reqId 718: No se encuentra definici\u00f3n del activo solicitado, contract: Option(symbol='NVDA', lastTradeDateOrContractMonth='20270917', strike=187.0, right='P', exchange='SMART')
2026-08-25 21:56:16,512 [ERROR] ib_insync.wrapper: Error 200, reqId 719: No se encuentra definici\u00f3n del activo solicitado, contract: Option(symbol='NVDA', lastTradeDateOrContractMonth='20270917', strike=187.5, right='P', exchange='SMART')
2026-08-25 21:56:16,512 [ERROR] ib_insync.wrapper: Error 200, reqId 720: No se encuentra definici\u00f3n del activo solicitado, contract: Option(symbol='NVDA', lastTradeDateOrContractMonth='20270917', strike=188.0, right='P', exchange='SMART')
2026-08-25 21:56:16,512 [ERROR] ib_insync.wrapper: Error 200, reqId 721: No se encuentra definici\u00f3n del activo solicitado, contract: Option(symbol='NVDA', lastTradeDateOrContractMonth='20270917', strike=189.0, right='P', exchange='SMART')
2026-08-25 21:56:16,512 [ERROR] ib_insync.wrapper: Error 200, reqId 723: No se encuentra definici\u00f3n del activo solicitado, contract: Option(symbol='NVDA', lastTradeDateOrContractMonth='20270917', strike=191.0, right='P', exchange='SMART')
2026-08-25 21:56:16,512 [ERROR] ib_insync.wrapper: Error 200, reqId 724: No se encuentra definici\u00f3n del activo solicitado, contract: Option(symbol='NVDA', lastTradeDateOrContractMonth='20270917', strike=192.0, right='P', exchange='SMART')
2026-08-25 21:56:16,512 [ERROR] ib_insync.wrapper: Error 200, reqId 725: No se encuentra definici\u00f3n del activo solicitado, contract: Option(symbol='NVDA', lastTradeDateOrContractMonth='20270917', strike=192.5, right='P', exchange='SMART')
2026-08-25 21:56:16,589 [ERROR] ib_insync.wrapper: Error 200, reqId 726: No se encuentra definici\u00f3n del activo solicitado, contract: Option(symbol='NVDA', lastTradeDateOrContractMonth='20270917', strike=193.0, right='P', exchange='SMART')
2026-08-25 21:56:16,589 [ERROR] ib_insync.wrapper: Error 200, reqId 727: No se encuentra definici\u00f3n del activo solicitado, contract: Option(symbol='NVDA', lastTradeDateOrContractMonth='20270917', strike=194.0, right='P', exchange='SMART')
2026-08-25 21:56:16,596 [ERROR] ib_insync.wrapper: Error 200, reqId 729: No se encuentra definici\u00f3n del activo solicitado, contract: Option(symbol='NVDA', lastTradeDateOrContractMonth='20270917', strike=197.5, right='P', exchange='SMART')
2026-08-25 21:56:16,596 [ERROR] ib_insync.wrapper: Error 200, reqId 731: No se encuentra definici\u00f3n del activo solicitado, contract: Option(symbol='NVDA', lastTradeDateOrContractMonth='20270917', strike=202.5, right='P', exchange='SMART')
2026-08-25 21:56:16,744 [ERROR] ib_insync.wrapper: Error 200, reqId 733: No se encuentra definici\u00f3n del activo solicitado, contract: Option(symbol='NVDA', lastTradeDateOrContractMonth='20270917', strike=207.5, right='P', exchange='SMART')
2026-08-25 21:56:16,976 [ERROR] ib_insync.wrapper: Error 200, reqId 735: No se encuentra definici\u00f3n del activo solicitado, contract: Option(symbol='NVDA', lastTradeDateOrContractMonth='20270917', strike=212.0, right='P', exchange='SMART')
2026-08-25 21:56:17,109 [ERROR] ib_insync.wrapper: Error 200, reqId 736: No se encuentra definici\u00f3n del activo solicitado, contract: Option(symbol='NVDA', lastTradeDateOrContractMonth='20270917', strike=212.5, right='P', exchange='SMART')
2026-08-25 21:56:17,111 [WARNING] ib_insync.ib: Unknown contract: Option(symbol='NVDA', lastTradeDateOrContractMonth='20270917', strike=213.0, right='C', exchange='SMART')
2026-08-25 21:56:17,111 [WARNING] ib_insync.ib: Unknown contract: Option(symbol='NVDA', lastTradeDateOrContractMonth='20270917', strike=214.0, right='C', exchange='SMART')
2026-08-25 21:56:17,111 [WARNING] ib_insync.ib: Unknown contract: Option(symbol='NVDA', lastTradeDateOrContractMonth='20270917', strike=216.0, right='C', exchange='SMART')
2026-08-25 21:56:17,111 [WARNING] ib_insync.ib: Unknown contract: Option(symbol='NVDA', lastTradeDateOrContractMonth='20270917', strike=217.0, right='C', exchange='SMART')
2026-08-25 21:56:17,111 [WARNING] ib_insync.ib: Unknown contract: Option(symbol='NVDA', lastTradeDateOrContractMonth='20270917', strike=217.5, right='C', exchange='SMART')
2026-08-25 21:56:17,111 [WARNING] ib_insync.ib: Unknown contract: Option(symbol='NVDA', lastTradeDateOrContractMonth='20270917', strike=218.0, right='C', exchange='SMART')
2026-08-25 21:56:17,111 [WARNING] ib_insync.ib: Unknown contract: Option(symbol='NVDA', lastTradeDateOrContractMonth='20270917', strike=219.0, right='C', exchange='SMART')
2026-08-25 21:56:17,111 [WARNING] ib_insync.ib: Unknown contract: Option(symbol='NVDA', lastTradeDateOrContractMonth='20270917', strike=221.0, right='C', exchange='SMART')
2026-08-25 21:56:17,111 [WARNING] ib_insync.ib: Unknown contract: Option(symbol='NVDA', lastTradeDateOrContractMonth='20270917', strike=222.0, right='C', exchange='SMART')
2026-08-25 21:56:17,111 [WARNING] ib_insync.ib: Unknown contract: Option(symbol='NVDA', lastTradeDateOrContractMonth='20270917', strike=222.5, right='C', exchange='SMART')
2026-08-25 21:56:17,111 [WARNING] ib_insync.ib: Unknown contract: Option(symbol='NVDA', lastTradeDateOrContractMonth='20270917', strike=223.0, right='C', exchange='SMART')
2026-08-25 21:56:17,111 [WARNING] ib_insync.ib: Unknown contract: Option(symbol='NVDA', lastTradeDateOrContractMonth='20270917', strike=224.0, right='C', exchange='SMART')
2026-08-25 21:56:17,111 [WARNING] ib_insync.ib: Unknown contract: Option(symbol='NVDA', lastTradeDateOrContractMonth='20270917', strike=226.0, right='C', exchange='SMART')
2026-08-25 21:56:17,111 [WARNING] ib_insync.ib: Unknown contract: Option(symbol='NVDA', lastTradeDateOrContractMonth='20270917', strike=227.0, right='C', exchange='SMART')
2026-08-25 21:56:17,111 [WARNING] ib_insync.ib: Unknown contract: Option(symbol='NVDA', lastTradeDateOrContractMonth='20270917', strike=227.5, right='C', exchange='SMART')
2026-08-25 21:56:17,111 [WARNING] ib_insync.ib: Unknown contract: Option(symbol='NVDA', lastTradeDateOrContractMonth='20270917', strike=228.0, right='C', exchange='SMART')
2026-08-25 21:56:17,111 [WARNING] ib_insync.ib: Unknown contract: Option(symbol='NVDA', lastTradeDateOrContractMonth='20270917', strike=186.0, right='P', exchange='SMART')
2026-08-25 21:56:17,111 [WARNING] ib_insync.ib: Unknown contract: Option(symbol='NVDA', lastTradeDateOrContractMonth='20270917', strike=187.0, right='P', exchange='SMART')
2026-08-25 21:56:17,111 [WARNING] ib_insync.ib: Unknown contract: Option(symbol='NVDA', lastTradeDateOrContractMonth='20270917', strike=187.5, right='P', exchange='SMART')
2026-08-25 21:56:17,111 [WARNING] ib_insync.ib: Unknown contract: Option(symbol='NVDA', lastTradeDateOrContractMonth='20270917', strike=188.0, right='P', exchange='SMART')
2026-08-25 21:56:17,111 [WARNING] ib_insync.ib: Unknown contract: Option(symbol='NVDA', lastTradeDateOrContractMonth='20270917', strike=189.0, right='P', exchange='SMART')
2026-08-25 21:56:17,111 [WARNING] ib_insync.ib: Unknown contract: Option(symbol='NVDA', lastTradeDateOrContractMonth='20270917', strike=191.0, right='P', exchange='SMART')
2026-08-25 21:56:17,111 [WARNING] ib_insync.ib: Unknown contract: Option(symbol='NVDA', lastTradeDateOrContractMonth='20270917', strike=192.0, right='P', exchange='SMART')
2026-08-25 21:56:17,111 [WARNING] ib_insync.ib: Unknown contract: Option(symbol='NVDA', lastTradeDateOrContractMonth='20270917', strike=192.5, right='P', exchange='SMART')
2026-08-25 21:56:17,111 [WARNING] ib_insync.ib: Unknown contract: Option(symbol='NVDA', lastTradeDateOrContractMonth='20270917', strike=193.0, right='P', exchange='SMART')
2026-08-25 21:56:17,111 [WARNING] ib_insync.ib: Unknown contract: Option(symbol='NVDA', lastTradeDateOrContractMonth='20270917', strike=194.0, right='P', exchange='SMART')
2026-08-25 21:56:17,111 [WARNING] ib_insync.ib: Unknown contract: Option(symbol='NVDA', lastTradeDateOrContractMonth='20270917', strike=197.5, right='P', exchange='SMART')
2026-08-25 21:56:17,111 [WARNING] ib_insync.ib: Unknown contract: Option(symbol='NVDA', lastTradeDateOrContractMonth='20270917', strike=202.5, right='P', exchange='SMART')
2026-08-25 21:56:17,111 [WARNING] ib_insync.ib: Unknown contract: Option(symbol='NVDA', lastTradeDateOrContractMonth='20270917', strike=207.5, right='P', exchange='SMART')
2026-08-25 21:56:17,111 [WARNING] ib_insync.ib: Unknown contract: Option(symbol='NVDA', lastTradeDateOrContractMonth='20270917', strike=212.0, right='P', exchange='SMART')
2026-08-25 21:56:17,111 [WARNING] ib_insync.ib: Unknown contract: Option(symbol='NVDA', lastTradeDateOrContractMonth='20270917', strike=212.5, right='P', exchange='SMART')
2026-08-25 21:56:17,357 [INFO] radar_engine: SSVI fit -> rho=-0.3555, eta=1.4720, gamma=0.0000 (points=163, theta range=[0.00754, 0.13035])
2026-08-25 21:56:18,579 [INFO] radar_engine: SSVI fit -> rho=-0.4495, eta=1.3748, gamma=0.0000 (points=169, theta range=[0.00756, 0.17186])
2026-08-25 21:56:19,412 [INFO] radar_engine: SSVI fit -> rho=-0.4678, eta=1.3602, gamma=0.0000 (points=171, theta range=[0.00760, 0.17177])
2026-08-25 21:56:20,336 [INFO] radar_engine: SSVI fit -> rho=-0.4725, eta=1.3552, gamma=0.0000 (points=171, theta range=[0.00761, 0.17174])
2026-08-25 21:56:21,136 [INFO] radar_engine: SSVI fit -> rho=-0.4462, eta=1.3825, gamma=0.0000 (points=171, theta range=[0.00760, 0.17177])
2026-08-25 21:56:22,094 [INFO] radar_engine: SSVI fit -> rho=-0.4552, eta=1.3714, gamma=0.0000 (points=171, theta range=[0.00760, 0.17177])
2026-08-25 21:56:22,913 [INFO] radar_engine: SSVI fit -> rho=-0.4526, eta=1.3686, gamma=0.0000 (points=171, theta range=[0.00760, 0.17180])
2026-08-25 21:56:23,798 [INFO] radar_engine: SSVI fit -> rho=-0.4418, eta=1.3802, gamma=0.0000 (points=171, theta range=[0.00759, 0.17186])
2026-08-25 21:56:24,637 [INFO] radar_engine: SSVI fit -> rho=-0.3973, eta=1.4303, gamma=0.0000 (points=172, theta range=[0.00756, 0.17200])
2026-08-25 21:56:25,473 [INFO] radar_engine: SSVI fit -> rho=-0.4198, eta=1.4066, gamma=0.0000 (points=172, theta range=[0.00757, 0.17194])
2026-08-25 21:56:26,411 [INFO] radar_engine: SSVI fit -> rho=-0.4221, eta=1.4029, gamma=0.0000 (points=171, theta range=[0.00757, 0.17191])
2026-08-25 21:56:27,349 [INFO] radar_engine: SSVI fit -> rho=-0.3840, eta=1.4451, gamma=0.0000 (points=172, theta range=[0.00753, 0.17211])
2026-08-25 21:56:29,064 [INFO] radar_engine: SSVI fit -> rho=-0.3811, eta=1.4480, gamma=0.0000 (points=172, theta range=[0.00757, 0.17208])
2026-08-25 21:56:30,535 [INFO] radar_engine: SSVI fit -> rho=-0.3766, eta=1.4463, gamma=0.0000 (points=172, theta range=[0.00760, 0.17217])
2026-08-25 21:56:32,043 [INFO] radar_engine: SSVI fit -> rho=-0.3608, eta=1.4647, gamma=0.0000 (points=172, theta range=[0.00760, 0.17220])
2026-08-25 21:56:33,663 [INFO] radar_engine: SSVI fit -> rho=-0.3538, eta=1.4773, gamma=0.0000 (points=172, theta range=[0.00759, 0.17225])
2026-08-25 21:56:35,484 [INFO] radar_engine: SSVI fit -> rho=-0.3515, eta=1.4777, gamma=0.0000 (points=172, theta range=[0.00757, 0.17228])
2026-08-25 21:56:37,679 [INFO] radar_engine: SSVI fit -> rho=-0.3714, eta=1.4533, gamma=0.0000 (points=172, theta range=[0.00758, 0.17220])
2026-08-25 21:56:39,584 [INFO] radar_engine: SSVI fit -> rho=-0.3982, eta=1.4304, gamma=0.0000 (points=172, theta range=[0.00760, 0.17211])
2026-08-25 21:56:41,174 [INFO] radar_engine: SSVI fit -> rho=-0.4052, eta=1.4208, gamma=0.0000 (points=172, theta range=[0.00761, 0.17205])
2026-08-25 21:56:42,566 [INFO] radar_engine: SSVI fit -> rho=-0.4092, eta=1.4190, gamma=0.0000 (points=172, theta range=[0.00761, 0.17205])
2026-08-25 21:56:44,095 [INFO] radar_engine: SSVI fit -> rho=-0.4061, eta=1.4198, gamma=0.0000 (points=172, theta range=[0.00759, 0.17205])
2026-08-25 21:56:45,482 [INFO] radar_engine: SSVI fit -> rho=-0.4157, eta=1.4127, gamma=0.0000 (points=172, theta range=[0.00760, 0.17202])
2026-08-25 21:56:46,918 [INFO] radar_engine: SSVI fit -> rho=-0.4261, eta=1.4017, gamma=0.0000 (points=172, theta range=[0.00758, 0.17197])
2026-08-25 21:56:48,358 [INFO] radar_engine: SSVI fit -> rho=-0.4308, eta=1.3975, gamma=0.0000 (points=171, theta range=[0.00757, 0.17191])
2026-08-25 21:56:49,777 [INFO] radar_engine: SSVI fit -> rho=-0.4521, eta=1.3743, gamma=0.0000 (points=171, theta range=[0.00758, 0.17186])
2026-08-25 21:56:51,095 [INFO] radar_engine: SSVI fit -> rho=-0.4492, eta=1.3797, gamma=0.0000 (points=171, theta range=[0.00758, 0.17182])
2026-08-25 21:56:52,611 [INFO] radar_engine: SSVI fit -> rho=-0.4392, eta=1.3891, gamma=0.0000 (points=171, theta range=[0.00757, 0.17189])
2026-08-25 21:56:53,081 [INFO] ib_insync.wrapper: updatePortfolio: PortfolioItem(contract=Stock(conId=4815747, symbol='NVDA', right='0', primaryExchange='NASDAQ', currency='USD', localSymbol='NVDA', tradingClass='NMS'), position=100.0, marketPrice=213.02001955, marketValue=21302.0, averageCost=207.20798, unrealizedPNL=581.2, realizedPNL=0.0, account='DUP435978')
2026-08-25 21:56:53,081 [INFO] ib_insync.wrapper: updatePortfolio: PortfolioItem(contract=Stock(conId=76792991, symbol='TSLA', right='0', primaryExchange='NASDAQ', currency='USD', localSymbol='TSLA', tradingClass='NMS'), position=3.0, marketPrice=350.01000975, marketValue=1050.03, averageCost=393.97333335, unrealizedPNL=-131.89, realizedPNL=0.0, account='DUP435978')
2026-08-25 21:56:53,850 [INFO] radar_engine: SSVI fit -> rho=-0.4163, eta=1.4120, gamma=0.0000 (points=172, theta range=[0.00755, 0.17197])
2026-08-25 21:56:55,379 [INFO] radar_engine: SSVI fit -> rho=-0.4129, eta=1.4143, gamma=0.0000 (points=172, theta range=[0.00754, 0.17202])
2026-08-25 21:56:57,565 [INFO] radar_engine: SSVI fit -> rho=-0.4322, eta=1.3965, gamma=0.0000 (points=172, theta range=[0.00755, 0.17194])
2026-08-25 21:56:59,163 [INFO] radar_engine: SSVI fit -> rho=-0.4247, eta=1.4006, gamma=0.0000 (points=172, theta range=[0.00755, 0.17194])
2026-08-25 21:57:00,811 [INFO] radar_engine: SSVI fit -> rho=-0.3901, eta=1.4371, gamma=0.0000 (points=172, theta range=[0.00754, 0.17211])
2026-08-25 21:57:02,516 [INFO] radar_engine: SSVI fit -> rho=-0.3938, eta=1.4322, gamma=0.0000 (points=172, theta range=[0.00754, 0.17211])
2026-08-25 21:57:04,156 [INFO] radar_engine: SSVI fit -> rho=-0.4031, eta=1.4247, gamma=0.0000 (points=172, theta range=[0.00758, 0.17205])
2026-08-25 21:57:05,684 [INFO] radar_engine: SSVI fit -> rho=-0.4331, eta=1.3941, gamma=0.0000 (points=172, theta range=[0.00755, 0.17194])
2026-08-25 21:57:07,173 [INFO] radar_engine: SSVI fit -> rho=-0.4205, eta=1.4078, gamma=0.0000 (points=172, theta range=[0.00755, 0.17197])
2026-08-25 21:57:08,546 [INFO] radar_engine: SSVI fit -> rho=-0.4531, eta=1.3763, gamma=0.0000 (points=171, theta range=[0.00756, 0.17186])
2026-08-25 21:57:10,027 [INFO] radar_engine: SSVI fit -> rho=-0.4763, eta=1.3503, gamma=0.0000 (points=171, theta range=[0.00759, 0.17177])
2026-08-25 21:57:11,510 [INFO] radar_engine: SSVI fit -> rho=-0.4725, eta=1.3572, gamma=0.0000 (points=171, theta range=[0.00761, 0.17175])
2026-08-25 21:57:13,079 [INFO] radar_engine: SSVI fit -> rho=-0.4667, eta=1.3587, gamma=0.0000 (points=171, theta range=[0.00760, 0.17180])
2026-08-25 21:57:14,792 [INFO] radar_engine: SSVI fit -> rho=-0.4396, eta=1.3849, gamma=0.0000 (points=171, theta range=[0.00760, 0.17182])
2026-08-25 21:57:16,456 [INFO] radar_engine: SSVI fit -> rho=-0.4381, eta=1.3903, gamma=0.0000 (points=171, theta range=[0.00759, 0.17189])
2026-08-25 21:57:18,146 [INFO] radar_engine: SSVI fit -> rho=-0.4188, eta=1.4096, gamma=0.0000 (points=172, theta range=[0.00757, 0.17197])
2026-08-25 21:57:19,762 [INFO] radar_engine: SSVI fit -> rho=-0.4021, eta=1.4258, gamma=0.0000 (points=172, theta range=[0.00754, 0.17202])
2026-08-25 21:57:21,412 [INFO] radar_engine: SSVI fit -> rho=-0.4183, eta=1.4079, gamma=0.0000 (points=172, theta range=[0.00755, 0.17197])
2026-08-25 21:57:23,145 [INFO] radar_engine: SSVI fit -> rho=-0.4147, eta=1.4137, gamma=0.0000 (points=172, theta range=[0.00755, 0.17197])
2026-08-25 21:57:24,795 [INFO] radar_engine: SSVI fit -> rho=-0.4181, eta=1.4078, gamma=0.0000 (points=172, theta range=[0.00755, 0.17197])
2026-08-25 21:57:26,453 [INFO] radar_engine: SSVI fit -> rho=-0.4262, eta=1.4010, gamma=0.0000 (points=172, theta range=[0.00755, 0.17194])
2026-08-25 21:57:28,128 [INFO] radar_engine: SSVI fit -> rho=-0.4255, eta=1.4021, gamma=0.0000 (points=172, theta range=[0.00755, 0.17194])
2026-08-25 21:57:29,778 [INFO] radar_engine: SSVI fit -> rho=-0.4229, eta=1.3999, gamma=0.0000 (points=172, theta range=[0.00755, 0.17194])
2026-08-25 21:57:31,447 [INFO] radar_engine: SSVI fit -> rho=-0.4254, eta=1.4026, gamma=0.0000 (points=172, theta range=[0.00755, 0.17194])
2026-08-25 21:57:33,196 [INFO] radar_engine: SSVI fit -> rho=-0.4429, eta=1.3861, gamma=0.0000 (points=171, theta range=[0.00756, 0.17189])
2026-08-25 21:57:34,829 [INFO] radar_engine: SSVI fit -> rho=-0.4293, eta=1.3981, gamma=0.0000 (points=172, theta range=[0.00755, 0.17194])
2026-08-25 21:57:36,562 [INFO] radar_engine: SSVI fit -> rho=-0.4383, eta=1.3902, gamma=0.0000 (points=171, theta range=[0.00755, 0.17191])
2026-08-25 21:57:38,229 [INFO] radar_engine: SSVI fit -> rho=-0.4238, eta=1.4035, gamma=0.0000 (points=172, theta range=[0.00755, 0.17194])
2026-08-25 21:57:39,978 [INFO] radar_engine: SSVI fit -> rho=-0.4227, eta=1.4053, gamma=0.0000 (points=172, theta range=[0.00755, 0.17197])
2026-08-25 21:57:41,659 [INFO] radar_engine: SSVI fit -> rho=-0.4134, eta=1.4142, gamma=0.0000 (points=172, theta range=[0.00755, 0.17200])
2026-08-25 21:57:43,398 [INFO] radar_engine: SSVI fit -> rho=-0.4169, eta=1.4115, gamma=0.0000 (points=172, theta range=[0.00755, 0.17197])
2026-08-25 21:57:45,045 [INFO] radar_engine: SSVI fit -> rho=-0.3977, eta=1.4297, gamma=0.0000 (points=172, theta range=[0.00754, 0.17207])
2026-08-25 21:57:46,745 [INFO] radar_engine: SSVI fit -> rho=-0.3857, eta=1.4427, gamma=0.0000 (points=172, theta range=[0.00755, 0.17211])
2026-08-25 21:57:48,378 [INFO] radar_engine: SSVI fit -> rho=-0.3927, eta=1.4344, gamma=0.0000 (points=172, theta range=[0.00755, 0.17211])
2026-08-25 21:57:50,095 [INFO] radar_engine: SSVI fit -> rho=-0.3635, eta=1.4668, gamma=0.0000 (points=172, theta range=[0.00759, 0.17225])
2026-08-25 21:57:51,878 [INFO] radar_engine: SSVI fit -> rho=-0.3844, eta=1.4438, gamma=0.0000 (points=172, theta range=[0.00760, 0.17214])
2026-08-25 21:57:53,608 [INFO] radar_engine: SSVI fit -> rho=-0.4058, eta=1.4221, gamma=0.0000 (points=172, theta range=[0.00761, 0.17205])
2026-08-25 21:57:55,245 [INFO] radar_engine: SSVI fit -> rho=-0.4264, eta=1.3970, gamma=0.0000 (points=172, theta range=[0.00757, 0.17194])
2026-08-25 21:57:56,934 [INFO] radar_engine: SSVI fit -> rho=-0.4043, eta=1.4199, gamma=0.0000 (points=172, theta range=[0.00756, 0.17205])
2026-08-25 21:57:58,584 [INFO] radar_engine: SSVI fit -> rho=-0.3885, eta=1.4351, gamma=0.0000 (points=172, theta range=[0.00757, 0.17211])
2026-08-25 21:58:00,278 [INFO] radar_engine: SSVI fit -> rho=-0.3868, eta=1.4419, gamma=0.0000 (points=172, theta range=[0.00760, 0.17214])
2026-08-25 21:58:02,028 [INFO] radar_engine: SSVI fit -> rho=-0.4245, eta=1.4021, gamma=0.0000 (points=172, theta range=[0.00760, 0.17197])
2026-08-25 21:58:03,761 [INFO] radar_engine: SSVI fit -> rho=-0.4162, eta=1.4115, gamma=0.0000 (points=172, theta range=[0.00760, 0.17200])
2026-08-25 21:58:05,412 [INFO] radar_engine: SSVI fit -> rho=-0.4219, eta=1.4042, gamma=0.0000 (points=172, theta range=[0.00760, 0.17197])
2026-08-25 21:58:07,044 [INFO] radar_engine: SSVI fit -> rho=-0.4455, eta=1.3779, gamma=0.0000 (points=171, theta range=[0.00756, 0.17182])
2026-08-25 21:58:08,678 [INFO] radar_engine: SSVI fit -> rho=-0.4452, eta=1.3802, gamma=0.0000 (points=171, theta range=[0.00758, 0.17182])
2026-08-25 21:58:10,328 [INFO] radar_engine: SSVI fit -> rho=-0.4593, eta=1.3680, gamma=0.0000 (points=171, theta range=[0.00758, 0.17182])
2026-08-25 21:58:12,067 [INFO] radar_engine: SSVI fit -> rho=-0.4420, eta=1.3815, gamma=0.0000 (points=171, theta range=[0.00759, 0.17186])
2026-08-25 21:58:13,761 [INFO] radar_engine: SSVI fit -> rho=-0.4267, eta=1.4012, gamma=0.0000 (points=171, theta range=[0.00759, 0.17191])
2026-08-25 21:58:15,379 [INFO] radar_engine: SSVI fit -> rho=-0.4190, eta=1.4075, gamma=0.0000 (points=172, theta range=[0.00759, 0.17194])
2026-08-25 21:58:17,028 [INFO] radar_engine: SSVI fit -> rho=-0.4187, eta=1.4082, gamma=0.0000 (points=172, theta range=[0.00758, 0.17197])
2026-08-25 21:58:18,645 [INFO] radar_engine: SSVI fit -> rho=-0.4061, eta=1.4169, gamma=0.0000 (points=172, theta range=[0.00758, 0.17073])
2026-08-25 21:58:20,344 [INFO] radar_engine: SSVI fit -> rho=-0.4136, eta=1.4119, gamma=0.0000 (points=172, theta range=[0.00756, 0.17073])
2026-08-25 21:58:22,011 [INFO] radar_engine: SSVI fit -> rho=-0.4087, eta=1.4182, gamma=0.0000 (points=172, theta range=[0.00756, 0.17073])
2026-08-25 21:58:23,728 [INFO] radar_engine: SSVI fit -> rho=-0.4192, eta=1.4078, gamma=0.0000 (points=172, theta range=[0.00757, 0.17067])
2026-08-25 21:58:25,411 [INFO] radar_engine: SSVI fit -> rho=-0.4314, eta=1.3968, gamma=0.0000 (points=172, theta range=[0.00759, 0.17065])
2026-08-25 21:58:27,078 [INFO] radar_engine: SSVI fit -> rho=-0.4112, eta=1.4168, gamma=0.0001 (points=172, theta range=[0.00758, 0.17070])
2026-08-25 21:58:28,711 [INFO] radar_engine: SSVI fit -> rho=-0.4257, eta=1.4028, gamma=0.0000 (points=172, theta range=[0.00758, 0.17067])
2026-08-25 21:58:30,478 [INFO] radar_engine: SSVI fit -> rho=-0.4425, eta=1.3777, gamma=0.0000 (points=171, theta range=[0.00759, 0.17062])
2026-08-25 21:58:32,145 [INFO] radar_engine: SSVI fit -> rho=-0.4378, eta=1.3858, gamma=0.0000 (points=171, theta range=[0.00757, 0.17062])
2026-08-25 21:58:33,794 [INFO] radar_engine: SSVI fit -> rho=-0.4470, eta=1.3812, gamma=0.0000 (points=171, theta range=[0.00759, 0.17059])
2026-08-25 21:58:35,461 [INFO] radar_engine: SSVI fit -> rho=-0.4463, eta=1.3824, gamma=0.0000 (points=171, theta range=[0.00759, 0.17059])
2026-08-25 21:58:37,150 [INFO] radar_engine: SSVI fit -> rho=-0.4579, eta=1.3707, gamma=0.0000 (points=171, theta range=[0.00760, 0.17053])
2026-08-25 21:58:38,844 [INFO] radar_engine: SSVI fit -> rho=-0.4494, eta=1.3792, gamma=0.0000 (points=171, theta range=[0.00759, 0.17056])
2026-08-25 21:58:40,585 [INFO] radar_engine: SSVI fit -> rho=-0.4623, eta=1.3649, gamma=0.0000 (points=171, theta range=[0.00760, 0.17053])
2026-08-25 21:58:42,311 [INFO] radar_engine: SSVI fit -> rho=-0.4770, eta=1.3541, gamma=0.0000 (points=171, theta range=[0.00760, 0.17047])
2026-08-25 21:58:44,051 [INFO] radar_engine: SSVI fit -> rho=-0.4738, eta=1.3561, gamma=0.0000 (points=171, theta range=[0.00761, 0.17045])
2026-08-25 21:58:45,704 [INFO] radar_engine: SSVI fit -> rho=-0.4786, eta=1.3524, gamma=0.0000 (points=171, theta range=[0.00761, 0.17045])
2026-08-25 21:58:47,403 [INFO] radar_engine: SSVI fit -> rho=-0.5124, eta=1.3200, gamma=0.0000 (points=171, theta range=[0.00762, 0.17031])
2026-08-25 21:58:49,145 [INFO] radar_engine: SSVI fit -> rho=-0.4913, eta=1.3386, gamma=0.0000 (points=171, theta range=[0.00765, 0.17031])
2026-08-25 21:58:50,811 [INFO] radar_engine: SSVI fit -> rho=-0.4842, eta=1.3469, gamma=0.0001 (points=171, theta range=[0.00765, 0.17033])
2026-08-25 21:58:52,484 [INFO] radar_engine: SSVI fit -> rho=-0.4765, eta=1.3516, gamma=0.0000 (points=171, theta range=[0.00765, 0.17036])
2026-08-25 21:58:54,106 [INFO] radar_engine: SSVI fit -> rho=-0.4830, eta=1.3386, gamma=0.0000 (points=171, theta range=[0.00765, 0.17039])
2026-08-25 21:58:55,744 [INFO] radar_engine: SSVI fit -> rho=-0.4600, eta=1.3678, gamma=0.0000 (points=171, theta range=[0.00760, 0.17050])
2026-08-25 21:58:57,462 [INFO] radar_engine: SSVI fit -> rho=-0.4584, eta=1.3690, gamma=0.0000 (points=171, theta range=[0.00760, 0.17047])
2026-08-25 21:58:59,144 [INFO] radar_engine: SSVI fit -> rho=-0.4599, eta=1.3700, gamma=0.0000 (points=171, theta range=[0.00760, 0.17047])
2026-08-25 21:59:00,827 [INFO] radar_engine: SSVI fit -> rho=-0.4388, eta=1.3886, gamma=0.0000 (points=171, theta range=[0.00759, 0.17056])
2026-08-25 21:59:02,419 [INFO] radar_engine: SSVI fit -> rho=-0.4211, eta=1.4067, gamma=0.0000 (points=171, theta range=[0.00759, 0.17062])
2026-08-25 21:59:04,044 [INFO] radar_engine: SSVI fit -> rho=-0.4190, eta=1.4094, gamma=0.0000 (points=172, theta range=[0.00760, 0.17065])
2026-08-25 21:59:05,627 [INFO] radar_engine: SSVI fit -> rho=-0.4379, eta=1.3889, gamma=0.0000 (points=171, theta range=[0.00761, 0.17056])
2026-08-25 21:59:07,323 [INFO] radar_engine: SSVI fit -> rho=-0.4473, eta=1.3790, gamma=0.0000 (points=171, theta range=[0.00763, 0.17050])
2026-08-25 21:59:08,915 [INFO] radar_engine: SSVI fit -> rho=-0.4464, eta=1.3806, gamma=0.0000 (points=171, theta range=[0.00763, 0.17053])
2026-08-25 21:59:10,535 [INFO] radar_engine: SSVI fit -> rho=-0.4476, eta=1.3803, gamma=0.0000 (points=171, theta range=[0.00763, 0.17053])
2026-08-25 21:59:12,115 [INFO] radar_engine: SSVI fit -> rho=-0.4421, eta=1.3821, gamma=0.0000 (points=171, theta range=[0.00763, 0.17056])
2026-08-25 21:59:13,518 [INFO] radar_engine: SSVI fit -> rho=-0.4445, eta=1.3846, gamma=0.0000 (points=171, theta range=[0.00763, 0.17056])
2026-08-25 21:59:15,006 [INFO] radar_engine: SSVI fit -> rho=-0.4407, eta=1.3872, gamma=0.0000 (points=171, theta range=[0.00763, 0.17053])
2026-08-25 21:59:16,546 [INFO] radar_engine: SSVI fit -> rho=-0.4428, eta=1.3840, gamma=0.0000 (points=171, theta range=[0.00760, 0.17053])
2026-08-25 21:59:18,040 [INFO] radar_engine: SSVI fit -> rho=-0.4371, eta=1.3907, gamma=0.0000 (points=171, theta range=[0.00759, 0.17056])
2026-08-25 21:59:19,617 [INFO] radar_engine: SSVI fit -> rho=-0.4268, eta=1.4007, gamma=0.0000 (points=171, theta range=[0.00759, 0.17059])
2026-08-25 21:59:20,960 [INFO] radar_engine: SSVI fit -> rho=-0.4328, eta=1.3918, gamma=0.0000 (points=171, theta range=[0.00759, 0.17056])
2026-08-25 21:59:22,457 [INFO] radar_engine: SSVI fit -> rho=-0.4217, eta=1.4063, gamma=0.0000 (points=172, theta range=[0.00759, 0.17065])
2026-08-25 21:59:23,904 [INFO] radar_engine: SSVI fit -> rho=-0.4216, eta=1.3961, gamma=0.0000 (points=172, theta range=[0.00759, 0.17065])
2026-08-25 21:59:25,342 [INFO] radar_engine: SSVI fit -> rho=-0.4227, eta=1.4008, gamma=0.0000 (points=172, theta range=[0.00757, 0.17065])
2026-08-25 21:59:26,748 [INFO] radar_engine: SSVI fit -> rho=-0.4100, eta=1.4150, gamma=0.0000 (points=172, theta range=[0.00760, 0.17070])
2026-08-25 21:59:28,054 [INFO] radar_engine: SSVI fit -> rho=-0.4015, eta=1.4259, gamma=0.0000 (points=172, theta range=[0.00762, 0.17070])
2026-08-25 21:59:29,754 [INFO] radar_engine: SSVI fit -> rho=-0.4152, eta=1.4128, gamma=0.0000 (points=172, theta range=[0.00762, 0.17065])
2026-08-25 21:59:31,257 [INFO] radar_engine: SSVI fit -> rho=-0.3869, eta=1.4412, gamma=0.0000 (points=172, theta range=[0.00764, 0.17081])
2026-08-25 21:59:32,771 [INFO] radar_engine: SSVI fit -> rho=-0.4045, eta=1.4238, gamma=0.0000 (points=172, theta range=[0.00764, 0.17076])
2026-08-25 21:59:34,243 [INFO] radar_engine: SSVI fit -> rho=-0.4221, eta=1.4062, gamma=0.0000 (points=172, theta range=[0.00763, 0.17070])
2026-08-25 21:59:35,841 [INFO] radar_engine: SSVI fit -> rho=-0.4566, eta=1.3707, gamma=0.0000 (points=171, theta range=[0.00766, 0.17056])
2026-08-25 21:59:37,185 [INFO] radar_engine: SSVI fit -> rho=-0.4499, eta=1.3773, gamma=0.0000 (points=171, theta range=[0.00763, 0.17053])
2026-08-25 21:59:38,781 [INFO] radar_engine: SSVI fit -> rho=-0.4683, eta=1.3546, gamma=0.0000 (points=171, theta range=[0.00764, 0.17047])
2026-08-25 21:59:40,110 [INFO] radar_engine: SSVI fit -> rho=-0.4376, eta=1.3881, gamma=0.0000 (points=171, theta range=[0.00763, 0.17059])
2026-08-25 21:59:41,477 [INFO] radar_engine: SSVI fit -> rho=-0.4740, eta=1.3564, gamma=0.0000 (points=171, theta range=[0.00764, 0.17045])
2026-08-25 21:59:42,693 [INFO] radar_engine: SSVI fit -> rho=-0.4986, eta=1.3346, gamma=0.0000 (points=171, theta range=[0.00765, 0.17031])
2026-08-25 21:59:43,977 [INFO] radar_engine: SSVI fit -> rho=-0.4955, eta=1.3352, gamma=0.0000 (points=171, theta range=[0.00765, 0.17036])
2026-08-25 21:59:45,411 [INFO] radar_engine: SSVI fit -> rho=-0.5219, eta=1.3137, gamma=0.0000 (points=170, theta range=[0.00766, 0.17022])
2026-08-25 21:59:46,331 [INFO] radar_engine: SSVI fit -> rho=-0.5411, eta=1.2969, gamma=0.0000 (points=170, theta range=[0.00764, 0.17006])
2026-08-25 21:59:47,043 [INFO] radar_engine: SSVI fit -> rho=-0.5366, eta=1.2987, gamma=0.0000 (points=170, theta range=[0.00766, 0.17008])
2026-08-25 21:59:47,846 [INFO] radar_engine: SSVI fit -> rho=-0.5479, eta=1.2914, gamma=0.0000 (points=170, theta range=[0.00764, 0.17006])
2026-08-25 21:59:48,810 [INFO] radar_engine: SSVI fit -> rho=-0.5126, eta=1.3137, gamma=0.0000 (points=170, theta range=[0.00763, 0.17017])
2026-08-25 21:59:49,743 [INFO] radar_engine: SSVI fit -> rho=-0.4797, eta=1.3500, gamma=0.0000 (points=170, theta range=[0.00762, 0.17028])
2026-08-25 21:59:50,704 [INFO] radar_engine: SSVI fit -> rho=-0.4935, eta=1.3390, gamma=0.0000 (points=170, theta range=[0.00762, 0.17025])
2026-08-25 21:59:51,760 [INFO] radar_engine: SSVI fit -> rho=-0.4463, eta=1.3794, gamma=0.0000 (points=170, theta range=[0.00762, 0.17045])
2026-08-25 21:59:52,524 [INFO] ib_insync.wrapper: updatePortfolio: PortfolioItem(contract=Stock(conId=4815747, symbol='NVDA', right='0', primaryExchange='NASDAQ', currency='USD', localSymbol='NVDA', tradingClass='NMS'), position=100.0, marketPrice=213.0700073, marketValue=21307.0, averageCost=207.20798, unrealizedPNL=586.2, realizedPNL=0.0, account='DUP435978')
2026-08-25 21:59:52,524 [INFO] ib_insync.wrapper: updatePortfolio: PortfolioItem(contract=Stock(conId=76792991, symbol='TSLA', right='0', primaryExchange='NASDAQ', currency='USD', localSymbol='TSLA', tradingClass='NMS'), position=3.0, marketPrice=350.2000122, marketValue=1050.6, averageCost=393.97333335, unrealizedPNL=-131.32, realizedPNL=0.0, account='DUP435978')
2026-08-25 21:59:53,705 [INFO] radar_engine: SSVI fit -> rho=-0.4170, eta=1.4103, gamma=0.0000 (points=170, theta range=[0.00761, 0.17059])
2026-08-25 21:59:55,528 [INFO] radar_engine: SSVI fit -> rho=-0.4259, eta=1.4001, gamma=0.0000 (points=170, theta range=[0.00760, 0.17053])
2026-08-25 21:59:57,115 [INFO] radar_engine: SSVI fit -> rho=-0.4101, eta=1.4181, gamma=0.0000 (points=171, theta range=[0.00759, 0.17065])
2026-08-25 21:59:58,610 [INFO] radar_engine: SSVI fit -> rho=-0.4153, eta=1.4125, gamma=0.0000 (points=171, theta range=[0.00762, 0.17062])
2026-08-25 22:00:00,125 [INFO] radar_engine: SSVI fit -> rho=-0.4121, eta=1.4126, gamma=0.0000 (points=171, theta range=[0.00762, 0.17065])
2026-08-25 22:00:14,172 [INFO] ib_insync.wrapper: updatePortfolio: PortfolioItem(contract=Stock(conId=4815747, symbol='NVDA', right='0', primaryExchange='NASDAQ', currency='USD', localSymbol='NVDA', tradingClass='NMS'), position=100.0, marketPrice=213.05000305, marketValue=21305.0, averageCost=207.20798, unrealizedPNL=584.2, realizedPNL=0.0, account='DUP435978')
2026-08-25 22:00:14,172 [INFO] ib_insync.wrapper: updatePortfolio: PortfolioItem(contract=Stock(conId=76792991, symbol='TSLA', right='0', primaryExchange='NASDAQ', currency='USD', localSymbol='TSLA', tradingClass='NMS'), position=3.0, marketPrice=350.269989, marketValue=1050.81, averageCost=393.97333335, unrealizedPNL=-131.11, realizedPNL=0.0, account='DUP435978')
2026-08-25 22:00:43,809 [INFO] trading_bot: Shutting down terminal safely...
2026-08-25 22:00:43,809 [INFO] ib_insync.ib: Disconnecting from 127.0.0.1:4002, 94.5 kB sent in 1409 messages, 12.4 MB received in 175251 messages, session time 301 s.
2026-08-25 22:00:43,809 [INFO] ib_insync.client: Disconnecting
